solid auto-kdk-case
facet normal 0 0 1
outer loop
vertex 0.43071362376213074 42.63948059082031 0
vertex -2.433187961578369 41.59489822387695 0
vertex -0.9350441098213196 41.27145004272461 0
endloop
endfacet
facet normal 1.8465555769684565e-14 7.838060281241044e-15 1
outer loop
vertex 60.719539642333984 54.41657638549805 -3.011814362903313e-14
vertex 59.443870544433594 53.57935333251953 0
vertex 67.62146759033203 34.31388854980469 0
endloop
endfacet
facet normal 0.9998367580625173 -0.01806812737286185 5.230763062974443e-7
outer loop
vertex 70.1139907836914 33.464698791503906 -1
vertex 70.11754608154297 33.66127014160156 -6.814230918884277
vertex 70.13298797607422 34.51578140258789 -6.72908353805542
endloop
endfacet
facet normal 0 -1 0
outer loop
vertex 25.78357696533203 -56.92213439941406 -4.949999809265137
vertex 35.592044830322266 -56.92213439941406 -5
vertex 35.592044830322266 -56.92213439941406 -4
endloop
endfacet
facet normal -2.9602800909837706e-14 -8.439994110476673e-14 1
outer loop
vertex 60.331947326660156 54.820159912109375 -7.529535907258283e-15
vertex 57.1906852722168 56.00959014892578 -1.31849175039384e-16
vertex 60.719539642333984 54.41657638549805 -3.011814362903313e-14
endloop
endfacet
facet normal 1.4181278329780428e-14 1.4365974577764543e-14 1
outer loop
vertex 59.24685287475586 53.77383804321289 0
vertex 59.443870544433594 53.57935333251953 0
vertex 60.719539642333984 54.41657638549805 -3.011814362903313e-14
endloop
endfacet
facet normal 0 -1 0
outer loop
vertex 25.78357696533203 -56.92213439941406 -4.949999809265137
vertex 25.78357696533203 -56.92213439941406 -9.949999809265137
vertex 35.592044830322266 -56.92213439941406 -5
endloop
endfacet
facet normal 5.10612739991868e-16 -4.8710030468658555e-15 1
outer loop
vertex 57.81752014160156 55.99409484863281 -5.27396700157536e-16
vertex 57.1906852722168 56.00959014892578 -1.31849175039384e-16
vertex 60.331947326660156 54.820159912109375 -7.529535907258283e-15
endloop
endfacet
facet normal 0 -1 0
outer loop
vertex -52.80636978149414 -56.92213439941406 -1
vertex 24.28357696533203 -56.92213439941406 -3.450000047683716
vertex 37.092044830322266 -56.92213439941406 -1
endloop
endfacet
facet normal 1.4575187180145114e-14 1.3463423238596702e-14 1
outer loop
vertex 59.24685287475586 53.77383804321289 0
vertex 60.719539642333984 54.41657638549805 -3.011814362903313e-14
vertex 57.1906852722168 56.00959014892578 -1.31849175039384e-16
endloop
endfacet
facet normal 3.8706917746190736e-17 9.457089842964812e-17 1
outer loop
vertex 57.1906852722168 56.00959014892578 -1.31849175039384e-16
vertex 57.46703338623047 54.50230026245117 0
vertex 59.24685287475586 53.77383804321289 0
endloop
endfacet
facet normal -1.711000339870839e-19 8.744296173575117e-17 1
outer loop
vertex 57.1906852722168 56.00959014892578 -1.31849175039384e-16
vertex 57.1901969909668 54.50175857543945 0
vertex 57.46703338623047 54.50230026245117 0
endloop
endfacet
facet normal 0 0 1
outer loop
vertex 35.73849105834961 -55.575687408447266 0
vertex -50.21642303466797 -54.782135009765625 0
vertex 35.90070343017578 -55.68407440185547 0
endloop
endfacet
facet normal 0 0 1
outer loop
vertex 35.90070343017578 -55.68407440185547 0
vertex -50.21642303466797 -54.782135009765625 0
vertex 36.092044830322266 -55.72213363647461 0
endloop
endfacet
facet normal 0 0 1
outer loop
vertex 36.092044830322266 -55.72213363647461 0
vertex -50.21642303466797 -54.782135009765625 0
vertex 41.19204330444336 -55.92213439941406 0
endloop
endfacet
facet normal 0 -1 0
outer loop
vertex 25.669397354125977 -56.92213439941406 -4.375974655151367
vertex 25.78357696533203 -56.92213439941406 -4.949999809265137
vertex 41.19204330444336 -56.92213439941406 -1.6661099195480347
endloop
endfacet
facet normal 0 -1 0
outer loop
vertex 25.34423828125 -56.92213439941406 -3.8893399238586426
vertex 25.669397354125977 -56.92213439941406 -4.375974655151367
vertex 41.19204330444336 -56.92213439941406 -1.6661099195480347
endloop
endfacet
facet normal 0 -1 0
outer loop
vertex 41.19204330444336 -56.92213439941406 -1.6661099195480347
vertex 25.78357696533203 -56.92213439941406 -4.949999809265137
vertex 35.592044830322266 -56.92213439941406 -4
endloop
endfacet
facet normal -0.9241589495022363 -0.3820081459949115 -0.00011157263625682431
outer loop
vertex -70.04214477539062 -53.18439483642578 -15.412992477416992
vertex -69.72624206542969 -53.9486083984375 -15.48927116394043
vertex -69.66149139404297 -54.10526657104492 -15.446378707885742
endloop
endfacet
facet normal -0.7071219882589534 -0.7070915737690063 -0.000005057085979709986
outer loop
vertex -67.22522735595703 -56.54153060913086 -15.652257919311523
vertex -69.66149139404297 -54.10526657104492 -1
vertex -67.3091049194336 -56.45764923095703 -15.681177139282227
endloop
endfacet
facet normal -0.7071062078535484 -0.7071073545190819 0
outer loop
vertex -69.66149139404297 -54.10526657104492 -15.446378707885742
vertex -67.3091049194336 -56.45764923095703 -15.681177139282227
vertex -69.66149139404297 -54.10526657104492 -1
endloop
endfacet
facet normal -0.3826823091018113 -0.9238799977813709 0
outer loop
vertex -67.22522735595703 -56.54153060913086 -15.652257919311523
vertex -66.35568237304688 -56.90170669555664 -15.688207626342773
vertex -67.22522735595703 -56.54153060913086 -1
endloop
endfacet
facet normal -0.3827361467783578 -0.9238576957168847 -0.000003734080647121174
outer loop
vertex -67.22522735595703 -56.54153060913086 -1
vertex -66.35568237304688 -56.90170669555664 -15.688207626342773
vertex -66.3063735961914 -56.92213439941406 -15.67745304107666
endloop
endfacet
facet normal -0.9241575271941397 -0.382011603135838 0
outer loop
vertex -70.04214477539062 -53.18439483642578 -15.412992477416992
vertex -69.66149139404297 -54.10526657104492 -15.446378707885742
vertex -70.04214477539062 -53.18439483642578 -1
endloop
endfacet
facet normal 0 -1 0
outer loop
vertex -66.3063735961914 -56.92213439941406 -15.67745304107666
vertex 10.897758483886719 -56.92213439941406 -10.524024963378906
vertex -63.30636978149414 -56.92213439941406 -5
endloop
endfacet
facet normal 0 -1 0
outer loop
vertex 24.857603073120117 -56.92213439941406 -3.564180612564087
vertex 25.34423828125 -56.92213439941406 -3.8893399238586426
vertex 41.19204330444336 -56.92213439941406 -1.6661099195480347
endloop
endfacet
facet normal 0 -1 0
outer loop
vertex 24.28357696533203 -56.92213439941406 -3.450000047683716
vertex 24.857603073120117 -56.92213439941406 -3.564180612564087
vertex 41.19204330444336 -56.92213439941406 -1.6661099195480347
endloop
endfacet
facet normal -0.9999989418364001 0.001454456780769494 -0.00002969095376241886
outer loop
vertex -70.04185485839844 -52.98616409301758 -15.466835021972656
vertex -70.04214477539062 -53.18439483642578 -15.412992477416992
vertex -69.93405151367188 21.284406661987305 -8.053647994995117
endloop
endfacet
facet normal 0 1 0
outer loop
vertex -5.813465595245361 24.72786521911621 -7.933074951171875
vertex -56.30636978149414 24.72786521911621 -7.933074951171875
vertex -56.30636978149414 24.72786521911621 -3.5
endloop
endfacet
facet normal -0.0023517286542128657 0.9999972346726749 -0.000004397760660364634
outer loop
vertex 0.2590579092502594 45.24525451660156 -5.885227203369141
vertex 0.2168523371219635 45.245155334472656 -5.8683552742004395
vertex 19.212011337280273 45.28984832763672 -1
endloop
endfacet
facet normal -0.0023528621947778478 0.9999972320159153 0
outer loop
vertex 0.2590579092502594 45.24525451660156 -5.885227203369141
vertex 19.212011337280273 45.28984832763672 -1
vertex 19.212011337280273 45.28984832763672 -5.908479690551758
endloop
endfacet
facet normal 0 -1 0
outer loop
vertex 24.28357696533203 -56.92213439941406 -3.450000047683716
vertex 37.83926773071289 -56.92213439941406 -1.5589157342910767
vertex 37.092044830322266 -56.92213439941406 -1.5076520442962646
endloop
endfacet
facet normal -0.10236904351896896 0.9947464897796882 0
outer loop
vertex 19.46137046813965 45.31550979614258 -5.900317668914795
vertex 19.212011337280273 45.28984832763672 -5.908479690551758
vertex 19.46137046813965 45.31550979614258 -1
endloop
endfacet
facet normal 0 -1 0
outer loop
vertex 37.83926773071289 -56.92213439941406 -1.5589157342910767
vertex 24.28357696533203 -56.92213439941406 -3.450000047683716
vertex 38.55113220214844 -56.92213439941406 -1.5949000120162964
endloop
endfacet
facet normal 0 -1 0
outer loop
vertex 38.55113220214844 -56.92213439941406 -1.5949000120162964
vertex 24.28357696533203 -56.92213439941406 -3.450000047683716
vertex 39.22623825073242 -56.92213439941406 -1.6254053115844727
endloop
endfacet
facet normal 0 -1 0
outer loop
vertex -66.3063735961914 -56.92213439941406 -15.67745304107666
vertex 12.283576965332031 -56.92213439941406 -11.449999809265137
vertex 11.709551811218262 -56.92213439941406 -11.335819244384766
endloop
endfacet
facet normal 0 -1 0
outer loop
vertex -66.3063735961914 -56.92213439941406 -15.67745304107666
vertex 11.709551811218262 -56.92213439941406 -11.335819244384766
vertex 11.222917556762695 -56.92213439941406 -11.010660171508789
endloop
endfacet
facet normal 0 -1 0
outer loop
vertex 12.283576965332031 -56.92213439941406 -11.449999809265137
vertex -66.3063735961914 -56.92213439941406 -15.67745304107666
vertex 50.592044830322266 -56.92213439941406 -15.67745304107666
endloop
endfacet
facet normal -0.2013325666754256 0.9795229438843612 0
outer loop
vertex 19.703271865844727 45.365230560302734 -5.86833381652832
vertex 19.46137046813965 45.31550979614258 -5.900317668914795
vertex 19.46137046813965 45.31550979614258 -1
endloop
endfacet
facet normal -0.9140223739628527 0.4056637769080586 0
outer loop
vertex -69.50569915771484 22.249549865722656 -1
vertex -69.93405151367188 21.284406661987305 -8.053647994995117
vertex -69.93405151367188 21.284406661987305 -1
endloop
endfacet
facet normal -0.6719445898736213 0.740601423263263 0
outer loop
vertex -67.1439437866211 24.39236068725586 -1
vertex -69.50569915771484 22.249549865722656 -8.041687965393066
vertex -69.50569915771484 22.249549865722656 -1
endloop
endfacet
facet normal 0 -1 0
outer loop
vertex 39.22623825073242 -56.92213439941406 -1.6254053115844727
vertex 24.28357696533203 -56.92213439941406 -3.450000047683716
vertex 40.445919036865234 -56.92213439941406 -1.6591570377349854
endloop
endfacet
facet normal 0 -1 0
outer loop
vertex 10.897758483886719 -56.92213439941406 -10.524024963378906
vertex -66.3063735961914 -56.92213439941406 -15.67745304107666
vertex 11.222917556762695 -56.92213439941406 -11.010660171508789
endloop
endfacet
facet normal 0 -1 0
outer loop
vertex 37.092044830322266 -56.92213439941406 -1
vertex 24.28357696533203 -56.92213439941406 -3.450000047683716
vertex 37.092044830322266 -56.92213439941406 -1.5076520442962646
endloop
endfacet
facet normal 0 0 1
outer loop
vertex 10.783576965332031 -54.782135009765625 0
vertex 35.73849105834961 -55.575687408447266 0
vertex 35.630104064941406 -55.413475036621094 0
endloop
endfacet
facet normal 0 0 1
outer loop
vertex 10.783576965332031 -54.782135009765625 0
vertex 35.630104064941406 -55.413475036621094 0
vertex 35.592044830322266 -55.22213363647461 0
endloop
endfacet
facet normal 0 -1 0
outer loop
vertex -63.30636978149414 -56.92213439941406 -5
vertex -63.30636978149414 -56.92213439941406 -4
vertex -66.3063735961914 -56.92213439941406 -15.67745304107666
endloop
endfacet
facet normal 0 -1 0
outer loop
vertex -63.30636978149414 -56.92213439941406 -4
vertex -66.3063735961914 -56.92213439941406 -1
vertex -66.3063735961914 -56.92213439941406 -15.67745304107666
endloop
endfacet
facet normal -0.7071067811865475 -0.7071067811865475 0
outer loop
vertex -69.66149139404297 -54.10526657104492 -1
vertex -67.22522735595703 -56.54153060913086 -15.652257919311523
vertex -67.22522735595703 -56.54153060913086 -1
endloop
endfacet
facet normal -0.38268523561671136 -0.923878785577947 0
outer loop
vertex -67.22522735595703 -56.54153060913086 -1
vertex -66.3063735961914 -56.92213439941406 -15.67745304107666
vertex -66.3063735961914 -56.92213439941406 -1
endloop
endfacet
facet normal -0.9241575271941397 -0.382011603135838 0
outer loop
vertex -70.04214477539062 -53.18439483642578 -1
vertex -69.66149139404297 -54.10526657104492 -15.446378707885742
vertex -69.66149139404297 -54.10526657104492 -1
endloop
endfacet
facet normal 0 0 1
outer loop
vertex 35.592044830322266 -54.782135009765625 0
vertex 10.783576965332031 -54.782135009765625 0
vertex 35.592044830322266 -55.22213363647461 0
endloop
endfacet
facet normal -0.002352855769981807 0.999997232031032 0
outer loop
vertex 19.212011337280273 45.28984832763672 -1
vertex 0.2168523371219635 45.245155334472656 -5.8683552742004395
vertex 0.2168523371219635 45.245155334472656 -1
endloop
endfacet
facet normal 0.7212541123536546 0.6926705605213361 0
outer loop
vertex 61.569984436035156 54.974727630615234 -4.771026134490967
vertex 61.44352340698242 55.106407165527344 -4.826716423034668
vertex 61.569984436035156 54.974727630615234 -1
endloop
endfacet
facet normal 0.9224603636794594 0.3860917992399728 0
outer loop
vertex 70.13298797607422 34.51578140258789 -1
vertex 61.569984436035156 54.974727630615234 -4.771026134490967
vertex 61.569984436035156 54.974727630615234 -1
endloop
endfacet
facet normal 0.7212496137858608 0.6926752446951506 -5.098364121089032e-7
outer loop
vertex 61.569984436035156 54.974727630615234 -1
vertex 60.92399597167969 55.647361755371094 -4.772721767425537
vertex 61.23865509033203 55.319725036621094 -1
endloop
endfacet
facet normal 0.7212466808166969 0.6926782986429543 0
outer loop
vertex 60.92399597167969 55.647361755371094 -4.772721767425537
vertex 60.92399597167969 55.647361755371094 -1
vertex 61.23865509033203 55.319725036621094 -1
endloop
endfacet
facet normal 0.42304505658250585 0.9061086469629922 0
outer loop
vertex 60.92399597167969 55.647361755371094 -1
vertex 58.05118179321289 56.988624572753906 -4.689764022827148
vertex 58.05118179321289 56.988624572753906 -1
endloop
endfacet
facet normal 0.02471229848062984 0.9996946045187021 0
outer loop
vertex 58.05118179321289 56.988624572753906 -1
vertex 57.00645446777344 57.01445007324219 -4.692045211791992
vertex 57.00645446777344 57.01445007324219 -1
endloop
endfacet
facet normal -0.3601385238380857 0.9328988389143406 0
outer loop
vertex -66.27485656738281 24.72786521911621 -1
vertex -67.1439437866211 24.39236068725586 -7.903592586517334
vertex -67.1439437866211 24.39236068725586 -1
endloop
endfacet
facet normal 0.4230438324345862 0.9061092184935864 0
outer loop
vertex 60.92399597167969 55.647361755371094 -4.772721767425537
vertex 60.80570983886719 55.70258712768555 -4.818127632141113
vertex 60.92399597167969 55.647361755371094 -1
endloop
endfacet
facet normal 0.7212467675792005 0.6926782083018773 5.058864327493885e-7
outer loop
vertex 61.44352340698242 55.106407165527344 -4.826716423034668
vertex 60.92399597167969 55.647361755371094 -4.772721767425537
vertex 61.569984436035156 54.974727630615234 -1
endloop
endfacet
facet normal 0.42304510730980166 0.9061086232793706 -4.8104988471860584e-8
outer loop
vertex 58.05118179321289 56.988624572753906 -4.689764022827148
vertex 60.92399597167969 55.647361755371094 -1
vertex 60.80570983886719 55.70258712768555 -4.818127632141113
endloop
endfacet
facet normal 0.02471089571796865 0.9996946391937969 0
outer loop
vertex 58.05118179321289 56.988624572753906 -4.689764022827148
vertex 57.999019622802734 56.98991394042969 -4.712818145751953
vertex 58.05118179321289 56.988624572753906 -1
endloop
endfacet
facet normal 0.024710490294889618 0.9996946492151422 5.6993550733481465e-9
outer loop
vertex 57.999019622802734 56.98991394042969 -4.712818145751953
vertex 57.047584533691406 57.013431549072266 -4.710470199584961
vertex 58.05118179321289 56.988624572753906 -1
endloop
endfacet
facet normal 0.024750999574955284 0.9996936470239104 -0.000010957833999214936
outer loop
vertex 57.047584533691406 57.013431549072266 -4.710470199584961
vertex 57.00645446777344 57.01445007324219 -4.692045211791992
vertex 58.05118179321289 56.988624572753906 -1
endloop
endfacet
facet normal -0.36013852383808564 0.9328988389143404 0
outer loop
vertex -66.27485656738281 24.72786521911621 -7.916396617889404
vertex -67.1439437866211 24.39236068725586 -7.903592586517334
vertex -66.27485656738281 24.72786521911621 -1
endloop
endfacet
facet normal 0.9999990699422638 -0.0013637942779180844 0.000013408016582062108
outer loop
vertex 54.251285552978516 -53.47850799560547 -15.437984466552734
vertex 54.251556396484375 -53.280479431152344 -15.495638847351074
vertex 54.354679107666016 22.408288955688477 -7.940907955169678
endloop
endfacet
facet normal 2.347297898846291e-12 8.074044250507817e-13 1
outer loop
vertex 69.12935638427734 34.323638916015625 -3.5473366865462763e-12
vertex 60.719539642333984 54.41657638549805 -3.011814362903313e-14
vertex 67.62146759033203 34.31388854980469 0
endloop
endfacet
facet normal 0 -1 0
outer loop
vertex 47.592044830322266 -56.92213439941406 -5
vertex 50.592044830322266 -56.92213439941406 -15.67745304107666
vertex 50.592044830322266 -56.92213439941406 -1
endloop
endfacet
facet normal -0.6719445898736213 0.7406014232632631 0
outer loop
vertex -67.1439437866211 24.39236068725586 -7.903592586517334
vertex -69.50569915771484 22.249549865722656 -8.041687965393066
vertex -67.1439437866211 24.39236068725586 -1
endloop
endfacet
facet normal 1.2838955091043386e-12 5.6016729924556774e-12 1
outer loop
vertex 69.12935638427734 34.323638916015625 -3.5473366865462763e-12
vertex 67.6239013671875 34.035423278808594 0
vertex 69.11795043945312 33.692989349365234 0
endloop
endfacet
facet normal 2.3523858228099515e-12 2.0559770883486522e-14 1
outer loop
vertex 67.62146759033203 34.31388854980469 0
vertex 67.6239013671875 34.035423278808594 0
vertex 69.12935638427734 34.323638916015625 -3.5473366865462763e-12
endloop
endfacet
facet normal 0.914040398473077 -0.4056231625032752 1.4251244243533797e-7
outer loop
vertex 53.82292556762695 -54.44377899169922 -1
vertex 53.883487701416016 -54.30731201171875 -15.517356872558594
vertex 54.251285552978516 -53.47850799560547 -15.437984466552734
endloop
endfacet
facet normal 0 0 1
outer loop
vertex 67.6239013671875 34.035423278808594 0
vertex 67.95272827148438 31.169206619262695 0
vertex 69.11795043945312 33.692989349365234 0
endloop
endfacet
facet normal 0.9140347775841616 -0.4056358285046724 0
outer loop
vertex 53.82292556762695 -54.44377899169922 -15.474318504333496
vertex 53.883487701416016 -54.30731201171875 -15.517356872558594
vertex 53.82292556762695 -54.44377899169922 -1
endloop
endfacet
facet normal 0 0 1
outer loop
vertex 67.6239013671875 34.035423278808594 0
vertex 66.89891052246094 32.241024017333984 0
vertex 67.95272827148438 31.169206619262695 0
endloop
endfacet
facet normal 0 0 1
outer loop
vertex 66.89891052246094 32.241024017333984 0
vertex 66.70372009277344 32.04240036010742 0
vertex 67.95272827148438 31.169206619262695 0
endloop
endfacet
facet normal 0 -1 0
outer loop
vertex 35.592044830322266 -56.92213439941406 -5
vertex 50.592044830322266 -56.92213439941406 -15.67745304107666
vertex 47.592044830322266 -56.92213439941406 -5
endloop
endfacet
facet normal 0 -1 0
outer loop
vertex 25.78357696533203 -56.92213439941406 -9.949999809265137
vertex 50.592044830322266 -56.92213439941406 -15.67745304107666
vertex 35.592044830322266 -56.92213439941406 -5
endloop
endfacet
facet normal 0.6719453938287607 -0.7406006938373049 -1.1886520962795562e-7
outer loop
vertex 51.46113586425781 -56.58662796020508 -1
vertex 51.524532318115234 -56.52910614013672 -15.677960395812988
vertex 53.82292556762695 -54.44377899169922 -15.474318504333496
endloop
endfacet
facet normal 0.671960488083983 -0.7405869985720349 0
outer loop
vertex 51.46113586425781 -56.58662796020508 -15.655235290527344
vertex 51.524532318115234 -56.52910614013672 -15.677960395812988
vertex 51.46113586425781 -56.58662796020508 -1
endloop
endfacet
facet normal 0.3601381702955136 -0.9328989753966915 -5.176274927664718e-8
outer loop
vertex 50.6387825012207 -56.904090881347656 -15.686922073364258
vertex 51.46113586425781 -56.58662796020508 -15.655235290527344
vertex 50.592044830322266 -56.92213439941406 -1
endloop
endfacet
facet normal 0.3601523264885254 -0.9328935103884595 0
outer loop
vertex 50.6387825012207 -56.904090881347656 -15.686922073364258
vertex 50.592044830322266 -56.92213439941406 -1
vertex 50.592044830322266 -56.92213439941406 -15.67745304107666
endloop
endfacet
facet normal 0.36013892994611957 -0.9328986821393114 0
outer loop
vertex 50.592044830322266 -56.92213439941406 -1
vertex 51.46113586425781 -56.58662796020508 -15.655235290527344
vertex 51.46113586425781 -56.58662796020508 -1
endloop
endfacet
facet normal -0.9140223739628527 0.4056637769080586 0
outer loop
vertex -69.50569915771484 22.249549865722656 -8.041687965393066
vertex -69.93405151367188 21.284406661987305 -8.053647994995117
vertex -69.50569915771484 22.249549865722656 -1
endloop
endfacet
facet normal 0 1 0
outer loop
vertex -58.30636978149414 24.72786521911621 -3.5
vertex -66.27485656738281 24.72786521911621 -7.916396617889404
vertex -66.27485656738281 24.72786521911621 -1
endloop
endfacet
facet normal 0 0 1
outer loop
vertex 0.405143678188324 44.2455940246582 0
vertex -0.11491765081882477 44.043861389160156 0
vertex 19.21436309814453 44.29005432128906 0
endloop
endfacet
facet normal 0 0 1
outer loop
vertex -0.11491765081882477 44.043861389160156 0
vertex 0.6875806450843811 42.746253967285156 0
vertex 19.465452194213867 42.77748107910156 0
endloop
endfacet
facet normal 0 0 1
outer loop
vertex -0.11491765081882477 44.043861389160156 0
vertex 19.465452194213867 42.77748107910156 0
vertex 19.21436309814453 44.29005432128906 0
endloop
endfacet
facet normal 0 1 0
outer loop
vertex -66.23324584960938 24.72786521911621 -7.933074951171875
vertex -58.30636978149414 24.72786521911621 -3.5
vertex -58.30636978149414 24.72786521911621 -7.933074951171875
endloop
endfacet
facet normal 0 -1 0
outer loop
vertex -66.3063735961914 -56.92213439941406 -1
vertex -63.30636978149414 -56.92213439941406 -4
vertex -57.70637130737305 -56.92213439941406 -4
endloop
endfacet
facet normal 0 0 1
outer loop
vertex 67.95272827148438 31.169206619262695 0
vertex 54.736053466796875 24.931385040283203 0
vertex 67.57111358642578 30.789356231689453 0
endloop
endfacet
facet normal 0 0 1
outer loop
vertex 66.70372009277344 32.04240036010742 0
vertex 52.29047393798828 25.924333572387695 0
vertex 67.95272827148438 31.169206619262695 0
endloop
endfacet
facet normal -0.10236904351896896 0.9947464897796883 0
outer loop
vertex 19.46137046813965 45.31550979614258 -1
vertex 19.212011337280273 45.28984832763672 -5.908479690551758
vertex 19.212011337280273 45.28984832763672 -1
endloop
endfacet
facet normal 0 -1 0
outer loop
vertex -66.3063735961914 -56.92213439941406 -1
vertex -57.70637130737305 -56.92213439941406 -4
vertex -61.80636978149414 -56.92213439941406 -1.5076520442962646
endloop
endfacet
facet normal -0.2013407529659335 0.9795212612265909 -4.239516483106003e-7
outer loop
vertex 19.46137046813965 45.31550979614258 -1
vertex 37.2243537902832 48.96669387817383 -1
vertex 19.703271865844727 45.365230560302734 -5.86833381652832
endloop
endfacet
facet normal -0.20134086598807863 0.9795212379949556 0
outer loop
vertex 37.2243537902832 48.96669387817383 -5.532070636749268
vertex 19.703271865844727 45.365230560302734 -5.86833381652832
vertex 37.2243537902832 48.96669387817383 -1
endloop
endfacet
facet normal 0 1 0
outer loop
vertex -66.23324584960938 24.72786521911621 -7.933074951171875
vertex -66.27485656738281 24.72786521911621 -7.916396617889404
vertex -58.30636978149414 24.72786521911621 -3.5
endloop
endfacet
facet normal 0.6719457933865266 -0.7406003313192285 0
outer loop
vertex 51.46113586425781 -56.58662796020508 -1
vertex 53.82292556762695 -54.44377899169922 -15.474318504333496
vertex 53.82292556762695 -54.44377899169922 -1
endloop
endfacet
facet normal 0.9224603636794594 0.3860917992399728 0
outer loop
vertex 70.13298797607422 34.51578140258789 -1
vertex 70.13298797607422 34.51578140258789 -6.72908353805542
vertex 61.569984436035156 54.974727630615234 -4.771026134490967
endloop
endfacet
facet normal 0.914039608160657 -0.40562494340648314 0
outer loop
vertex 53.82292556762695 -54.44377899169922 -1
vertex 54.251285552978516 -53.47850799560547 -15.437984466552734
vertex 54.251285552978516 -53.47850799560547 -1
endloop
endfacet
facet normal 0 -1 0
outer loop
vertex 41.19204330444336 -56.92213439941406 -1.6661099195480347
vertex 35.592044830322266 -56.92213439941406 -4
vertex 41.19204330444336 -56.92213439941406 -4
endloop
endfacet
facet normal 0 -1 0
outer loop
vertex -56.906368255615234 -56.92213439941406 -1.6661099195480347
vertex -56.906368255615234 -56.92213439941406 -4
vertex -51.30636978149414 -56.92213439941406 -4
endloop
endfacet
facet normal 0 -1 0
outer loop
vertex 40.445919036865234 -56.92213439941406 -1.6591570377349854
vertex 24.28357696533203 -56.92213439941406 -3.450000047683716
vertex 41.19204330444336 -56.92213439941406 -1.6661099195480347
endloop
endfacet
facet normal 0 -1 0
outer loop
vertex -61.80636978149414 -56.92213439941406 -1.5076520442962646
vertex -57.70637130737305 -56.92213439941406 -4
vertex -61.059146881103516 -56.92213439941406 -1.5589157342910767
endloop
endfacet
facet normal 0 -1 0
outer loop
vertex -61.059146881103516 -56.92213439941406 -1.5589157342910767
vertex -57.70637130737305 -56.92213439941406 -4
vertex -60.34728240966797 -56.92213439941406 -1.5949000120162964
endloop
endfacet
facet normal 0 -1 0
outer loop
vertex -60.34728240966797 -56.92213439941406 -1.5949000120162964
vertex -57.70637130737305 -56.92213439941406 -4
vertex -59.672176361083984 -56.92213439941406 -1.6254053115844727
endloop
endfacet
facet normal 0 -1 0
outer loop
vertex -59.672176361083984 -56.92213439941406 -1.6254053115844727
vertex -57.70637130737305 -56.92213439941406 -4
vertex -58.45249557495117 -56.92213439941406 -1.6591570377349854
endloop
endfacet
facet normal 0 -1 0
outer loop
vertex -58.45249557495117 -56.92213439941406 -1.6591570377349854
vertex -57.70637130737305 -56.92213439941406 -4
vertex -57.70637130737305 -56.92213439941406 -1.6661099195480347
endloop
endfacet
facet normal 0 -1 0
outer loop
vertex 41.992042541503906 -56.92213439941406 -4
vertex 42.7381706237793 -56.92213439941406 -1.6591570377349854
vertex 41.992042541503906 -56.92213439941406 -1.6661099195480347
endloop
endfacet
facet normal 0 -1 0
outer loop
vertex 42.7381706237793 -56.92213439941406 -1.6591570377349854
vertex 41.992042541503906 -56.92213439941406 -4
vertex 43.95785140991211 -56.92213439941406 -1.6254053115844727
endloop
endfacet
facet normal 0 -1 0
outer loop
vertex 43.95785140991211 -56.92213439941406 -1.6254053115844727
vertex 41.992042541503906 -56.92213439941406 -4
vertex 44.632957458496094 -56.92213439941406 -1.5949000120162964
endloop
endfacet
facet normal 0.9998367065528585 -0.018070977547800588 0
outer loop
vertex 70.1139907836914 33.464698791503906 -1
vertex 70.13298797607422 34.51578140258789 -6.72908353805542
vertex 70.13298797607422 34.51578140258789 -1
endloop
endfacet
facet normal 0 -1 0
outer loop
vertex -66.3063735961914 -56.92213439941406 -1
vertex -61.80636978149414 -56.92213439941406 -1.5076520442962646
vertex -61.80636978149414 -56.92213439941406 -1
endloop
endfacet
facet normal 0.907904424042627 -0.41917723793620504 0
outer loop
vertex 68.785400390625 30.587078094482422 -1
vertex 70.1139907836914 33.464698791503906 -6.757402420043945
vertex 70.1139907836914 33.464698791503906 -1
endloop
endfacet
facet normal 0 -1 0
outer loop
vertex 47.592044830322266 -56.92213439941406 -4
vertex 47.592044830322266 -56.92213439941406 -5
vertex 50.592044830322266 -56.92213439941406 -1
endloop
endfacet
facet normal 0 -1 0
outer loop
vertex 41.992042541503906 -56.92213439941406 -4
vertex 47.592044830322266 -56.92213439941406 -4
vertex 50.592044830322266 -56.92213439941406 -1
endloop
endfacet
facet normal 0 -1 0
outer loop
vertex 44.632957458496094 -56.92213439941406 -1.5949000120162964
vertex 41.992042541503906 -56.92213439941406 -4
vertex 45.34482192993164 -56.92213439941406 -1.5589157342910767
endloop
endfacet
facet normal 0.7054629980118581 -0.7087467519757117 0
outer loop
vertex 68.14936828613281 29.95399284362793 -1
vertex 68.785400390625 30.587078094482422 -6.992671966552734
vertex 68.785400390625 30.587078094482422 -1
endloop
endfacet
facet normal 0 -1 0
outer loop
vertex 45.34482192993164 -56.92213439941406 -1.5589157342910767
vertex 41.992042541503906 -56.92213439941406 -4
vertex 46.092044830322266 -56.92213439941406 -1.5076520442962646
endloop
endfacet
facet normal 0 -1 0
outer loop
vertex 25.669397354125977 -56.92213439941406 -10.524024963378906
vertex 50.592044830322266 -56.92213439941406 -15.67745304107666
vertex 25.78357696533203 -56.92213439941406 -9.949999809265137
endloop
endfacet
facet normal 0 -1 0
outer loop
vertex 25.669397354125977 -56.92213439941406 -10.524024963378906
vertex 25.34423828125 -56.92213439941406 -11.010660171508789
vertex 50.592044830322266 -56.92213439941406 -15.67745304107666
endloop
endfacet
facet normal 0 -1 0
outer loop
vertex 46.092044830322266 -56.92213439941406 -1.5076520442962646
vertex 41.992042541503906 -56.92213439941406 -4
vertex 50.592044830322266 -56.92213439941406 -1
endloop
endfacet
facet normal 0 0 1
outer loop
vertex 41.19204330444336 -55.72213363647461 0
vertex 36.092044830322266 -55.72213363647461 0
vertex 41.19204330444336 -55.92213439941406 0
endloop
endfacet
facet normal 0 0 1
outer loop
vertex 41.992042541503906 -55.72213363647461 0
vertex 41.992042541503906 -55.92213439941406 0
vertex 47.092044830322266 -55.72213363647461 0
endloop
endfacet
facet normal 0 -1 0
outer loop
vertex 46.092044830322266 -56.92213439941406 -1
vertex 46.092044830322266 -56.92213439941406 -1.5076520442962646
vertex 50.592044830322266 -56.92213439941406 -1
endloop
endfacet
facet normal 0 0 1
outer loop
vertex 47.092044830322266 -55.72213363647461 0
vertex 41.992042541503906 -55.92213439941406 0
vertex 50.405723571777344 -55.92213439941406 0
endloop
endfacet
facet normal 0 0 1
outer loop
vertex -66.65876770019531 -55.69377136230469 0
vertex -66.10746002197266 -55.92213439941406 0
vertex -65.80908966064453 -54.42213439941406 0
endloop
endfacet
facet normal 0 0 1
outer loop
vertex -66.65876770019531 -55.69377136230469 0
vertex -65.80908966064453 -54.42213439941406 0
vertex -66.06636810302734 -54.31556701660156 0
endloop
endfacet
facet normal 0 0 1
outer loop
vertex 47.592044830322266 -55.22213363647461 0
vertex 47.553985595703125 -55.413475036621094 0
vertex 48.78357696533203 -54.782135009765625 0
endloop
endfacet
facet normal 0 0 1
outer loop
vertex 48.78357696533203 -54.782135009765625 0
vertex 47.592044830322266 -54.782135009765625 0
vertex 47.592044830322266 -55.22213363647461 0
endloop
endfacet
facet normal 0 -1 0
outer loop
vertex 24.857603073120117 -56.92213439941406 -11.335819244384766
vertex 50.592044830322266 -56.92213439941406 -15.67745304107666
vertex 25.34423828125 -56.92213439941406 -11.010660171508789
endloop
endfacet
facet normal 0 -1 0
outer loop
vertex 24.28357696533203 -56.92213439941406 -11.449999809265137
vertex 50.592044830322266 -56.92213439941406 -15.67745304107666
vertex 24.857603073120117 -56.92213439941406 -11.335819244384766
endloop
endfacet
facet normal 0 0 1
outer loop
vertex -68.81346130371094 -53.53908157348633 0
vertex -66.65876770019531 -55.69377136230469 0
vertex -67.54141998291016 -52.68980026245117 0
endloop
endfacet
facet normal 0 0 1
outer loop
vertex -67.54141998291016 -52.68980026245117 0
vertex -66.65876770019531 -55.69377136230469 0
vertex -67.43485260009766 -52.947078704833984 0
endloop
endfacet
facet normal 0 0 1
outer loop
vertex -67.43485260009766 -52.947078704833984 0
vertex -66.65876770019531 -55.69377136230469 0
vertex -66.06636810302734 -54.31556701660156 0
endloop
endfacet
facet normal 0 -1 0
outer loop
vertex 12.283576965332031 -56.92213439941406 -11.449999809265137
vertex 50.592044830322266 -56.92213439941406 -15.67745304107666
vertex 24.28357696533203 -56.92213439941406 -11.449999809265137
endloop
endfacet
facet normal 0 1 0
outer loop
vertex -58.30636978149414 24.72786521911621 -3.5
vertex -58.506370544433594 24.72786521911621 -2.5
vertex -56.10636901855469 24.72786521911621 -2.5
endloop
endfacet
facet normal -0.36013887323707244 0.9328987036331391 -0.000027260605653664502
outer loop
vertex -66.27485656738281 24.72786521911621 -7.916396617889404
vertex -67.03372192382812 24.43490982055664 -7.9456377029418945
vertex -67.1439437866211 24.39236068725586 -7.903592586517334
endloop
endfacet
facet normal 0 0 1
outer loop
vertex -0.11491765081882477 44.043861389160156 0
vertex -2.176837921142578 42.16978454589844 0
vertex 0.6875806450843811 42.746253967285156 0
endloop
endfacet
facet normal -2.8871283139006975e-17 8.745225571893084e-17 1
outer loop
vertex 37.82309341430664 48.107948303222656 0
vertex 57.1901969909668 54.50175857543945 0
vertex 57.1906852722168 56.00959014892578 -1.31849175039384e-16
endloop
endfacet
facet normal 0 0 1
outer loop
vertex -65.80908966064453 -54.42213439941406 0
vertex -66.10746002197266 -55.92213439941406 0
vertex -63.30636978149414 -55.22213363647461 0
endloop
endfacet
facet normal 0 0 1
outer loop
vertex -66.10746002197266 -55.92213439941406 0
vertex -62.997711181640625 -55.68407440185547 0
vertex -63.1599235534668 -55.575687408447266 0
endloop
endfacet
facet normal 0 0 1
outer loop
vertex -62.80636978149414 -55.72213363647461 0
vertex -62.997711181640625 -55.68407440185547 0
vertex -66.10746002197266 -55.92213439941406 0
endloop
endfacet
facet normal 0 0 1
outer loop
vertex -63.1599235534668 -55.575687408447266 0
vertex -63.268310546875 -55.413475036621094 0
vertex -66.10746002197266 -55.92213439941406 0
endloop
endfacet
facet normal 0 0 1
outer loop
vertex -63.30636978149414 -55.22213363647461 0
vertex -66.10746002197266 -55.92213439941406 0
vertex -63.268310546875 -55.413475036621094 0
endloop
endfacet
facet normal -0.3616454203993017 0.9323157136422255 0
outer loop
vertex 0.2168523371219635 45.245155334472656 -1
vertex -0.6499165296554565 44.908935546875 -5.855627059936523
vertex -0.6499165296554565 44.908935546875 -1
endloop
endfacet
facet normal -0.377753603242505 0.9259061589800148 -4.237683045609719e-7
outer loop
vertex 57.00645446777344 57.01445007324219 -1
vertex 42.517478942871094 51.10319900512695 -3.5
vertex 49.783447265625 54.067588806152344 -1
endloop
endfacet
facet normal -0.6725960153401861 0.7400098648994512 0
outer loop
vertex -0.6499165296554565 44.908935546875 -1
vertex -3.0047004222869873 42.76866912841797 -5.993954181671143
vertex -3.0047004222869873 42.76866912841797 -1
endloop
endfacet
facet normal -0.377753602037319 0.9259061594718067 0
outer loop
vertex 42.70313262939453 51.1789436340332 -2.5
vertex 42.70313262939453 51.1789436340332 -1.100000023841858
vertex 49.783447265625 54.067588806152344 -1
endloop
endfacet
facet normal 0 0 1
outer loop
vertex -2.176837921142578 42.16978454589844 0
vertex 0.43071362376213074 42.63948059082031 0
vertex 0.6875806450843811 42.746253967285156 0
endloop
endfacet
facet normal 0 0 1
outer loop
vertex 10.783576965332031 -54.782135009765625 0
vertex -50.21642303466797 -54.782135009765625 0
vertex 35.73849105834961 -55.575687408447266 0
endloop
endfacet
facet normal 0 0 1
outer loop
vertex -2.176837921142578 42.16978454589844 0
vertex -2.433187961578369 41.59489822387695 0
vertex 0.43071362376213074 42.63948059082031 0
endloop
endfacet
facet normal 0 0 1
outer loop
vertex -2.433187961578369 41.59489822387695 0
vertex -1.0413901805877686 41.014408111572266 0
vertex -0.9350441098213196 41.27145004272461 0
endloop
endfacet
facet normal 0 0 1
outer loop
vertex -62.80636978149414 -55.72213363647461 0
vertex -66.10746002197266 -55.92213439941406 0
vertex -57.70637130737305 -55.92213439941406 0
endloop
endfacet
facet normal 0 0 1
outer loop
vertex -63.30636978149414 -54.42213439941406 0
vertex -65.80908966064453 -54.42213439941406 0
vertex -63.30636978149414 -55.22213363647461 0
endloop
endfacet
facet normal 0 0 1
outer loop
vertex 37.82309341430664 48.107948303222656 0
vertex 38.06802749633789 46.58784484863281 0
vertex 57.1901969909668 54.50175857543945 0
endloop
endfacet
facet normal 0 0 1
outer loop
vertex -2.433187961578369 41.59489822387695 0
vertex -2.523369550704956 26.176250457763672 0
vertex -1.0413901805877686 41.014408111572266 0
endloop
endfacet
facet normal 0 0 1
outer loop
vertex -2.523369550704956 26.176250457763672 0
vertex -1.0413901805877686 22.98938751220703 0
vertex -1.0413901805877686 41.014408111572266 0
endloop
endfacet
facet normal -0.3777535997768929 0.9259061603940024 -1.8668419940226544e-7
outer loop
vertex 42.70313262939453 51.1789436340332 -1.100000023841858
vertex 37.44533920288086 49.03385543823242 -1
vertex 49.783447265625 54.067588806152344 -1
endloop
endfacet
facet normal -0.3777534605619687 0.9259062171536199 0.000008350490752984951
outer loop
vertex 40.48095703125 50.272335052490234 -1.100000023841858
vertex 37.44533920288086 49.03385543823242 -1
vertex 42.70313262939453 51.1789436340332 -1.100000023841858
endloop
endfacet
facet normal -0.37775369640507955 0.925906120971397 0
outer loop
vertex 40.48095703125 50.272335052490234 -1.100000023841858
vertex 40.48095703125 50.272335052490234 -2.5
vertex 37.44533920288086 49.03385543823242 -1
endloop
endfacet
facet normal -0.9133124490503975 0.4072595860253614 1.2742211273863864e-7
outer loop
vertex -3.431950569152832 41.81052780151367 -6.005743026733398
vertex -3.3310022354125977 42.03691101074219 -1
vertex -3.0047004222869873 42.76866912841797 -1
endloop
endfacet
facet normal -0.9133114010520809 0.4072619362379512 0
outer loop
vertex -3.431950569152832 41.81052780151367 -6.005743026733398
vertex -3.431950569152832 41.81052780151367 -1
vertex -3.3310022354125977 42.03691101074219 -1
endloop
endfacet
facet normal 0 0 1
outer loop
vertex 37.73517990112305 48.08018112182617 0
vertex 38.06802749633789 46.58784484863281 0
vertex 37.82309341430664 48.107948303222656 0
endloop
endfacet
facet normal 0 0 1
outer loop
vertex 37.514190673828125 48.01301956176758 0
vertex 38.06802749633789 46.58784484863281 0
vertex 37.73517990112305 48.08018112182617 0
endloop
endfacet
facet normal 0 0 1
outer loop
vertex 37.42527770996094 47.98919677734375 0
vertex 38.06802749633789 46.58784484863281 0
vertex 37.514190673828125 48.01301956176758 0
endloop
endfacet
facet normal 0 0 1
outer loop
vertex 37.42527770996094 47.98919677734375 0
vertex 37.94967269897461 46.55158996582031 0
vertex 38.06802749633789 46.58784484863281 0
endloop
endfacet
facet normal -0.9999830818997165 0.005816864648958608 1.651227311590285e-8
outer loop
vertex -3.5228607654571533 26.182064056396484 -1
vertex -3.431950569152832 41.81052780151367 -1
vertex -3.5169425010681152 27.19949722290039 -7.465231418609619
endloop
endfacet
facet normal -0.3616454203993017 0.9323157136422255 0
outer loop
vertex 0.2168523371219635 45.245155334472656 -5.8683552742004395
vertex -0.6499165296554565 44.908935546875 -5.855627059936523
vertex 0.2168523371219635 45.245155334472656 -1
endloop
endfacet
facet normal -0.6725960153401861 0.7400098648994513 0
outer loop
vertex -0.6499165296554565 44.908935546875 -5.855627059936523
vertex -3.0047004222869873 42.76866912841797 -5.993954181671143
vertex -0.6499165296554565 44.908935546875 -1
endloop
endfacet
facet normal -0.36164541392456934 0.9323157161536372 5.072575435607778e-7
outer loop
vertex 0.2168523371219635 45.245155334472656 -5.8683552742004395
vertex -0.5395569205284119 44.951744079589844 -5.897641658782959
vertex -0.6499165296554565 44.908935546875 -5.855627059936523
endloop
endfacet
facet normal 0 0 1
outer loop
vertex 47.28338623046875 -55.68407440185547 0
vertex 47.092044830322266 -55.72213363647461 0
vertex 50.92717742919922 -55.720829010009766 0
endloop
endfacet
facet normal -0.37603393555801035 0.9265584809489092 -0.009373403352257104
outer loop
vertex 42.70313262939453 51.1789436340332 -2.5
vertex 49.783447265625 54.067588806152344 -1
vertex 40.66816329956055 50.34295654296875 -3.5
endloop
endfacet
facet normal -0.3802059989951031 0.9248640224937105 0.008362907681499908
outer loop
vertex 42.517478942871094 51.10319900512695 -3.5
vertex 40.66816329956055 50.34295654296875 -3.5
vertex 49.783447265625 54.067588806152344 -1
endloop
endfacet
facet normal -0.37775366592769744 0.9259061334056414 0
outer loop
vertex 57.00645446777344 57.01445007324219 -4.692045211791992
vertex 42.517478942871094 51.10319900512695 -5.282066345214844
vertex 57.00645446777344 57.01445007324219 -1
endloop
endfacet
facet normal -0.37775366592769744 0.9259061334056414 0
outer loop
vertex 42.517478942871094 51.10319900512695 -5.282066345214844
vertex 42.517478942871094 51.10319900512695 -3.5
vertex 57.00645446777344 57.01445007324219 -1
endloop
endfacet
facet normal -0.3802306512346126 0.9248730972810126 -0.00586564468145456
outer loop
vertex 40.48095703125 50.272335052490234 -2.5
vertex 40.66816329956055 50.34295654296875 -3.5
vertex 37.44533920288086 49.03385543823242 -1
endloop
endfacet
facet normal -0.37774809704607754 0.9258930707149294 -0.005328862931788511
outer loop
vertex 40.48095703125 50.272335052490234 -2.5
vertex 42.70313262939453 51.1789436340332 -2.5
vertex 40.66816329956055 50.34295654296875 -3.5
endloop
endfacet
facet normal -0.29078566214900975 0.956788220396009 0
outer loop
vertex 37.44533920288086 49.03385543823242 -1
vertex 37.2243537902832 48.96669387817383 -5.532070636749268
vertex 37.2243537902832 48.96669387817383 -1
endloop
endfacet
facet normal -0.6725963656973776 0.7400095463789856 0.000010892543041807687
outer loop
vertex -2.8724443912506104 42.888877868652344 -6.057255744934082
vertex -3.0047004222869873 42.76866912841797 -5.993954181671143
vertex -0.6499165296554565 44.908935546875 -5.855627059936523
endloop
endfacet
facet normal -0.37627093755160457 0.9265096720240421 0.0000959163095990101
outer loop
vertex 40.66816329956055 50.34295654296875 -3.5
vertex 37.69370651245117 49.13518524169922 -5.479348182678223
vertex 37.44533920288086 49.03385543823242 -1
endloop
endfacet
facet normal -0.3777544420187388 0.925905816773559 0
outer loop
vertex 37.69370651245117 49.13518524169922 -5.479348182678223
vertex 37.44533920288086 49.03385543823242 -5.517780303955078
vertex 37.44533920288086 49.03385543823242 -1
endloop
endfacet
facet normal -0.2907849025411326 0.9567884512545831 0
outer loop
vertex 37.44533920288086 49.03385543823242 -5.517780303955078
vertex 37.31155014038086 48.993194580078125 -5.522136688232422
vertex 37.44533920288086 49.03385543823242 -1
endloop
endfacet
facet normal -0.2907868341571593 0.9567878642002378 6.242607206514447e-8
outer loop
vertex 37.31155014038086 48.993194580078125 -5.522136688232422
vertex 37.2243537902832 48.96669387817383 -5.532070636749268
vertex 37.44533920288086 49.03385543823242 -1
endloop
endfacet
facet normal 0 0 1
outer loop
vertex 47.44559860229492 -55.575687408447266 0
vertex 47.28338623046875 -55.68407440185547 0
vertex 50.92717742919922 -55.720829010009766 0
endloop
endfacet
facet normal 0 0 1
outer loop
vertex 47.553985595703125 -55.413475036621094 0
vertex 47.44559860229492 -55.575687408447266 0
vertex 50.92717742919922 -55.720829010009766 0
endloop
endfacet
facet normal 0 0 1
outer loop
vertex 48.78357696533203 -54.782135009765625 0
vertex 47.553985595703125 -55.413475036621094 0
vertex 50.92717742919922 -55.720829010009766 0
endloop
endfacet
facet normal 0 1 0
outer loop
vertex -58.30636978149414 24.72786521911621 -3.5
vertex -66.27485656738281 24.72786521911621 -1
vertex -58.506370544433594 24.72786521911621 -2.5
endloop
endfacet
facet normal 0 0 1
outer loop
vertex 19.21436309814453 44.29005432128906 0
vertex 19.465452194213867 42.77748107910156 0
vertex 19.595170974731445 42.79074478149414 0
endloop
endfacet
facet normal 0.9224608483622466 0.386090640959527 0.000014222023179669588
outer loop
vertex 70.13298797607422 34.51578140258789 -6.72908353805542
vertex 70.05268859863281 34.707637786865234 -6.79395055770874
vertex 61.569984436035156 54.974727630615234 -4.771026134490967
endloop
endfacet
facet normal -0.6719425288540608 0.7406032904280738 -0.00006422086713884649
outer loop
vertex -69.37324523925781 22.369718551635742 -8.10547924041748
vertex -69.50569915771484 22.249549865722656 -8.041687965393066
vertex -67.1439437866211 24.39236068725586 -7.903592586517334
endloop
endfacet
facet normal 0.9998364784446911 -0.01808359398234916 0
outer loop
vertex 70.1139907836914 33.464698791503906 -6.757402420043945
vertex 70.11754608154297 33.66127014160156 -6.814230918884277
vertex 70.1139907836914 33.464698791503906 -1
endloop
endfacet
facet normal 0.907903810758718 -0.4191785662568508 -8.054337275540307e-7
outer loop
vertex 68.785400390625 30.587078094482422 -1
vertex 68.8487548828125 30.72430992126465 -7.028440952301025
vertex 70.1139907836914 33.464698791503906 -6.757402420043945
endloop
endfacet
facet normal 0.9079172758786873 -0.41914940076424245 0
outer loop
vertex 68.785400390625 30.587078094482422 -6.992671966552734
vertex 68.8487548828125 30.72430992126465 -7.028440952301025
vertex 68.785400390625 30.587078094482422 -1
endloop
endfacet
facet normal 0.7054631998042262 -0.7087465511182262 4.263646293433547e-8
outer loop
vertex 68.14936828613281 29.95399284362793 -1
vertex 68.21681213378906 30.0211238861084 -7.045146942138672
vertex 68.785400390625 30.587078094482422 -6.992671966552734
endloop
endfacet
facet normal 0.7054612801219048 -0.7087484619022205 0
outer loop
vertex 68.14936828613281 29.95399284362793 -7.021232604980469
vertex 68.21681213378906 30.0211238861084 -7.045146942138672
vertex 68.14936828613281 29.95399284362793 -1
endloop
endfacet
facet normal -0.9140222580756551 0.4056640372393463 -0.000025158593847748125
outer loop
vertex -69.50569915771484 22.249549865722656 -8.041687965393066
vertex -69.8498306274414 21.474164962768555 -8.119081497192383
vertex -69.93405151367188 21.284406661987305 -8.053647994995117
endloop
endfacet
facet normal 0 0 1
outer loop
vertex 19.21436309814453 44.29005432128906 0
vertex 19.595170974731445 42.79074478149414 0
vertex 19.31437110900879 44.295101165771484 0
endloop
endfacet
facet normal 0 0 1
outer loop
vertex 19.595170974731445 42.79074478149414 0
vertex 19.662296295166016 44.338008880615234 0
vertex 19.563352584838867 44.324432373046875 0
endloop
endfacet
facet normal 0 0 1
outer loop
vertex 19.31437110900879 44.295101165771484 0
vertex 19.595170974731445 42.79074478149414 0
vertex 19.563352584838867 44.324432373046875 0
endloop
endfacet
facet normal -0.37785325897609684 0.9258610481661386 0.002869524323291605
outer loop
vertex 40.66661071777344 50.348079681396484 -5.357437610626221
vertex 37.69370651245117 49.13518524169922 -5.479348182678223
vertex 40.66816329956055 50.34295654296875 -3.5
endloop
endfacet
facet normal 0 0 1
outer loop
vertex -68.93435668945312 21.071767807006836 0
vertex -67.54138946533203 20.495532989501953 0
vertex -67.43482208251953 20.752811431884766 0
endloop
endfacet
facet normal 0 0 1
outer loop
vertex -68.6773452758789 21.650854110717773 0
vertex -68.93435668945312 21.071767807006836 0
vertex -66.06633758544922 22.12129783630371 0
endloop
endfacet
facet normal 0 0 1
outer loop
vertex -68.93435668945312 21.071767807006836 0
vertex -67.43482208251953 20.752811431884766 0
vertex -66.06633758544922 22.12129783630371 0
endloop
endfacet
facet normal 0 0 1
outer loop
vertex -66.60999298095703 23.526561737060547 0
vertex -68.6773452758789 21.650854110717773 0
vertex -66.06633758544922 22.12129783630371 0
endloop
endfacet
facet normal 0 0 1
outer loop
vertex -66.60999298095703 23.526561737060547 0
vertex -66.06633758544922 22.12129783630371 0
vertex -65.8090591430664 22.22786521911621 0
endloop
endfacet
facet normal 0 0 1
outer loop
vertex 19.662296295166016 44.338008880615234 0
vertex 19.595170974731445 42.79074478149414 0
vertex 37.94967269897461 46.55158996582031 0
endloop
endfacet
facet normal 0 0 1
outer loop
vertex 19.662296295166016 44.338008880615234 0
vertex 37.94967269897461 46.55158996582031 0
vertex 37.42527770996094 47.98919677734375 0
endloop
endfacet
facet normal 0.9999990706809478 -0.0013633184663477942 0
outer loop
vertex 54.355201721191406 22.791627883911133 -7.940150260925293
vertex 54.355201721191406 22.791627883911133 -1
vertex 54.354679107666016 22.408288955688477 -7.940907955169678
endloop
endfacet
facet normal -0.9133122014367154 0.4072601413185684 0
outer loop
vertex -3.0047004222869873 42.76866912841797 -5.993954181671143
vertex -3.431950569152832 41.81052780151367 -6.005743026733398
vertex -3.0047004222869873 42.76866912841797 -1
endloop
endfacet
facet normal 0 0 1
outer loop
vertex -57.70637130737305 -55.72213363647461 0
vertex -62.80636978149414 -55.72213363647461 0
vertex -57.70637130737305 -55.92213439941406 0
endloop
endfacet
facet normal 0.840750667382967 -0.5414224924170545 0
outer loop
vertex 54.355201721191406 22.791627883911133 -1
vertex 54.355201721191406 22.791627883911133 -7.940150260925293
vertex 54.57439041137695 23.131996154785156 -7.795254707336426
endloop
endfacet
facet normal 0 0 1
outer loop
vertex 52.29047393798828 25.924333572387695 0
vertex 54.736053466796875 24.931385040283203 0
vertex 67.95272827148438 31.169206619262695 0
endloop
endfacet
facet normal -0.9999830818572165 0.0058168719552231605 0
outer loop
vertex -3.431950569152832 41.81052780151367 -6.005743026733398
vertex -3.5169425010681152 27.19949722290039 -7.465231418609619
vertex -3.431950569152832 41.81052780151367 -1
endloop
endfacet
facet normal -0.9133121830821512 0.40726018246035656 -0.00000400901338943076
outer loop
vertex -3.0047004222869873 42.76866912841797 -5.993954181671143
vertex -3.347463369369507 41.999996185302734 -6.070677757263184
vertex -3.431950569152832 41.81052780151367 -6.005743026733398
endloop
endfacet
facet normal 0 0 1
outer loop
vertex 50.92717742919922 -55.720829010009766 0
vertex 47.092044830322266 -55.72213363647461 0
vertex 50.405723571777344 -55.92213439941406 0
endloop
endfacet
facet normal 0 0 1
outer loop
vertex 52.29047393798828 25.924333572387695 0
vertex 54.64944839477539 24.891000747680664 0
vertex 54.736053466796875 24.931385040283203 0
endloop
endfacet
facet normal 0 0 1
outer loop
vertex 52.29047393798828 25.924333572387695 0
vertex 54.50666046142578 24.791019439697266 0
vertex 54.64944839477539 24.891000747680664 0
endloop
endfacet
facet normal 0 0 1
outer loop
vertex 48.78357696533203 -54.782135009765625 0
vertex 50.92717742919922 -55.720829010009766 0
vertex 50.126243591308594 -54.42213439941406 0
endloop
endfacet
facet normal 0 0 1
outer loop
vertex 52.29047393798828 25.924333572387695 0
vertex 54.38340377807617 24.667762756347656 0
vertex 54.50666046142578 24.791019439697266 0
endloop
endfacet
facet normal 0 0 1
outer loop
vertex 52.29047393798828 25.924333572387695 0
vertex 54.3112678527832 24.564743041992188 0
vertex 54.38340377807617 24.667762756347656 0
endloop
endfacet
facet normal 0 0 1
outer loop
vertex 52.29047393798828 25.924333572387695 0
vertex 51.858577728271484 25.271808624267578 0
vertex 54.3112678527832 24.564743041992188 0
endloop
endfacet
facet normal 0 0 1
outer loop
vertex 50.383522033691406 -54.31556701660156 0
vertex 50.126243591308594 -54.42213439941406 0
vertex 50.92717742919922 -55.720829010009766 0
endloop
endfacet
facet normal 0 0 1
outer loop
vertex 51.858577728271484 25.271808624267578 0
vertex 53.51702117919922 23.331396102905273 0
vertex 54.3112678527832 24.564743041992188 0
endloop
endfacet
facet normal 0 0 1
outer loop
vertex 51.858577728271484 25.271808624267578 0
vertex 53.489173889160156 23.291627883911133 0
vertex 53.51702117919922 23.331396102905273 0
endloop
endfacet
facet normal 0 0 1
outer loop
vertex 51.858577728271484 25.271808624267578 0
vertex 53.41550827026367 23.133647918701172 0
vertex 53.489173889160156 23.291627883911133 0
endloop
endfacet
facet normal 0 0 1
outer loop
vertex 51.858577728271484 25.271808624267578 0
vertex 53.370391845703125 22.96527671813965 0
vertex 53.41550827026367 23.133647918701172 0
endloop
endfacet
facet normal 0 0 1
outer loop
vertex 51.858577728271484 25.271808624267578 0
vertex 53.355201721191406 22.79298973083496 0
vertex 53.370391845703125 22.96527671813965 0
endloop
endfacet
facet normal 0 0 1
outer loop
vertex 48.78357696533203 -54.42213439941406 0
vertex 48.78357696533203 -54.782135009765625 0
vertex 50.126243591308594 -54.42213439941406 0
endloop
endfacet
facet normal 0 0 1
outer loop
vertex -2.523369550704956 26.176250457763672 0
vertex -2.538053035736084 26.00841522216797 0
vertex -1.0413901805877686 22.98938751220703 0
endloop
endfacet
facet normal 0 0 1
outer loop
vertex -2.538053035736084 26.00841522216797 0
vertex -2.5831682682037354 25.840044021606445 0
vertex -1.0413901805877686 22.98938751220703 0
endloop
endfacet
facet normal 0 0 1
outer loop
vertex -2.5831682682037354 25.840044021606445 0
vertex -2.6568353176116943 25.682064056396484 0
vertex -1.0413901805877686 22.98938751220703 0
endloop
endfacet
facet normal 0 0 1
outer loop
vertex -2.6568353176116943 25.682064056396484 0
vertex -2.7568163871765137 25.539276123046875 0
vertex -1.0413901805877686 22.98938751220703 0
endloop
endfacet
facet normal 0 0 1
outer loop
vertex -2.820493459701538 25.47559928894043 0
vertex -1.0413901805877686 22.98938751220703 0
vertex -2.7568163871765137 25.539276123046875 0
endloop
endfacet
facet normal 0 0 1
outer loop
vertex -4.283175468444824 24.021400451660156 0
vertex -1.0413901805877686 22.98938751220703 0
vertex -2.820493459701538 25.47559928894043 0
endloop
endfacet
facet normal 0 0 1
outer loop
vertex -4.283175468444824 24.021400451660156 0
vertex -1.8029124736785889 22.22786521911621 0
vertex -1.0413901805877686 22.98938751220703 0
endloop
endfacet
facet normal 0 0 1
outer loop
vertex -4.34275484085083 23.961820602416992 0
vertex -1.8029124736785889 22.22786521911621 0
vertex -4.283175468444824 24.021400451660156 0
endloop
endfacet
facet normal 0 0 1
outer loop
vertex -4.34275484085083 23.961820602416992 0
vertex -4.4855427742004395 23.861841201782227 0
vertex -1.8029124736785889 22.22786521911621 0
endloop
endfacet
facet normal 0 0 1
outer loop
vertex -4.4855427742004395 23.861841201782227 0
vertex -4.643522262573242 23.78817367553711 0
vertex -1.8029124736785889 22.22786521911621 0
endloop
endfacet
facet normal 0 0 1
outer loop
vertex -4.643522262573242 23.78817367553711 0
vertex -4.811894416809082 23.743057250976562 0
vertex -1.8029124736785889 22.22786521911621 0
endloop
endfacet
facet normal 0 0 1
outer loop
vertex -4.811894416809082 23.743057250976562 0
vertex -4.9855427742004395 23.72786521911621 0
vertex -1.8029124736785889 22.22786521911621 0
endloop
endfacet
facet normal 0 0 1
outer loop
vertex -51.80636978149414 -55.72213363647461 0
vertex -56.906368255615234 -55.72213363647461 0
vertex -56.906368255615234 -55.92213439941406 0
endloop
endfacet
facet normal -0.7050473191451953 0.70916026239925 0
outer loop
vertex -3.5228607654571533 26.182064056396484 -1
vertex -4.9855427742004395 24.72786521911621 -8.106598854064941
vertex -4.9855427742004395 24.72786521911621 -1
endloop
endfacet
facet normal 0 0 1
outer loop
vertex -4.9855427742004395 23.72786521911621 0
vertex -66.60999298095703 23.526561737060547 0
vertex -1.8029124736785889 22.22786521911621 0
endloop
endfacet
facet normal 0.41496057018365484 -0.9098393952741638 0
outer loop
vertex 55.14944839477539 24.024974822998047 -1
vertex 68.14936828613281 29.95399284362793 -7.021232604980469
vertex 68.14936828613281 29.95399284362793 -1
endloop
endfacet
facet normal 0.8407458949801908 -0.5414299031951947 0
outer loop
vertex 55.028526306152344 23.837203979492188 -1
vertex 55.14944839477539 24.024974822998047 -7.722923278808594
vertex 55.14944839477539 24.024974822998047 -1
endloop
endfacet
facet normal 0.8407508073552714 -0.5414222750602052 3.014099539970677e-7
outer loop
vertex 54.355201721191406 22.791627883911133 -1
vertex 55.14944839477539 24.024974822998047 -7.722923278808594
vertex 55.028526306152344 23.837203979492188 -1
endloop
endfacet
facet normal 0 1 0
outer loop
vertex -5.813465595245361 24.72786521911621 -7.933074951171875
vertex -56.30636978149414 24.72786521911621 -3.5
vertex -4.9855427742004395 24.72786521911621 -1
endloop
endfacet
facet normal -0.9999830818821258 0.005816867672994353 1.6988181582405813e-8
outer loop
vertex -3.5169425010681152 27.19949722290039 -7.465231418609619
vertex -3.5191562175750732 26.81893539428711 -7.539200782775879
vertex -3.5228607654571533 26.182064056396484 -1
endloop
endfacet
facet normal -0.9999830821820783 0.005816816107668927 1.1965918148029385e-8
outer loop
vertex -3.5191562175750732 26.81893539428711 -7.539200782775879
vertex -3.5215704441070557 26.403900146484375 -7.704158306121826
vertex -3.5228607654571533 26.182064056396484 -1
endloop
endfacet
facet normal -0.999983084285482 0.005816454495203416 0
outer loop
vertex -3.5215704441070557 26.403900146484375 -7.704158306121826
vertex -3.5228607654571533 26.182064056396484 -7.836485862731934
vertex -3.5228607654571533 26.182064056396484 -1
endloop
endfacet
facet normal 0.9999990718022458 -0.0013624957411612329 -4.543831718858505e-8
outer loop
vertex 54.30058670043945 -17.292879104614258 -1
vertex 54.354679107666016 22.408288955688477 -7.940907955169678
vertex 54.355201721191406 22.791627883911133 -1
endloop
endfacet
facet normal -0.7050462770352105 0.7091612984637422 -9.089001736163841e-8
outer loop
vertex -3.690525531768799 26.015371322631836 -7.78009557723999
vertex -3.996793746948242 25.710880279541016 -7.764718532562256
vertex -3.5228607654571533 26.182064056396484 -1
endloop
endfacet
facet normal -0.7050481254462775 0.7091594607735909 0
outer loop
vertex -3.5228607654571533 26.182064056396484 -7.836485862731934
vertex -3.690525531768799 26.015371322631836 -7.78009557723999
vertex -3.5228607654571533 26.182064056396484 -1
endloop
endfacet
facet normal 0.4149605123020246 -0.9098394216728679 -1.5096160679739337e-7
outer loop
vertex 55.14944839477539 24.024974822998047 -1
vertex 55.75239562988281 24.299968719482422 -7.5855793952941895
vertex 68.14936828613281 29.95399284362793 -7.021232604980469
endloop
endfacet
facet normal 0.41496339839526186 -0.9098381053749216 1.682412624856511e-7
outer loop
vertex 55.14944839477539 24.024974822998047 -1
vertex 55.48567581176758 24.178321838378906 -7.619361400604248
vertex 55.75239562988281 24.299968719482422 -7.5855793952941895
endloop
endfacet
facet normal 0.4149606565393675 -0.9098393558889487 0
outer loop
vertex 55.48567581176758 24.178321838378906 -7.619361400604248
vertex 55.14944839477539 24.024974822998047 -1
vertex 55.14944839477539 24.024974822998047 -7.722923278808594
endloop
endfacet
facet normal -0.705047261977844 0.7091603192350397 4.632093574303265e-8
outer loop
vertex -3.996793746948242 25.710880279541016 -7.764718532562256
vertex -4.292191028594971 25.41719627380371 -7.794032096862793
vertex -3.5228607654571533 26.182064056396484 -1
endloop
endfacet
facet normal 0.8407491920827727 -0.5414247833374852 -3.495718783350357e-7
outer loop
vertex 54.355201721191406 22.791627883911133 -1
vertex 54.93812561035156 23.696823120117188 -7.710447788238525
vertex 55.14944839477539 24.024974822998047 -7.722923278808594
endloop
endfacet
facet normal 0.840755084645427 -0.5414156329853343 0.0000013966261528368515
outer loop
vertex 54.355201721191406 22.791627883911133 -1
vertex 54.91861343383789 23.666522979736328 -7.716224193572998
vertex 54.93812561035156 23.696823120117188 -7.710447788238525
endloop
endfacet
facet normal 0.8407470676194709 -0.5414280822865165 -8.976270511769274e-7
outer loop
vertex 54.355201721191406 22.791627883911133 -1
vertex 54.75644302368164 23.41469955444336 -7.741359710693359
vertex 54.91861343383789 23.666522979736328 -7.716224193572998
endloop
endfacet
facet normal 0.8407524600397964 -0.5414197086706316 1.9725957548825152e-7
outer loop
vertex 54.355201721191406 22.791627883911133 -1
vertex 54.57439041137695 23.131996154785156 -7.795254707336426
vertex 54.75644302368164 23.41469955444336 -7.741359710693359
endloop
endfacet
facet normal -0.7050487452332291 0.7091588445791991 3.8029492443852436e-7
outer loop
vertex -4.292191028594971 25.41719627380371 -7.794032096862793
vertex -4.592565536499023 25.118562698364258 -7.86920166015625
vertex -3.5228607654571533 26.182064056396484 -1
endloop
endfacet
facet normal -0.7050449988936308 0.7091625691859887 -7.797527951506069e-7
outer loop
vertex -4.592565536499023 25.118562698364258 -7.86920166015625
vertex -4.916500091552734 24.7965087890625 -8.048396110534668
vertex -3.5228607654571533 26.182064056396484 -1
endloop
endfacet
facet normal 0 0 1
outer loop
vertex -50.21642303466797 -54.782135009765625 0
vertex -50.21642303466797 -54.42213439941406 0
vertex -51.30636978149414 -55.22213363647461 0
endloop
endfacet
facet normal 0 0 1
outer loop
vertex -51.30636978149414 -54.42213439941406 0
vertex -51.30636978149414 -55.22213363647461 0
vertex -50.21642303466797 -54.42213439941406 0
endloop
endfacet
facet normal -0.7050555484368537 0.7091520807323802 0.0000033679412323581806
outer loop
vertex -4.916500091552734 24.7965087890625 -8.048396110534668
vertex -4.9855427742004395 24.72786521911621 -8.106598854064941
vertex -3.5228607654571533 26.182064056396484 -1
endloop
endfacet
facet normal 0 1 0
outer loop
vertex -5.370457172393799 24.72786521911621 -7.981786251068115
vertex -5.813465595245361 24.72786521911621 -7.933074951171875
vertex -4.9855427742004395 24.72786521911621 -1
endloop
endfacet
facet normal 0 1 0
outer loop
vertex -5.370457172393799 24.72786521911621 -7.981786251068115
vertex -4.9855427742004395 24.72786521911621 -1
vertex -4.9855427742004395 24.72786521911621 -8.106598854064941
endloop
endfacet
facet normal 0 0 1
outer loop
vertex 50.383522033691406 -54.31556701660156 0
vertex 50.92717742919922 -55.720829010009766 0
vertex 53.2515754699707 -53.26593780517578 0
endloop
endfacet
facet normal 0 0 1
outer loop
vertex 53.2515754699707 -53.26593780517578 0
vertex 50.92717742919922 -55.720829010009766 0
vertex 52.99456024169922 -53.845096588134766 0
endloop
endfacet
facet normal -0.9999989465405261 0.0014515225929771789 0
outer loop
vertex -70.04214477539062 -53.18439483642578 -15.412992477416992
vertex -70.04214477539062 -53.18439483642578 -1
vertex -69.93405151367188 21.284406661987305 -1
endloop
endfacet
facet normal -0.9999989465405261 0.0014515225929771789 0
outer loop
vertex -69.93405151367188 21.284406661987305 -8.053647994995117
vertex -70.04214477539062 -53.18439483642578 -15.412992477416992
vertex -69.93405151367188 21.284406661987305 -1
endloop
endfacet
facet normal 0 0 1
outer loop
vertex 51.752010345458984 -52.947078704833984 0
vertex 50.383522033691406 -54.31556701660156 0
vertex 53.2515754699707 -53.26593780517578 0
endloop
endfacet
facet normal 0 0 1
outer loop
vertex 51.858577728271484 -52.68980026245117 0
vertex 51.752010345458984 -52.947078704833984 0
vertex 53.2515754699707 -53.26593780517578 0
endloop
endfacet
facet normal 0.9999990718377769 -0.0013624696637001157 0
outer loop
vertex 54.251285552978516 -53.47850799560547 -1
vertex 54.251285552978516 -53.47850799560547 -15.437984466552734
vertex 54.354679107666016 22.408288955688477 -7.940907955169678
endloop
endfacet
facet normal 0 0 1
outer loop
vertex 51.858577728271484 25.271808624267578 0
vertex 51.858577728271484 -52.68980026245117 0
vertex 53.355201721191406 22.79298973083496 0
endloop
endfacet
facet normal 0 0 1
outer loop
vertex -69.04185485839844 -52.98655700683594 0
vertex -68.81346130371094 -53.53908157348633 0
vertex -67.54138946533203 20.495532989501953 0
endloop
endfacet
facet normal 0 0 1
outer loop
vertex -67.54138946533203 20.495532989501953 0
vertex -68.81346130371094 -53.53908157348633 0
vertex -67.54141998291016 -52.68980026245117 0
endloop
endfacet
facet normal 0.9999990718648599 -0.0013624497684240641 2.1752076010607847e-7
outer loop
vertex 54.251285552978516 -53.47850799560547 -1
vertex 54.354679107666016 22.408288955688477 -7.940907955169678
vertex 54.30058670043945 -17.292879104614258 -1
endloop
endfacet
facet normal 0 1 0
outer loop
vertex -56.10636901855469 24.72786521911621 -1.100000023841858
vertex -66.27485656738281 24.72786521911621 -1
vertex -4.9855427742004395 24.72786521911621 -1
endloop
endfacet
facet normal 0 0 1
outer loop
vertex -68.93435668945312 21.071767807006836 0
vertex -69.04185485839844 -52.98655700683594 0
vertex -67.54138946533203 20.495532989501953 0
endloop
endfacet
facet normal 0 1 0
outer loop
vertex -56.10636901855469 24.72786521911621 -2.5
vertex -56.10636901855469 24.72786521911621 -1.100000023841858
vertex -4.9855427742004395 24.72786521911621 -1
endloop
endfacet
facet normal 0 -1 0
outer loop
vertex -51.30636978149414 -56.92213439941406 -5
vertex -63.30636978149414 -56.92213439941406 -5
vertex 10.897758483886719 -56.92213439941406 -10.524024963378906
endloop
endfacet
facet normal 0 -1 0
outer loop
vertex -51.30636978149414 -56.92213439941406 -4
vertex -51.30636978149414 -56.92213439941406 -5
vertex 10.897758483886719 -56.92213439941406 -10.524024963378906
endloop
endfacet
facet normal 0 -1 0
outer loop
vertex -51.30636978149414 -56.92213439941406 -4
vertex 10.897758483886719 -56.92213439941406 -10.524024963378906
vertex -56.906368255615234 -56.92213439941406 -1.6661099195480347
endloop
endfacet
facet normal 0 -1 0
outer loop
vertex -56.16024398803711 -56.92213439941406 -1.6591570377349854
vertex -56.906368255615234 -56.92213439941406 -1.6661099195480347
vertex 10.783576965332031 -56.92213439941406 -9.949999809265137
endloop
endfacet
facet normal 0 -1 0
outer loop
vertex -54.9405632019043 -56.92213439941406 -1.6254053115844727
vertex -56.16024398803711 -56.92213439941406 -1.6591570377349854
vertex 10.783576965332031 -56.92213439941406 -9.949999809265137
endloop
endfacet
facet normal 0 -1 0
outer loop
vertex -54.26545715332031 -56.92213439941406 -1.5949000120162964
vertex -54.9405632019043 -56.92213439941406 -1.6254053115844727
vertex 10.783576965332031 -56.92213439941406 -9.949999809265137
endloop
endfacet
facet normal 0 -1 0
outer loop
vertex 10.783576965332031 -56.92213439941406 -9.949999809265137
vertex -56.906368255615234 -56.92213439941406 -1.6661099195480347
vertex 10.897758483886719 -56.92213439941406 -10.524024963378906
endloop
endfacet
facet normal 0 0 1
outer loop
vertex -66.08853912353516 23.72786521911621 0
vertex -66.60999298095703 23.526561737060547 0
vertex -4.9855427742004395 23.72786521911621 0
endloop
endfacet
facet normal 0 -1 0
outer loop
vertex 10.783576965332031 -56.92213439941406 -9.949999809265137
vertex 10.783576965332031 -56.92213439941406 -4.949999809265137
vertex -54.26545715332031 -56.92213439941406 -1.5949000120162964
endloop
endfacet
facet normal 0 -1 0
outer loop
vertex -53.553592681884766 -56.92213439941406 -1.5589157342910767
vertex -54.26545715332031 -56.92213439941406 -1.5949000120162964
vertex 10.783576965332031 -56.92213439941406 -4.949999809265137
endloop
endfacet
facet normal 0 -1 0
outer loop
vertex -52.80636978149414 -56.92213439941406 -1.5076520442962646
vertex -53.553592681884766 -56.92213439941406 -1.5589157342910767
vertex 10.783576965332031 -56.92213439941406 -4.949999809265137
endloop
endfacet
facet normal 0 -1 0
outer loop
vertex -52.80636978149414 -56.92213439941406 -1
vertex -52.80636978149414 -56.92213439941406 -1.5076520442962646
vertex 10.897758483886719 -56.92213439941406 -4.375974655151367
endloop
endfacet
facet normal 0 0 1
outer loop
vertex -66.60999298095703 23.526561737060547 0
vertex -65.8090591430664 22.22786521911621 0
vertex -1.8029124736785889 22.22786521911621 0
endloop
endfacet
facet normal 0 1 0
outer loop
vertex -4.9855427742004395 24.72786521911621 -1
vertex -58.30636978149414 24.72786521911621 -3.5
vertex -56.10636901855469 24.72786521911621 -2.5
endloop
endfacet
facet normal 0 1 0
outer loop
vertex -56.30636978149414 24.72786521911621 -3.5
vertex -58.30636978149414 24.72786521911621 -3.5
vertex -4.9855427742004395 24.72786521911621 -1
endloop
endfacet
facet normal 0 0 1
outer loop
vertex 53.355201721191406 22.79298973083496 0
vertex 51.858577728271484 -52.68980026245117 0
vertex 53.2515754699707 -53.26593780517578 0
endloop
endfacet
facet normal 0 0 1
outer loop
vertex -51.80636978149414 -55.72213363647461 0
vertex -56.906368255615234 -55.92213439941406 0
vertex 41.19204330444336 -55.92213439941406 0
endloop
endfacet
facet normal 0 1 0
outer loop
vertex -66.27485656738281 24.72786521911621 -1
vertex -58.506370544433594 24.72786521911621 -1.100000023841858
vertex -58.506370544433594 24.72786521911621 -2.5
endloop
endfacet
facet normal 0 0 1
outer loop
vertex -51.615028381347656 -55.68407440185547 0
vertex -51.80636978149414 -55.72213363647461 0
vertex 41.19204330444336 -55.92213439941406 0
endloop
endfacet
facet normal 0 0 1
outer loop
vertex -51.452816009521484 -55.575687408447266 0
vertex -51.615028381347656 -55.68407440185547 0
vertex 41.19204330444336 -55.92213439941406 0
endloop
endfacet
facet normal 0 0 1
outer loop
vertex -51.34442901611328 -55.413475036621094 0
vertex -51.452816009521484 -55.575687408447266 0
vertex 41.19204330444336 -55.92213439941406 0
endloop
endfacet
facet normal 0 0 1
outer loop
vertex -51.30636978149414 -55.22213363647461 0
vertex -51.34442901611328 -55.413475036621094 0
vertex 41.19204330444336 -55.92213439941406 0
endloop
endfacet
facet normal 0 0 1
outer loop
vertex -50.21642303466797 -54.782135009765625 0
vertex -51.30636978149414 -55.22213363647461 0
vertex 41.19204330444336 -55.92213439941406 0
endloop
endfacet
facet normal 0 -1 0
outer loop
vertex 10.897758483886719 -56.92213439941406 -4.375974655151367
vertex -52.80636978149414 -56.92213439941406 -1.5076520442962646
vertex 10.783576965332031 -56.92213439941406 -4.949999809265137
endloop
endfacet
facet normal 0 -1 0
outer loop
vertex 10.897758483886719 -56.92213439941406 -4.375974655151367
vertex 11.222917556762695 -56.92213439941406 -3.8893399238586426
vertex -52.80636978149414 -56.92213439941406 -1
endloop
endfacet
facet normal 0 -1 0
outer loop
vertex 11.222917556762695 -56.92213439941406 -3.8893399238586426
vertex 11.709551811218262 -56.92213439941406 -3.564180612564087
vertex -52.80636978149414 -56.92213439941406 -1
endloop
endfacet
facet normal 0 -1 0
outer loop
vertex 11.709551811218262 -56.92213439941406 -3.564180612564087
vertex 12.283576965332031 -56.92213439941406 -3.450000047683716
vertex -52.80636978149414 -56.92213439941406 -1
endloop
endfacet
facet normal 0 1 0
outer loop
vertex -66.27485656738281 24.72786521911621 -1
vertex -56.10636901855469 24.72786521911621 -1.100000023841858
vertex -58.506370544433594 24.72786521911621 -1.100000023841858
endloop
endfacet
facet normal 0 -1 0
outer loop
vertex 12.283576965332031 -56.92213439941406 -3.450000047683716
vertex 24.28357696533203 -56.92213439941406 -3.450000047683716
vertex -52.80636978149414 -56.92213439941406 -1
endloop
endfacet
facet normal -1.3119839060303192e-7 0.09931968225825259 -0.9950555766971525
outer loop
vertex 69.14427947998047 34.62525939941406 -7.711825370788574
vertex 57.188785552978516 56.32632827758789 -5.545770645141602
vertex 60.73104476928711 54.72636413574219 -5.705468654632568
endloop
endfacet
facet normal -2.100482317321012e-7 0.09931990889998113 -0.9950555540752765
outer loop
vertex -66.66536712646484 -55.41560363769531 -16.699098587036133
vertex -68.8249282836914 -53.256046295166016 -16.483545303344727
vertex -5.813465595245361 24.044553756713867 -8.76792049407959
endloop
endfacet
facet normal 1.362920416957702e-7 0.09932455355990547 -0.9950550904648984
outer loop
vertex -5.813465595245361 24.044553756713867 -8.76792049407959
vertex -5.231088638305664 24.10162925720215 -8.762223243713379
vertex 53.36924362182617 22.507492065429688 -8.92133903503418
endloop
endfacet
facet normal 3.4666945826600667e-9 0.09931955938690118 -0.9950555889613364
outer loop
vertex 53.36924362182617 22.507492065429688 -8.92133903503418
vertex -4.6710920333862305 24.270662307739258 -8.745351791381836
vertex -4.154995918273926 24.545156478881836 -8.7179536819458
endloop
endfacet
facet normal -1.3729671756943584e-8 0.09931974625171136 -0.995055570309767
outer loop
vertex 55.27643585205078 25.447587966918945 -8.62787914276123
vertex 19.858963012695312 44.69589614868164 -6.706642150878906
vertex 37.46438217163086 48.335975646972656 -6.343314170837402
endloop
endfacet
facet normal 2.072149716552891e-7 0.09931991649771743 -0.9950555533169209
outer loop
vertex 55.27643585205078 25.447587966918945 -8.62787914276123
vertex 37.46438217163086 48.335975646972656 -6.343314170837402
vertex 37.989627838134766 48.4945182800293 -6.327489376068115
endloop
endfacet
facet normal 9.965964283529492e-8 0.09931983661951048 -0.9950555612898527
outer loop
vertex 55.27643585205078 25.447587966918945 -8.62787914276123
vertex 37.989627838134766 48.4945182800293 -6.327489376068115
vertex 41.2093620300293 49.8017578125 -6.197009086608887
endloop
endfacet
facet normal -0.0000020854747474870653 0.09931858692645801 -0.9950556860229393
outer loop
vertex 55.27643585205078 25.447587966918945 -8.62787914276123
vertex 41.2093620300293 49.8017578125 -6.197009086608887
vertex 41.39695358276367 49.74485397338867 -6.202689170837402
endloop
endfacet
facet normal 4.227502872194543e-8 0.09932064415746926 -0.9950554806864507
outer loop
vertex 53.36924362182617 22.507492065429688 -8.92133903503418
vertex -4.154995918273926 24.545156478881836 -8.7179536819458
vertex -3.7036314010620117 24.91374969482422 -8.68116283416748
endloop
endfacet
facet normal -5.9565279607744105e-8 0.09931998782069235 -0.9950555461979467
outer loop
vertex -68.68842315673828 21.9614200592041 -8.975844383239746
vertex -66.6161117553711 23.841625213623047 -8.788174629211426
vertex -57.68905258178711 23.803985595703125 -8.791932106018066
endloop
endfacet
facet normal -7.682206133334583e-8 0.09931593537557822 -0.9950559506783868
outer loop
vertex -57.68905258178711 23.803985595703125 -8.791932106018066
vertex -66.6161117553711 23.841625213623047 -8.788174629211426
vertex -66.09044647216797 24.044553756713867 -8.76792049407959
endloop
endfacet
facet normal -2.683573053399393e-7 0.09932122192945123 -0.995055423016411
outer loop
vertex -68.68842315673828 21.9614200592041 -8.975844383239746
vertex -57.68905258178711 23.803985595703125 -8.791932106018066
vertex -57.501461029052734 23.747079849243164 -8.797612190246582
endloop
endfacet
facet normal 1.0172631896590072e-7 0.09931892626726291 -0.9950556521547463
outer loop
vertex -68.68842315673828 21.9614200592041 -8.975844383239746
vertex -57.501461029052734 23.747079849243164 -8.797612190246582
vertex -57.30636978149414 23.72786521911621 -8.799530029296875
endloop
endfacet
facet normal -4.5510040721744706e-7 0.09932247877609125 -0.9950552975636912
outer loop
vertex -57.30636978149414 23.72786521911621 -8.799530029296875
vertex -57.11127853393555 23.747079849243164 -8.797612190246582
vertex -68.68842315673828 21.9614200592041 -8.975844383239746
endloop
endfacet
facet normal 3.9098092110009833e-8 0.09931942223240127 -0.9950556026511385
outer loop
vertex -58.01347732543945 24.02075958251953 -8.770295143127441
vertex -57.8619384765625 23.89639663696289 -8.782708168029785
vertex -66.09044647216797 24.044553756713867 -8.76792049407959
endloop
endfacet
facet normal 6.464632274800517e-8 0.0993208271606949 -0.9950554624201161
outer loop
vertex -57.68905258178711 23.803985595703125 -8.791932106018066
vertex -66.09044647216797 24.044553756713867 -8.76792049407959
vertex -57.8619384765625 23.89639663696289 -8.782708168029785
endloop
endfacet
facet normal -6.084645562866362e-8 0.09931822239541223 -0.9950557224096607
outer loop
vertex 53.36924362182617 22.507492065429688 -8.92133903503418
vertex -3.7036314010620117 24.91374969482422 -8.68116283416748
vertex -3.4082343578338623 25.207433700561523 -8.651849746704102
endloop
endfacet
facet normal 1.9635004592923187e-7 0.0993198775301904 -0.9950555572064052
outer loop
vertex 55.27643585205078 25.447587966918945 -8.62787914276123
vertex 41.39695358276367 49.74485397338867 -6.202689170837402
vertex 41.592044830322266 49.72563934326172 -6.204607009887695
endloop
endfacet
facet normal -1.7569611868796343e-7 0.0993196698939539 -0.9950555779312656
outer loop
vertex 55.27643585205078 25.447587966918945 -8.62787914276123
vertex 41.592044830322266 49.72563934326172 -6.204607009887695
vertex 41.78713607788086 49.74485397338867 -6.202689170837402
endloop
endfacet
facet normal 0.0000014756046696632738 0.09932057761580088 -0.9950554873271572
outer loop
vertex 55.27643585205078 25.447587966918945 -8.62787914276123
vertex 41.78713607788086 49.74485397338867 -6.202689170837402
vertex 41.974727630615234 49.8017578125 -6.197009086608887
endloop
endfacet
facet normal -3.1873210910735004e-8 0.09932046772143177 -0.9950554982972533
outer loop
vertex -5.813465595245361 24.044553756713867 -8.76792049407959
vertex -68.94918823242188 21.373884201049805 -9.034488677978516
vertex -68.68842315673828 21.9614200592041 -8.975844383239746
endloop
endfacet
facet normal -1.7940518853761464e-9 0.09931956880168853 -0.9950555880216173
outer loop
vertex -5.813465595245361 24.044553756713867 -8.76792049407959
vertex -68.68842315673828 21.9614200592041 -8.975844383239746
vertex -57.11127853393555 23.747079849243164 -8.797612190246582
endloop
endfacet
facet normal -1.6929649958727536e-8 0.09932215310926507 -0.9950553300705139
outer loop
vertex -5.813465595245361 24.044553756713867 -8.76792049407959
vertex -57.11127853393555 23.747079849243164 -8.797612190246582
vertex -56.92368698120117 23.803985595703125 -8.791932106018066
endloop
endfacet
facet normal -1.014651936233089e-8 0.09932072620630315 -0.9950554724968114
outer loop
vertex -5.813465595245361 24.044553756713867 -8.76792049407959
vertex -56.92368698120117 23.803985595703125 -8.791932106018066
vertex -56.75080108642578 23.89639663696289 -8.782708168029785
endloop
endfacet
facet normal -6.199375618082582e-9 0.09931938254006706 -0.995055606612947
outer loop
vertex -5.813465595245361 24.044553756713867 -8.76792049407959
vertex -56.75080108642578 23.89639663696289 -8.782708168029785
vertex -56.59926223754883 24.02075958251953 -8.770295143127441
endloop
endfacet
facet normal -2.2370428232886927e-7 0.09931964495994879 -0.9950555804199984
outer loop
vertex 42.147613525390625 49.894168853759766 -6.187785625457764
vertex 42.29915237426758 50.018531799316406 -6.17537260055542
vertex 55.27643585205078 25.447587966918945 -8.62787914276123
endloop
endfacet
facet normal -0.0000017366119822351447 0.0993188404806959 -0.9950556607157985
outer loop
vertex 42.147613525390625 49.894168853759766 -6.187785625457764
vertex 55.27643585205078 25.447587966918945 -8.62787914276123
vertex 41.974727630615234 49.8017578125 -6.197009086608887
endloop
endfacet
facet normal -0.0000015343442663966242 0.09931895956621913 -0.9950556488299183
outer loop
vertex 42.29915237426758 50.018531799316406 -6.17537260055542
vertex 42.42351531982422 50.17007064819336 -6.160247325897217
vertex 55.27643585205078 25.447587966918945 -8.62787914276123
endloop
endfacet
facet normal 0.0000022587004688856806 0.09932091207204122 -0.995055453942179
outer loop
vertex 42.42351531982422 50.17007064819336 -6.160247325897217
vertex 42.513938903808594 50.3392448425293 -6.1433610916137695
vertex 55.27643585205078 25.447587966918945 -8.62787914276123
endloop
endfacet
facet normal -1.1768806668449676e-9 0.09931976481359756 -0.9950555684570443
outer loop
vertex 42.513938903808594 50.3392448425293 -6.1433610916137695
vertex 57.188785552978516 56.32632827758789 -5.545770645141602
vertex 55.27643585205078 25.447587966918945 -8.62787914276123
endloop
endfacet
facet normal 4.235083018850969e-8 0.09931976214447666 -0.9950555687234572
outer loop
vertex 55.27643585205078 25.447587966918945 -8.62787914276123
vertex 57.188785552978516 56.32632827758789 -5.545770645141602
vertex 67.57786560058594 31.06769371032715 -8.066917419433594
endloop
endfacet
facet normal -2.917751557425465e-7 0.09931962607141327 -0.9950555823053049
outer loop
vertex 67.96387481689453 31.451913833618164 -8.02856731414795
vertex 67.57786560058594 31.06769371032715 -8.066917419433594
vertex 57.188785552978516 56.32632827758789 -5.545770645141602
endloop
endfacet
facet normal -1.7715676446833174e-7 0.09931967523199545 -0.9950555773984585
outer loop
vertex 69.1326904296875 33.98346710205078 -7.775885105133057
vertex 67.96387481689453 31.451913833618164 -8.02856731414795
vertex 57.188785552978516 56.32632827758789 -5.545770645141602
endloop
endfacet
facet normal 9.378343138426665e-7 0.0993202653971585 -0.9950555184915857
outer loop
vertex 69.14427947998047 34.62525939941406 -7.711825370788574
vertex 69.1326904296875 33.98346710205078 -7.775885105133057
vertex 57.188785552978516 56.32632827758789 -5.545770645141602
endloop
endfacet
facet normal 4.616892285345939e-8 0.0993209299828579 -0.9950554521569831
outer loop
vertex 54.00743865966797 24.35517692565918 -8.736915588378906
vertex -2.760134220123291 26.171918869018555 -8.555581092834473
vertex 54.03450012207031 24.40555763244629 -8.731886863708496
endloop
endfacet
facet normal -2.519162446209314e-7 0.09931903361498925 -0.9950556414400761
outer loop
vertex 57.188785552978516 56.32632827758789 -5.545770645141602
vertex 57.819950103759766 56.31072235107422 -5.547328472137451
vertex 60.33891296386719 55.13467025756836 -5.6647138595581055
endloop
endfacet
facet normal 7.893592488201034e-8 0.09932113290368695 -0.9950554319025257
outer loop
vertex 53.36924362182617 22.507492065429688 -8.92133903503418
vertex -3.4082343578338623 25.207433700561523 -8.651849746704102
vertex -3.0359930992126465 25.658374786376953 -8.606839179992676
endloop
endfacet
facet normal 6.510445289417e-7 0.09932139703012595 -0.9950554055385862
outer loop
vertex 60.73104476928711 54.72636413574219 -5.705468654632568
vertex 57.188785552978516 56.32632827758789 -5.545770645141602
vertex 60.33891296386719 55.13467025756836 -5.6647138595581055
endloop
endfacet
facet normal 1.0822417763745678e-8 0.09931974257675807 -0.995055570676576
outer loop
vertex -66.10951232910156 -55.64584732055664 -16.72208023071289
vertex 37.78357696533203 -36.282135009765625 -14.789323806762695
vertex 50.93329620361328 -55.44292068481445 -16.701824188232422
endloop
endfacet
facet normal 0 0.09932592308571846 -0.9950549537604292
outer loop
vertex -66.10951232910156 -55.64584732055664 -16.72208023071289
vertex 50.93329620361328 -55.44292068481445 -16.701824188232422
vertex 50.40763854980469 -55.64584732055664 -16.72208023071289
endloop
endfacet
facet normal 3.137562210620905e-9 0.09931973740197861 -0.9950555711930877
outer loop
vertex 18.28357696533203 -35.782135009765625 -14.73941707611084
vertex -5.813465595245361 24.044553756713867 -8.76792049407959
vertex 18.28357696533203 -21.782135009765625 -13.342031478881836
endloop
endfacet
facet normal -4.397049988845888e-8 0.09931895440937037 -0.9950556493458179
outer loop
vertex 53.36924362182617 22.507492065429688 -8.92133903503418
vertex -3.0359930992126465 25.658374786376953 -8.606839179992676
vertex -2.760134220123291 26.171918869018555 -8.555581092834473
endloop
endfacet
facet normal 2.9645521331862e-8 0.09932093045943426 -0.9950554521094145
outer loop
vertex -2.5902609825134277 26.729145050048828 -8.499961853027344
vertex 54.85810470581055 25.2250919342041 -8.650086402893066
vertex -2.760134220123291 26.171918869018555 -8.555581092834473
endloop
endfacet
facet normal -4.871546098511153e-8 0.09931825387693785 -0.9950557192674357
outer loop
vertex -2.5902609825134277 26.729145050048828 -8.499961853027344
vertex -2.534602642059326 27.291460037231445 -8.443836212158203
vertex 55.27643585205078 25.447587966918945 -8.62787914276123
endloop
endfacet
facet normal 1.0372067293144484e-8 0.0993197529905045 -0.995055569637146
outer loop
vertex 18.430023193359375 -21.42858123779297 -13.306742668151855
vertex -5.813465595245361 24.044553756713867 -8.76792049407959
vertex 53.36924362182617 22.507492065429688 -8.92133903503418
endloop
endfacet
facet normal -0.000002271300862523475 0.09931855323146878 -0.9950556893856991
outer loop
vertex 18.321638107299805 -21.590791702270508 -13.322933197021484
vertex 18.28357696533203 -21.782135009765625 -13.342031478881836
vertex -5.813465595245361 24.044553756713867 -8.76792049407959
endloop
endfacet
facet normal -0.000001162032334677282 0.09931913410203352 -0.9950556314095569
outer loop
vertex 18.430023193359375 -21.42858123779297 -13.306742668151855
vertex 18.321638107299805 -21.590791702270508 -13.322933197021484
vertex -5.813465595245361 24.044553756713867 -8.76792049407959
endloop
endfacet
facet normal 2.6191148187852655e-7 0.09931955493236382 -0.9950555894059228
outer loop
vertex 18.592235565185547 -21.320194244384766 -13.295924186706543
vertex 18.430023193359375 -21.42858123779297 -13.306742668151855
vertex 53.36924362182617 22.507492065429688 -8.92133903503418
endloop
endfacet
facet normal 0.00000383724427117285 0.09931674591130504 -0.9950558697715746
outer loop
vertex 18.78357696533203 -21.282135009765625 -13.29212474822998
vertex 18.592235565185547 -21.320194244384766 -13.295924186706543
vertex 53.36924362182617 22.507492065429688 -8.92133903503418
endloop
endfacet
facet normal -6.884382106895301e-8 0.09931857717376769 -0.9950556869985587
outer loop
vertex 53.36924362182617 22.507492065429688 -8.92133903503418
vertex -2.760134220123291 26.171918869018555 -8.555581092834473
vertex 53.426597595214844 23.082962036132812 -8.863900184631348
endloop
endfacet
facet normal 4.290823422445381e-8 0.0993205898416947 -0.9950554861079336
outer loop
vertex 53.426597595214844 23.082962036132812 -8.863900184631348
vertex -2.760134220123291 26.171918869018555 -8.555581092834473
vertex 53.596473693847656 23.64019012451172 -8.808280944824219
endloop
endfacet
facet normal -4.134278165994512e-8 0.09931873290329328 -0.9950556714548601
outer loop
vertex 53.596473693847656 23.64019012451172 -8.808280944824219
vertex -2.760134220123291 26.171918869018555 -8.555581092834473
vertex 53.84526824951172 24.10335350036621 -8.762051582336426
endloop
endfacet
facet normal -6.201492787835129e-8 0.09931969308282672 -0.9950555756167238
outer loop
vertex 53.00563430786133 -53.56269073486328 -16.51415252685547
vertex 50.93329620361328 -55.44292068481445 -16.701824188232422
vertex 37.78357696533203 -36.282135009765625 -14.789323806762695
endloop
endfacet
facet normal 9.143845294716202e-8 0.09932233056204601 -0.9950553123579188
outer loop
vertex 53.84526824951172 24.10335350036621 -8.762051582336426
vertex -2.760134220123291 26.171918869018555 -8.555581092834473
vertex 54.00743865966797 24.35517692565918 -8.736915588378906
endloop
endfacet
facet normal -6.623054902923333e-7 0.09931916951630788 -0.9950556278752221
outer loop
vertex 53.00563430786133 -53.56269073486328 -16.51415252685547
vertex 37.78357696533203 -36.282135009765625 -14.789323806762695
vertex 53.26640319824219 -52.97507858276367 -16.455501556396484
endloop
endfacet
facet normal 4.734196102771282e-9 0.0993196108549103 -0.9950555838241546
outer loop
vertex 54.03450012207031 24.40555763244629 -8.731886863708496
vertex -2.760134220123291 26.171918869018555 -8.555581092834473
vertex 54.40574264526367 24.855684280395508 -8.686958312988281
endloop
endfacet
facet normal -0.000001461666584733906 0.09931843541654915 -0.9950557011465601
outer loop
vertex 53.26640319824219 -52.97507858276367 -16.455501556396484
vertex 37.78357696533203 -36.282135009765625 -14.789323806762695
vertex 37.974918365478516 -36.244075775146484 -14.78552532196045
endloop
endfacet
facet normal 7.746747924149478e-8 0.09931982824896575 -0.9950555621253468
outer loop
vertex 53.26640319824219 -52.97507858276367 -16.455501556396484
vertex 37.974918365478516 -36.244075775146484 -14.78552532196045
vertex 38.13713073730469 -36.13568878173828 -14.774706840515137
endloop
endfacet
facet normal 1.5249427801971873e-8 0.09932006304089577 -0.9950555386899528
outer loop
vertex 54.40574264526367 24.855684280395508 -8.686958312988281
vertex -2.760134220123291 26.171918869018555 -8.555581092834473
vertex 54.85810470581055 25.2250919342041 -8.650086402893066
endloop
endfacet
facet normal -9.03676417096476e-8 0.0993163916902078 -0.9950559051337915
outer loop
vertex 54.85810470581055 25.2250919342041 -8.650086402893066
vertex -2.5902609825134277 26.729145050048828 -8.499961853027344
vertex 55.27643585205078 25.447587966918945 -8.62787914276123
endloop
endfacet
facet normal -0.0000016441224710868543 0.09931829675196584 -0.995055714986646
outer loop
vertex 53.26640319824219 -52.97507858276367 -16.455501556396484
vertex 38.13713073730469 -36.13568878173828 -14.774706840515137
vertex 38.24551773071289 -35.97347640991211 -14.758516311645508
endloop
endfacet
facet normal 0.000003976509501388606 0.09932321358435665 -0.9950552242099248
outer loop
vertex 53.26640319824219 -52.97507858276367 -16.455501556396484
vertex 38.24551773071289 -35.97347640991211 -14.758516311645508
vertex 38.28357696533203 -35.782135009765625 -14.73941707611084
endloop
endfacet
facet normal -3.2434851860399135e-8 0.09931975444524781 -0.9950555694919427
outer loop
vertex 53.26640319824219 -52.97507858276367 -16.455501556396484
vertex 38.28357696533203 -35.782135009765625 -14.73941707611084
vertex 53.36924362182617 22.507492065429688 -8.92133903503418
endloop
endfacet
facet normal 3.40748505118948e-8 0.09931973740197854 -0.9950555711930871
outer loop
vertex 53.36924362182617 22.507492065429688 -8.92133903503418
vertex 38.28357696533203 -35.782135009765625 -14.73941707611084
vertex 38.28357696533203 -21.782135009765625 -13.342031478881836
endloop
endfacet
facet normal 0 0.0993197467261023 -0.9950555702624165
outer loop
vertex 37.78357696533203 -21.282135009765625 -13.29212474822998
vertex 18.78357696533203 -21.282135009765625 -13.29212474822998
vertex 53.36924362182617 22.507492065429688 -8.92133903503418
endloop
endfacet
facet normal 0.0000030756459273612194 0.09931871161933802 -0.9950556735745067
outer loop
vertex 53.36924362182617 22.507492065429688 -8.92133903503418
vertex 38.28357696533203 -21.782135009765625 -13.342031478881836
vertex 38.24551773071289 -21.590791702270508 -13.322933197021484
endloop
endfacet
facet normal 0.0000013890807718601569 0.09931928432993545 -0.9950556164146102
outer loop
vertex 38.24551773071289 -21.590791702270508 -13.322933197021484
vertex 38.13713073730469 -21.42858123779297 -13.306742668151855
vertex 53.36924362182617 22.507492065429688 -8.92133903503418
endloop
endfacet
facet normal -9.965768513882837e-8 0.09931979536661945 -0.9950555654074413
outer loop
vertex 53.36924362182617 22.507492065429688 -8.92133903503418
vertex 38.13713073730469 -21.42858123779297 -13.306742668151855
vertex 37.974918365478516 -21.320194244384766 -13.295924186706543
endloop
endfacet
facet normal -0.000003020569593043889 0.09932081120595332 -0.995055464008046
outer loop
vertex 37.974918365478516 -21.320194244384766 -13.295924186706543
vertex 37.78357696533203 -21.282135009765625 -13.29212474822998
vertex 53.36924362182617 22.507492065429688 -8.92133903503418
endloop
endfacet
facet normal 1.4636830755813705e-8 0.09931974198797452 -0.9950555707353443
outer loop
vertex 18.28357696533203 -35.782135009765625 -14.73941707611084
vertex -66.10951232910156 -55.64584732055664 -16.72208023071289
vertex -5.813465595245361 24.044553756713867 -8.76792049407959
endloop
endfacet
facet normal 0 0.09931980007002673 -0.9950555649379837
outer loop
vertex -66.10951232910156 -55.64584732055664 -16.72208023071289
vertex 18.78357696533203 -36.282135009765625 -14.789323806762695
vertex 37.78357696533203 -36.282135009765625 -14.789323806762695
endloop
endfacet
facet normal -9.522052610366872e-7 0.09932380919793421 -0.9950551647650021
outer loop
vertex 18.321638107299805 -35.97347640991211 -14.758516311645508
vertex -66.10951232910156 -55.64584732055664 -16.72208023071289
vertex 18.28357696533203 -35.782135009765625 -14.73941707611084
endloop
endfacet
facet normal 5.199963454273703e-7 0.09931755303693096 -0.9950557892191201
outer loop
vertex 18.430023193359375 -36.13568878173828 -14.774706840515137
vertex -66.10951232910156 -55.64584732055664 -16.72208023071289
vertex 18.321638107299805 -35.97347640991211 -14.758516311645508
endloop
endfacet
facet normal 9.272312622336361e-7 0.09931577506395209 -0.9950559666785515
outer loop
vertex -66.10951232910156 -55.64584732055664 -16.72208023071289
vertex 18.592235565185547 -36.244075775146484 -14.78552532196045
vertex 18.78357696533203 -36.282135009765625 -14.789323806762695
endloop
endfacet
facet normal -2.7551840679575966e-8 0.09931990221598108 -0.9950555547424512
outer loop
vertex -66.10951232910156 -55.64584732055664 -16.72208023071289
vertex 18.430023193359375 -36.13568878173828 -14.774706840515137
vertex 18.592235565185547 -36.244075775146484 -14.78552532196045
endloop
endfacet
facet normal -1.5475554501933754e-9 0.09931975788243945 -0.995055569148866
outer loop
vertex -5.813465595245361 24.044553756713867 -8.76792049407959
vertex -69.05669403076172 -52.695350646972656 -16.427581787109375
vertex -68.94918823242188 21.373884201049805 -9.034488677978516
endloop
endfacet
facet normal 4.1011702632594265e-7 0.09932051844933021 -0.9950554932338136
outer loop
vertex 55.27643585205078 25.447587966918945 -8.62787914276123
vertex 19.26310920715332 44.63251876831055 -6.712968349456787
vertex 19.858963012695312 44.69589614868164 -6.706642150878906
endloop
endfacet
facet normal -1.4714039522919659e-8 0.09931972883700416 -0.9950555720479856
outer loop
vertex 55.27643585205078 25.447587966918945 -8.62787914276123
vertex 0.4038313925266266 44.56251907348633 -6.719954967498779
vertex 19.26310920715332 44.63251876831055 -6.712968349456787
endloop
endfacet
facet normal 1.3767197073999558e-7 0.09932016197132162 -0.9950555288153379
outer loop
vertex 55.27643585205078 25.447587966918945 -8.62787914276123
vertex -0.12105055898427963 44.358917236328125 -6.740277290344238
vertex 0.4038313925266266 44.56251907348633 -6.719954967498779
endloop
endfacet
facet normal -3.773977901122573e-8 0.09931965320149676 -0.9950555795974076
outer loop
vertex 55.27643585205078 25.447587966918945 -8.62787914276123
vertex -2.1879024505615234 42.48035430908203 -6.9277825355529785
vertex -0.12105055898427963 44.358917236328125 -6.740277290344238
endloop
endfacet
facet normal 0.0000019410719425028034 0.0993181727145128 -0.995055727366504
outer loop
vertex -5.813465595245361 24.044553756713867 -8.76792049407959
vertex -68.8249282836914 -53.256046295166016 -16.483545303344727
vertex -69.05669403076172 -52.695350646972656 -16.427581787109375
endloop
endfacet
facet normal -3.6550120130439156e-7 0.09932002677408383 -0.9950555423098058
outer loop
vertex -66.10951232910156 -55.64584732055664 -16.72208023071289
vertex -66.66536712646484 -55.41560363769531 -16.699098587036133
vertex -5.813465595245361 24.044553756713867 -8.76792049407959
endloop
endfacet
facet normal 1.2216432278206286e-7 0.09932018735672872 -0.9950555262815283
outer loop
vertex 55.27643585205078 25.447587966918945 -8.62787914276123
vertex -2.447991371154785 41.8970832824707 -6.986001014709473
vertex -2.1879024505615234 42.48035430908203 -6.9277825355529785
endloop
endfacet
facet normal -1.197603706430542e-10 0.09931976247148822 -0.995055568690818
outer loop
vertex 55.27643585205078 25.447587966918945 -8.62787914276123
vertex -2.534602642059326 27.291460037231445 -8.443836212158203
vertex -2.447991371154785 41.8970832824707 -6.986001014709473
endloop
endfacet
facet normal -3.851492415966802e-8 0.09931819106093143 -0.9950557255372098
outer loop
vertex 53.36924362182617 22.507492065429688 -8.92133903503418
vertex -5.231088638305664 24.10162925720215 -8.762223243713379
vertex -4.6710920333862305 24.270662307739258 -8.745351791381836
endloop
endfacet
facet normal -0.9205067021604072 -0.3907267731775894 0
outer loop
vertex 59.443870544433594 53.57935333251953 -4.099999904632568
vertex 67.62146759033203 34.31388854980469 0
vertex 59.443870544433594 53.57935333251953 0
endloop
endfacet
facet normal 0 0 1
outer loop
vertex -1.8029124736785889 22.22786521911621 -4.099999904632568
vertex -65.8090591430664 22.22786521911621 -4.099999904632568
vertex 16.28357696533203 -21.782135009765625 -4.099999904632568
endloop
endfacet
facet normal 0 0 1
outer loop
vertex -1.0413901805877686 41.014408111572266 -4.099999904632568
vertex -1.0413901805877686 22.98938751220703 -4.099999904632568
vertex 52.29047393798828 25.924333572387695 -4.099999904632568
endloop
endfacet
facet normal 0 0 1
outer loop
vertex -0.9350441098213196 41.27145004272461 -4.099999904632568
vertex -1.0413901805877686 41.014408111572266 -4.099999904632568
vertex 52.29047393798828 25.924333572387695 -4.099999904632568
endloop
endfacet
facet normal 0 0 1
outer loop
vertex 0.43071362376213074 42.63948059082031 -4.099999904632568
vertex -0.9350441098213196 41.27145004272461 -4.099999904632568
vertex 52.29047393798828 25.924333572387695 -4.099999904632568
endloop
endfacet
facet normal 0.38383554380303064 -0.923401470279007 0
outer loop
vertex 0.43071362376213074 42.63948059082031 -4.099999904632568
vertex 0.6875806450843811 42.746253967285156 -4.099999904632568
vertex 0.6875806450843811 42.746253967285156 0
endloop
endfacet
facet normal 0.0016629716821621558 -0.9999986172616362 0
outer loop
vertex 0.6875806450843811 42.746253967285156 -4.099999904632568
vertex 19.465452194213867 42.77748107910156 -4.099999904632568
vertex 19.465452194213867 42.77748107910156 0
endloop
endfacet
facet normal 0.38383554380303064 -0.923401470279007 0
outer loop
vertex 0.43071362376213074 42.63948059082031 0
vertex 0.43071362376213074 42.63948059082031 -4.099999904632568
vertex 0.6875806450843811 42.746253967285156 0
endloop
endfacet
facet normal 0.0016629716821621558 -0.9999986172616362 0
outer loop
vertex 0.6875806450843811 42.746253967285156 0
vertex 0.6875806450843811 42.746253967285156 -4.099999904632568
vertex 19.465452194213867 42.77748107910156 0
endloop
endfacet
facet normal -0.7025172081046807 -0.7116667565067266 0
outer loop
vertex 59.24685287475586 53.77383804321289 0
vertex 59.24685287475586 53.77383804321289 -4.099999904632568
vertex 59.443870544433594 53.57935333251953 0
endloop
endfacet
facet normal 0.7071072739571069 -0.7071062884156446 0
outer loop
vertex -67.43482208251953 20.752811431884766 -4.099999904632568
vertex -66.06633758544922 22.12129783630371 -4.099999904632568
vertex -66.06633758544922 22.12129783630371 0
endloop
endfacet
facet normal 0.38268086587637207 -0.9238805955815449 0
outer loop
vertex -66.06633758544922 22.12129783630371 -4.099999904632568
vertex -65.8090591430664 22.22786521911621 -4.099999904632568
vertex -65.8090591430664 22.22786521911621 0
endloop
endfacet
facet normal 0 0 1
outer loop
vertex -1.0413901805877686 22.98938751220703 -4.099999904632568
vertex 51.858577728271484 25.271808624267578 -4.099999904632568
vertex 52.29047393798828 25.924333572387695 -4.099999904632568
endloop
endfacet
facet normal 0 0 1
outer loop
vertex -1.0413901805877686 22.98938751220703 -4.099999904632568
vertex 48.78357696533203 -21.782135009765625 -4.099999904632568
vertex 51.858577728271484 25.271808624267578 -4.099999904632568
endloop
endfacet
facet normal 0 0 1
outer loop
vertex -1.0413901805877686 22.98938751220703 -4.099999904632568
vertex -1.8029124736785889 22.22786521911621 -4.099999904632568
vertex 48.78357696533203 -21.782135009765625 -4.099999904632568
endloop
endfacet
facet normal 0 0 1
outer loop
vertex -1.8029124736785889 22.22786521911621 -4.099999904632568
vertex 16.28357696533203 -21.782135009765625 -4.099999904632568
vertex 48.78357696533203 -21.782135009765625 -4.099999904632568
endloop
endfacet
facet normal 0.001956700722928191 -0.999998085659308 0
outer loop
vertex 57.1901969909668 54.50175857543945 0
vertex 57.1901969909668 54.50175857543945 -4.099999904632568
vertex 57.46703338623047 54.50230026245117 0
endloop
endfacet
facet normal -0.3787906358141671 -0.9254823900104739 0
outer loop
vertex 57.46703338623047 54.50230026245117 0
vertex 57.46703338623047 54.50230026245117 -4.099999904632568
vertex 59.24685287475586 53.77383804321289 0
endloop
endfacet
facet normal -0.7025172081046807 -0.7116667565067266 0
outer loop
vertex 59.24685287475586 53.77383804321289 -4.099999904632568
vertex 59.443870544433594 53.57935333251953 -4.099999904632568
vertex 59.443870544433594 53.57935333251953 0
endloop
endfacet
facet normal -0.3787906358141671 -0.9254823900104739 0
outer loop
vertex 57.46703338623047 54.50230026245117 -4.099999904632568
vertex 59.24685287475586 53.77383804321289 -4.099999904632568
vertex 59.24685287475586 53.77383804321289 0
endloop
endfacet
facet normal 0.001956700722928191 -0.999998085659308 0
outer loop
vertex 57.1901969909668 54.50175857543945 -4.099999904632568
vertex 57.46703338623047 54.50230026245117 -4.099999904632568
vertex 57.46703338623047 54.50230026245117 0
endloop
endfacet
facet normal 0 0 1
outer loop
vertex 0.6875806450843811 42.746253967285156 -4.099999904632568
vertex 0.43071362376213074 42.63948059082031 -4.099999904632568
vertex 52.29047393798828 25.924333572387695 -4.099999904632568
endloop
endfacet
facet normal 0 0 1
outer loop
vertex 19.465452194213867 42.77748107910156 -4.099999904632568
vertex 0.6875806450843811 42.746253967285156 -4.099999904632568
vertex 52.29047393798828 25.924333572387695 -4.099999904632568
endloop
endfacet
facet normal 0 0 1
outer loop
vertex 19.465452194213867 42.77748107910156 -4.099999904632568
vertex 52.29047393798828 25.924333572387695 -4.099999904632568
vertex 19.595170974731445 42.79074478149414 -4.099999904632568
endloop
endfacet
facet normal 0.10171931432276818 -0.9948131387822065 0
outer loop
vertex 19.465452194213867 42.77748107910156 -4.099999904632568
vertex 19.595170974731445 42.79074478149414 -4.099999904632568
vertex 19.595170974731445 42.79074478149414 0
endloop
endfacet
facet normal 0.20073000411821212 -0.9796466023248908 0
outer loop
vertex 19.595170974731445 42.79074478149414 -4.099999904632568
vertex 37.94967269897461 46.55158996582031 -4.099999904632568
vertex 37.94967269897461 46.55158996582031 0
endloop
endfacet
facet normal 0.10171931432276818 -0.9948131387822065 0
outer loop
vertex 19.465452194213867 42.77748107910156 0
vertex 19.465452194213867 42.77748107910156 -4.099999904632568
vertex 19.595170974731445 42.79074478149414 0
endloop
endfacet
facet normal 0.20073000411821212 -0.9796466023248908 0
outer loop
vertex 19.595170974731445 42.79074478149414 0
vertex 19.595170974731445 42.79074478149414 -4.099999904632568
vertex 37.94967269897461 46.55158996582031 0
endloop
endfacet
facet normal 0 0 1
outer loop
vertex 59.24685287475586 53.77383804321289 -4.099999904632568
vertex 52.29047393798828 25.924333572387695 -4.099999904632568
vertex 59.443870544433594 53.57935333251953 -4.099999904632568
endloop
endfacet
facet normal 0 0 1
outer loop
vertex 57.46703338623047 54.50230026245117 -4.099999904632568
vertex 52.29047393798828 25.924333572387695 -4.099999904632568
vertex 59.24685287475586 53.77383804321289 -4.099999904632568
endloop
endfacet
facet normal 0 0 1
outer loop
vertex 57.1901969909668 54.50175857543945 -4.099999904632568
vertex 52.29047393798828 25.924333572387695 -4.099999904632568
vertex 57.46703338623047 54.50230026245117 -4.099999904632568
endloop
endfacet
facet normal 0 0 1
outer loop
vertex -65.80908966064453 -54.42213439941406 -4.099999904632568
vertex -67.43485260009766 -52.947078704833984 -4.099999904632568
vertex -66.06636810302734 -54.31556701660156 -4.099999904632568
endloop
endfacet
facet normal 0 0 1
outer loop
vertex -67.43485260009766 -52.947078704833984 -4.099999904632568
vertex -65.80908966064453 -54.42213439941406 -4.099999904632568
vertex -63.268310546875 -54.030792236328125 -4.099999904632568
endloop
endfacet
facet normal 0.9238805955815449 -0.38268086587637207 0
outer loop
vertex -67.54138946533203 20.495532989501953 0
vertex -67.54138946533203 20.495532989501953 -4.099999904632568
vertex -67.43482208251953 20.752811431884766 0
endloop
endfacet
facet normal 0 0 1
outer loop
vertex -67.43485260009766 -52.947078704833984 -4.099999904632568
vertex -63.268310546875 -54.030792236328125 -4.099999904632568
vertex -63.1599235534668 -53.86857986450195 -4.099999904632568
endloop
endfacet
facet normal 0.7071072739571069 -0.7071062884156446 0
outer loop
vertex -67.43482208251953 20.752811431884766 0
vertex -67.43482208251953 20.752811431884766 -4.099999904632568
vertex -66.06633758544922 22.12129783630371 0
endloop
endfacet
facet normal 0.38268086587637207 -0.9238805955815449 0
outer loop
vertex -66.06633758544922 22.12129783630371 0
vertex -66.06633758544922 22.12129783630371 -4.099999904632568
vertex -65.8090591430664 22.22786521911621 0
endloop
endfacet
facet normal 0 0 1
outer loop
vertex -65.80908966064453 -54.42213439941406 -4.099999904632568
vertex -63.30636978149414 -54.42213439941406 -4.099999904632568
vertex -63.30636978149414 -54.22213363647461 -4.099999904632568
endloop
endfacet
facet normal 0 0 1
outer loop
vertex -63.268310546875 -54.030792236328125 -4.099999904632568
vertex -65.80908966064453 -54.42213439941406 -4.099999904632568
vertex -63.30636978149414 -54.22213363647461 -4.099999904632568
endloop
endfacet
facet normal 0 0 1
outer loop
vertex -67.43485260009766 -52.947078704833984 -4.099999904632568
vertex -63.1599235534668 -53.86857986450195 -4.099999904632568
vertex -62.997711181640625 -53.76019287109375 -4.099999904632568
endloop
endfacet
facet normal 0 0 1
outer loop
vertex -67.43485260009766 -52.947078704833984 -4.099999904632568
vertex -62.997711181640625 -53.76019287109375 -4.099999904632568
vertex -62.80636978149414 -53.72213363647461 -4.099999904632568
endloop
endfacet
facet normal 0.7071077667266362 0.7071057956450851 0
outer loop
vertex -66.06636810302734 -54.31556701660156 -4.099999904632568
vertex -67.43485260009766 -52.947078704833984 -4.099999904632568
vertex -67.43485260009766 -52.947078704833984 0
endloop
endfacet
facet normal 0.38268086587637207 0.9238805955815449 0
outer loop
vertex -65.80908966064453 -54.42213439941406 -4.099999904632568
vertex -66.06636810302734 -54.31556701660156 -4.099999904632568
vertex -66.06636810302734 -54.31556701660156 0
endloop
endfacet
facet normal 0.9238805955815449 0.38268086587637207 0
outer loop
vertex -67.43485260009766 -52.947078704833984 -4.099999904632568
vertex -67.54141998291016 -52.68980026245117 -4.099999904632568
vertex -67.54141998291016 -52.68980026245117 0
endloop
endfacet
facet normal -0.9999618086896929 -0.008739631687772597 0
outer loop
vertex 67.62146759033203 34.31388854980469 0
vertex 67.62146759033203 34.31388854980469 -4.099999904632568
vertex 67.6239013671875 34.035423278808594 0
endloop
endfacet
facet normal -0.9271826909853287 0.3746094733682058 0
outer loop
vertex 67.6239013671875 34.035423278808594 0
vertex 67.6239013671875 34.035423278808594 -4.099999904632568
vertex 66.89891052246094 32.241024017333984 0
endloop
endfacet
facet normal 0 1 0
outer loop
vertex -63.30636978149414 -54.42213439941406 -4.099999904632568
vertex -65.80908966064453 -54.42213439941406 -4.099999904632568
vertex -65.80908966064453 -54.42213439941406 0
endloop
endfacet
facet normal -0.7132441563625778 0.7009156678336095 0
outer loop
vertex 66.89891052246094 32.241024017333984 0
vertex 66.89891052246094 32.241024017333984 -4.099999904632568
vertex 66.70372009277344 32.04240036010742 0
endloop
endfacet
facet normal -0.3907314951272075 0.9205046978237845 0
outer loop
vertex 66.70372009277344 32.04240036010742 -4.099999904632568
vertex 52.29047393798828 25.924333572387695 0
vertex 66.70372009277344 32.04240036010742 0
endloop
endfacet
facet normal -0.9205067021604072 -0.3907267731775894 0
outer loop
vertex 59.443870544433594 53.57935333251953 -4.099999904632568
vertex 67.62146759033203 34.31388854980469 -4.099999904632568
vertex 67.62146759033203 34.31388854980469 0
endloop
endfacet
facet normal 0 0 1
outer loop
vertex -62.80636978149414 -53.72213363647461 -4.099999904632568
vertex -51.80636978149414 -53.72213363647461 -4.099999904632568
vertex -67.43485260009766 -52.947078704833984 -4.099999904632568
endloop
endfacet
facet normal 0 0 1
outer loop
vertex 59.443870544433594 53.57935333251953 -4.099999904632568
vertex 67.6239013671875 34.035423278808594 -4.099999904632568
vertex 67.62146759033203 34.31388854980469 -4.099999904632568
endloop
endfacet
facet normal 0 0 1
outer loop
vertex 59.443870544433594 53.57935333251953 -4.099999904632568
vertex 66.89891052246094 32.241024017333984 -4.099999904632568
vertex 67.6239013671875 34.035423278808594 -4.099999904632568
endloop
endfacet
facet normal 0 0 1
outer loop
vertex 59.443870544433594 53.57935333251953 -4.099999904632568
vertex 66.70372009277344 32.04240036010742 -4.099999904632568
vertex 66.89891052246094 32.241024017333984 -4.099999904632568
endloop
endfacet
facet normal 0.38268086587637207 0.9238805955815449 0
outer loop
vertex -65.80908966064453 -54.42213439941406 0
vertex -65.80908966064453 -54.42213439941406 -4.099999904632568
vertex -66.06636810302734 -54.31556701660156 0
endloop
endfacet
facet normal 0.7071077667266362 0.7071057956450851 0
outer loop
vertex -66.06636810302734 -54.31556701660156 0
vertex -66.06636810302734 -54.31556701660156 -4.099999904632568
vertex -67.43485260009766 -52.947078704833984 0
endloop
endfacet
facet normal 0.9238805955815449 0.38268086587637207 0
outer loop
vertex -67.43485260009766 -52.947078704833984 0
vertex -67.43485260009766 -52.947078704833984 -4.099999904632568
vertex -67.54141998291016 -52.68980026245117 0
endloop
endfacet
facet normal -0.9999618086896929 -0.008739631687772597 0
outer loop
vertex 67.6239013671875 34.035423278808594 -4.099999904632568
vertex 67.6239013671875 34.035423278808594 0
vertex 67.62146759033203 34.31388854980469 -4.099999904632568
endloop
endfacet
facet normal 0 0 1
outer loop
vertex -67.54138946533203 20.495532989501953 -4.099999904632568
vertex -50.21642303466797 -21.782135009765625 -4.099999904632568
vertex 16.28357696533203 -21.782135009765625 -4.099999904632568
endloop
endfacet
facet normal 0 0 1
outer loop
vertex 48.78357696533203 -54.42213439941406 -4.099999904632568
vertex 50.126243591308594 -54.42213439941406 -4.099999904632568
vertex 50.383522033691406 -54.31556701660156 -4.099999904632568
endloop
endfacet
facet normal 0 0 1
outer loop
vertex 50.383522033691406 -54.31556701660156 -4.099999904632568
vertex 51.752010345458984 -52.947078704833984 -4.099999904632568
vertex 48.78357696533203 -54.42213439941406 -4.099999904632568
endloop
endfacet
facet normal 0 0 1
outer loop
vertex 51.752010345458984 -52.947078704833984 -4.099999904632568
vertex 51.858577728271484 -52.68980026245117 -4.099999904632568
vertex 48.78357696533203 -54.42213439941406 -4.099999904632568
endloop
endfacet
facet normal -0.9271826909853287 0.3746094733682058 0
outer loop
vertex 66.89891052246094 32.241024017333984 -4.099999904632568
vertex 66.89891052246094 32.241024017333984 0
vertex 67.6239013671875 34.035423278808594 -4.099999904632568
endloop
endfacet
facet normal -0.7132441563625778 0.7009156678336095 0
outer loop
vertex 66.70372009277344 32.04240036010742 -4.099999904632568
vertex 66.70372009277344 32.04240036010742 0
vertex 66.89891052246094 32.241024017333984 -4.099999904632568
endloop
endfacet
facet normal 0 1 0
outer loop
vertex -65.80908966064453 -54.42213439941406 0
vertex -63.30636978149414 -54.42213439941406 0
vertex -63.30636978149414 -54.42213439941406 -4.099999904632568
endloop
endfacet
facet normal 0 1 0
outer loop
vertex 50.126243591308594 -54.42213439941406 -4.099999904632568
vertex 48.78357696533203 -54.42213439941406 -4.099999904632568
vertex 48.78357696533203 -54.42213439941406 0
endloop
endfacet
facet normal 0 0 1
outer loop
vertex -67.43482208251953 20.752811431884766 -4.099999904632568
vertex -67.54138946533203 20.495532989501953 -4.099999904632568
vertex 16.28357696533203 -21.782135009765625 -4.099999904632568
endloop
endfacet
facet normal 0 0 1
outer loop
vertex -66.06633758544922 22.12129783630371 -4.099999904632568
vertex -67.43482208251953 20.752811431884766 -4.099999904632568
vertex 16.28357696533203 -21.782135009765625 -4.099999904632568
endloop
endfacet
facet normal 0 0 1
outer loop
vertex -65.8090591430664 22.22786521911621 -4.099999904632568
vertex -66.06633758544922 22.12129783630371 -4.099999904632568
vertex 16.28357696533203 -21.782135009765625 -4.099999904632568
endloop
endfacet
facet normal -0.38268086587637207 0.9238805955815449 0
outer loop
vertex 50.383522033691406 -54.31556701660156 -4.099999904632568
vertex 50.126243591308594 -54.42213439941406 -4.099999904632568
vertex 50.126243591308594 -54.42213439941406 0
endloop
endfacet
facet normal -0.7071067811865475 0.7071067811865475 0
outer loop
vertex 51.752010345458984 -52.947078704833984 -4.099999904632568
vertex 50.383522033691406 -54.31556701660156 -4.099999904632568
vertex 50.383522033691406 -54.31556701660156 0
endloop
endfacet
facet normal 0 -1 0
outer loop
vertex -65.8090591430664 22.22786521911621 0
vertex -65.8090591430664 22.22786521911621 -4.099999904632568
vertex -1.8029124736785889 22.22786521911621 0
endloop
endfacet
facet normal -0.9238805955815449 0.38268086587637207 0
outer loop
vertex 51.858577728271484 -52.68980026245117 -4.099999904632568
vertex 51.752010345458984 -52.947078704833984 -4.099999904632568
vertex 51.752010345458984 -52.947078704833984 0
endloop
endfacet
facet normal 0 1 0
outer loop
vertex 50.126243591308594 -54.42213439941406 0
vertex 50.126243591308594 -54.42213439941406 -4.099999904632568
vertex 48.78357696533203 -54.42213439941406 0
endloop
endfacet
facet normal -0.38268086587637207 0.9238805955815449 0
outer loop
vertex 50.383522033691406 -54.31556701660156 0
vertex 50.383522033691406 -54.31556701660156 -4.099999904632568
vertex 50.126243591308594 -54.42213439941406 0
endloop
endfacet
facet normal 0.9238805955815449 -0.38268086587637207 0
outer loop
vertex -67.54138946533203 20.495532989501953 -4.099999904632568
vertex -67.43482208251953 20.752811431884766 -4.099999904632568
vertex -67.43482208251953 20.752811431884766 0
endloop
endfacet
facet normal -0.9238805955815449 0.38268086587637207 0
outer loop
vertex 51.858577728271484 -52.68980026245117 -4.099999904632568
vertex 51.752010345458984 -52.947078704833984 0
vertex 51.858577728271484 -52.68980026245117 0
endloop
endfacet
facet normal 0 0 1
outer loop
vertex 52.29047393798828 25.924333572387695 -4.099999904632568
vertex 66.70372009277344 32.04240036010742 -4.099999904632568
vertex 59.443870544433594 53.57935333251953 -4.099999904632568
endloop
endfacet
facet normal 0.38240508996712685 -0.9239947765908818 0
outer loop
vertex 38.06802749633789 46.58784484863281 0
vertex 38.06802749633789 46.58784484863281 -4.099999904632568
vertex 57.1901969909668 54.50175857543945 0
endloop
endfacet
facet normal 0.9999999999999131 -4.16990355430033e-7 0
outer loop
vertex -67.54138946533203 20.495532989501953 0
vertex -67.54141998291016 -52.68980026245117 -4.099999904632568
vertex -67.54138946533203 20.495532989501953 -4.099999904632568
endloop
endfacet
facet normal 0.7076944104282188 -0.7065186631991087 0
outer loop
vertex -0.9350441098213196 41.27145004272461 0
vertex -0.9350441098213196 41.27145004272461 -4.099999904632568
vertex 0.43071362376213074 42.63948059082031 0
endloop
endfacet
facet normal -1 0 0
outer loop
vertex 51.858577728271484 25.271808624267578 -4.099999904632568
vertex 51.858577728271484 -52.68980026245117 0
vertex 51.858577728271484 25.271808624267578 0
endloop
endfacet
facet normal 0 0 1
outer loop
vertex 48.78357696533203 -21.782135009765625 -4.099999904632568
vertex 48.78357696533203 -54.42213439941406 -4.099999904632568
vertex 51.858577728271484 25.271808624267578 -4.099999904632568
endloop
endfacet
facet normal -1 0 0
outer loop
vertex 51.858577728271484 25.271808624267578 -4.099999904632568
vertex 51.858577728271484 -52.68980026245117 -4.099999904632568
vertex 51.858577728271484 -52.68980026245117 0
endloop
endfacet
facet normal 0 0 1
outer loop
vertex 48.78357696533203 -54.42213439941406 -4.099999904632568
vertex 51.858577728271484 -52.68980026245117 -4.099999904632568
vertex 51.858577728271484 25.271808624267578 -4.099999904632568
endloop
endfacet
facet normal 0.9240372889727136 -0.3823023523181068 0
outer loop
vertex -1.0413901805877686 41.014408111572266 0
vertex -1.0413901805877686 41.014408111572266 -4.099999904632568
vertex -0.9350441098213196 41.27145004272461 0
endloop
endfacet
facet normal 1 0 0
outer loop
vertex -1.0413901805877686 22.98938751220703 0
vertex -1.0413901805877686 22.98938751220703 -4.099999904632568
vertex -1.0413901805877686 41.014408111572266 0
endloop
endfacet
facet normal 0.7076944104282188 -0.7065186631991087 0
outer loop
vertex -0.9350441098213196 41.27145004272461 -4.099999904632568
vertex 0.43071362376213074 42.63948059082031 -4.099999904632568
vertex 0.43071362376213074 42.63948059082031 0
endloop
endfacet
facet normal 0.9240372889727136 -0.3823023523181068 0
outer loop
vertex -1.0413901805877686 41.014408111572266 -4.099999904632568
vertex -0.9350441098213196 41.27145004272461 -4.099999904632568
vertex -0.9350441098213196 41.27145004272461 0
endloop
endfacet
facet normal 1 0 0
outer loop
vertex -1.0413901805877686 22.98938751220703 -4.099999904632568
vertex -1.0413901805877686 41.014408111572266 -4.099999904632568
vertex -1.0413901805877686 41.014408111572266 0
endloop
endfacet
facet normal 0.292890230091062 -0.9561460731066173 0
outer loop
vertex 37.94967269897461 46.55158996582031 0
vertex 37.94967269897461 46.55158996582031 -4.099999904632568
vertex 38.06802749633789 46.58784484863281 0
endloop
endfacet
facet normal 0.9999999999999131 -4.16990355430033e-7 0
outer loop
vertex -67.54141998291016 -52.68980026245117 0
vertex -67.54141998291016 -52.68980026245117 -4.099999904632568
vertex -67.54138946533203 20.495532989501953 0
endloop
endfacet
facet normal 0 0 1
outer loop
vertex -67.54141998291016 -52.68980026245117 -4.099999904632568
vertex -50.21642303466797 -21.782135009765625 -4.099999904632568
vertex -67.54138946533203 20.495532989501953 -4.099999904632568
endloop
endfacet
facet normal 0 0 1
outer loop
vertex -51.30636978149414 -54.22213363647461 -4.099999904632568
vertex -50.21642303466797 -54.42213439941406 -4.099999904632568
vertex -50.21642303466797 -21.782135009765625 -4.099999904632568
endloop
endfacet
facet normal 0 0 1
outer loop
vertex -50.21642303466797 -21.782135009765625 -4.099999904632568
vertex -51.452816009521484 -53.86857986450195 -4.099999904632568
vertex -51.34442901611328 -54.030792236328125 -4.099999904632568
endloop
endfacet
facet normal 0.38240508996712685 -0.9239947765908818 0
outer loop
vertex 38.06802749633789 46.58784484863281 -4.099999904632568
vertex 57.1901969909668 54.50175857543945 -4.099999904632568
vertex 57.1901969909668 54.50175857543945 0
endloop
endfacet
facet normal 0 0 1
outer loop
vertex -50.21642303466797 -21.782135009765625 -4.099999904632568
vertex -51.615028381347656 -53.76019287109375 -4.099999904632568
vertex -51.452816009521484 -53.86857986450195 -4.099999904632568
endloop
endfacet
facet normal 0 0 1
outer loop
vertex -51.34442901611328 -54.030792236328125 -4.099999904632568
vertex -51.30636978149414 -54.22213363647461 -4.099999904632568
vertex -50.21642303466797 -21.782135009765625 -4.099999904632568
endloop
endfacet
facet normal 0 0 1
outer loop
vertex -50.21642303466797 -21.782135009765625 -4.099999904632568
vertex -51.80636978149414 -53.72213363647461 -4.099999904632568
vertex -51.615028381347656 -53.76019287109375 -4.099999904632568
endloop
endfacet
facet normal 0.292890230091062 -0.9561460731066173 0
outer loop
vertex 37.94967269897461 46.55158996582031 -4.099999904632568
vertex 38.06802749633789 46.58784484863281 -4.099999904632568
vertex 38.06802749633789 46.58784484863281 0
endloop
endfacet
facet normal 0 1 0
outer loop
vertex -50.21642303466797 -54.42213439941406 -4.099999904632568
vertex -51.30636978149414 -54.42213439941406 0
vertex -50.21642303466797 -54.42213439941406 0
endloop
endfacet
facet normal 0 1 0
outer loop
vertex -51.30636978149414 -54.42213439941406 -4.099999904632568
vertex -51.30636978149414 -54.42213439941406 0
vertex -50.21642303466797 -54.42213439941406 -4.099999904632568
endloop
endfacet
facet normal -0.833886193654003 0.5519364239051803 0
outer loop
vertex 52.29047393798828 25.924333572387695 -4.099999904632568
vertex 51.858577728271484 25.271808624267578 -4.099999904632568
vertex 51.858577728271484 25.271808624267578 0
endloop
endfacet
facet normal 0 0 1
outer loop
vertex -51.30636978149414 -54.22213363647461 -4.099999904632568
vertex -51.30636978149414 -54.42213439941406 -4.099999904632568
vertex -50.21642303466797 -54.42213439941406 -4.099999904632568
endloop
endfacet
facet normal -0.833886193654003 0.5519364239051803 0
outer loop
vertex 51.858577728271484 25.271808624267578 0
vertex 52.29047393798828 25.924333572387695 0
vertex 52.29047393798828 25.924333572387695 -4.099999904632568
endloop
endfacet
facet normal 0 0 1
outer loop
vertex 38.06802749633789 46.58784484863281 -4.099999904632568
vertex 52.29047393798828 25.924333572387695 -4.099999904632568
vertex 57.1901969909668 54.50175857543945 -4.099999904632568
endloop
endfacet
facet normal 0 0 1
outer loop
vertex 37.94967269897461 46.55158996582031 -4.099999904632568
vertex 52.29047393798828 25.924333572387695 -4.099999904632568
vertex 38.06802749633789 46.58784484863281 -4.099999904632568
endloop
endfacet
facet normal 0 0 1
outer loop
vertex -50.21642303466797 -21.782135009765625 -4.099999904632568
vertex -67.43485260009766 -52.947078704833984 -4.099999904632568
vertex -51.80636978149414 -53.72213363647461 -4.099999904632568
endloop
endfacet
facet normal 0 0 1
outer loop
vertex -67.54141998291016 -52.68980026245117 -4.099999904632568
vertex -67.43485260009766 -52.947078704833984 -4.099999904632568
vertex -50.21642303466797 -21.782135009765625 -4.099999904632568
endloop
endfacet
facet normal 0 -1 0
outer loop
vertex -1.8029124736785889 22.22786521911621 0
vertex -65.8090591430664 22.22786521911621 -4.099999904632568
vertex -1.8029124736785889 22.22786521911621 -4.099999904632568
endloop
endfacet
facet normal -0.3907314951272075 0.9205046978237845 0
outer loop
vertex 52.29047393798828 25.924333572387695 0
vertex 66.70372009277344 32.04240036010742 -4.099999904632568
vertex 52.29047393798828 25.924333572387695 -4.099999904632568
endloop
endfacet
facet normal 0 0 1
outer loop
vertex 37.94967269897461 46.55158996582031 -4.099999904632568
vertex 19.595170974731445 42.79074478149414 -4.099999904632568
vertex 52.29047393798828 25.924333572387695 -4.099999904632568
endloop
endfacet
facet normal 0.7071067811865476 -0.7071067811865476 0
outer loop
vertex -1.8029124736785889 22.22786521911621 0
vertex -1.8029124736785889 22.22786521911621 -4.099999904632568
vertex -1.0413901805877686 22.98938751220703 0
endloop
endfacet
facet normal 0.7071067811865476 -0.7071067811865476 0
outer loop
vertex -1.8029124736785889 22.22786521911621 -4.099999904632568
vertex -1.0413901805877686 22.98938751220703 -4.099999904632568
vertex -1.0413901805877686 22.98938751220703 0
endloop
endfacet
facet normal -0.7071067811865475 0.7071067811865475 0
outer loop
vertex 51.752010345458984 -52.947078704833984 0
vertex 51.752010345458984 -52.947078704833984 -4.099999904632568
vertex 50.383522033691406 -54.31556701660156 0
endloop
endfacet
facet normal 0 0 1
outer loop
vertex 10.783576965332031 -36.782135009765625 -11.899999618530273
vertex -50.21642303466797 -54.782135009765625 -11.899999618530273
vertex 10.783576965332031 -54.782135009765625 -11.899999618530273
endloop
endfacet
facet normal 0 1 0
outer loop
vertex 10.783576965332031 -54.782135009765625 -11.899999618530273
vertex -50.21642303466797 -54.782135009765625 0
vertex 10.783576965332031 -54.782135009765625 -8.199999809265137
endloop
endfacet
facet normal -1 0 0
outer loop
vertex 10.783576965332031 -54.782135009765625 -11.899999618530273
vertex 10.783576965332031 -54.782135009765625 -8.199999809265137
vertex 10.783576965332031 -36.782135009765625 -8.199999809265137
endloop
endfacet
facet normal -1 0 0
outer loop
vertex 10.783576965332031 -36.782135009765625 -11.899999618530273
vertex 10.783576965332031 -54.782135009765625 -11.899999618530273
vertex 10.783576965332031 -36.782135009765625 -8.199999809265137
endloop
endfacet
facet normal 0 1 0
outer loop
vertex 10.783576965332031 -36.782135009765625 -11.899999618530273
vertex 16.28357696533203 -36.782135009765625 -8.199999809265137
vertex 16.28357696533203 -36.782135009765625 -11.899999618530273
endloop
endfacet
facet normal 0 0 1
outer loop
vertex 16.28357696533203 -21.782135009765625 -11.899999618530273
vertex 10.783576965332031 -36.782135009765625 -11.899999618530273
vertex 16.28357696533203 -36.782135009765625 -11.899999618530273
endloop
endfacet
facet normal 0 1 0
outer loop
vertex 16.28357696533203 -36.782135009765625 -8.199999809265137
vertex 10.783576965332031 -36.782135009765625 -11.899999618530273
vertex 10.783576965332031 -36.782135009765625 -8.199999809265137
endloop
endfacet
facet normal -1 0 0
outer loop
vertex 16.28357696533203 -36.782135009765625 -11.899999618530273
vertex 16.28357696533203 -36.782135009765625 -8.199999809265137
vertex 16.28357696533203 -21.782135009765625 -8.199999809265137
endloop
endfacet
facet normal 1 0 0
outer loop
vertex -50.21642303466797 -54.782135009765625 0
vertex -50.21642303466797 -54.42213439941406 -4.099999904632568
vertex -50.21642303466797 -54.42213439941406 0
endloop
endfacet
facet normal 0 1 0
outer loop
vertex 10.783576965332031 -54.782135009765625 -8.199999809265137
vertex -50.21642303466797 -54.782135009765625 0
vertex 10.783576965332031 -54.782135009765625 0
endloop
endfacet
facet normal 0 -1 0
outer loop
vertex -50.21642303466797 -21.782135009765625 -4.099999904632568
vertex -50.21642303466797 -21.782135009765625 -11.899999618530273
vertex 16.28357696533203 -21.782135009765625 -4.099999904632568
endloop
endfacet
facet normal 0 -1 0
outer loop
vertex 16.28357696533203 -21.782135009765625 -4.099999904632568
vertex -50.21642303466797 -21.782135009765625 -11.899999618530273
vertex 16.28357696533203 -21.782135009765625 -8.199999809265137
endloop
endfacet
facet normal -1 0 0
outer loop
vertex 16.28357696533203 -21.782135009765625 -8.199999809265137
vertex 16.28357696533203 -21.782135009765625 -11.899999618530273
vertex 16.28357696533203 -36.782135009765625 -11.899999618530273
endloop
endfacet
facet normal 1 0 0
outer loop
vertex -50.21642303466797 -54.42213439941406 -4.099999904632568
vertex -50.21642303466797 -54.782135009765625 -11.899999618530273
vertex -50.21642303466797 -21.782135009765625 -4.099999904632568
endloop
endfacet
facet normal 1 0 0
outer loop
vertex -50.21642303466797 -54.782135009765625 -11.899999618530273
vertex -50.21642303466797 -54.42213439941406 -4.099999904632568
vertex -50.21642303466797 -54.782135009765625 0
endloop
endfacet
facet normal 0 1 0
outer loop
vertex 10.783576965332031 -54.782135009765625 -11.899999618530273
vertex -50.21642303466797 -54.782135009765625 -11.899999618530273
vertex -50.21642303466797 -54.782135009765625 0
endloop
endfacet
facet normal 0 -1 0
outer loop
vertex -50.21642303466797 -21.782135009765625 -11.899999618530273
vertex 16.28357696533203 -21.782135009765625 -11.899999618530273
vertex 16.28357696533203 -21.782135009765625 -8.199999809265137
endloop
endfacet
facet normal 0 0 1
outer loop
vertex -50.21642303466797 -21.782135009765625 -11.899999618530273
vertex 10.783576965332031 -36.782135009765625 -11.899999618530273
vertex 16.28357696533203 -21.782135009765625 -11.899999618530273
endloop
endfacet
facet normal 1 0 0
outer loop
vertex -50.21642303466797 -54.782135009765625 -11.899999618530273
vertex -50.21642303466797 -21.782135009765625 -11.899999618530273
vertex -50.21642303466797 -21.782135009765625 -4.099999904632568
endloop
endfacet
facet normal 0 0 1
outer loop
vertex -50.21642303466797 -21.782135009765625 -11.899999618530273
vertex -50.21642303466797 -54.782135009765625 -11.899999618530273
vertex 10.783576965332031 -36.782135009765625 -11.899999618530273
endloop
endfacet
facet normal 0 1 0
outer loop
vertex 10.783576965332031 -54.782135009765625 -8.199999809265137
vertex 13.533576965332031 -54.782135009765625 -6.699999809265137
vertex 13.283576965332031 -54.782135009765625 -8.199999809265137
endloop
endfacet
facet normal 0 -1 0
outer loop
vertex 48.78357696533203 -21.782135009765625 -4.099999904632568
vertex 16.28357696533203 -21.782135009765625 -8.199999809265137
vertex 48.78357696533203 -21.782135009765625 -8.199999809265137
endloop
endfacet
facet normal 0 0 1
outer loop
vertex 10.783576965332031 -36.782135009765625 -8.199999809265137
vertex 10.783576965332031 -54.782135009765625 -8.199999809265137
vertex 13.283576965332031 -45.782135009765625 -8.199999809265137
endloop
endfacet
facet normal 0 1 0
outer loop
vertex 35.592044830322266 -54.782135009765625 -5
vertex 14.533576965332031 -54.782135009765625 -5.699999809265137
vertex 10.783576965332031 -54.782135009765625 0
endloop
endfacet
facet normal 0 1 0
outer loop
vertex 13.533576965332031 -54.782135009765625 -6.699999809265137
vertex 10.783576965332031 -54.782135009765625 -8.199999809265137
vertex 10.783576965332031 -54.782135009765625 0
endloop
endfacet
facet normal 0 0 1
outer loop
vertex 16.28357696533203 -21.782135009765625 -8.199999809265137
vertex 16.28357696533203 -36.782135009765625 -8.199999809265137
vertex 20.733577728271484 -23.88213348388672 -8.199999809265137
endloop
endfacet
facet normal 0 1 0
outer loop
vertex 13.533576965332031 -54.782135009765625 -8.199999809265137
vertex 13.283576965332031 -54.782135009765625 -8.199999809265137
vertex 13.533576965332031 -54.782135009765625 -6.699999809265137
endloop
endfacet
facet normal 0 0 1
outer loop
vertex 16.28357696533203 -21.782135009765625 -8.199999809265137
vertex 20.733577728271484 -23.88213348388672 -8.199999809265137
vertex 48.78357696533203 -21.782135009765625 -8.199999809265137
endloop
endfacet
facet normal 0 0 1
outer loop
vertex 24.83357810974121 -23.88213348388672 -8.199999809265137
vertex 24.83357810974121 -33.682132720947266 -8.199999809265137
vertex 48.78357696533203 -21.782135009765625 -8.199999809265137
endloop
endfacet
facet normal 0 0 1
outer loop
vertex 10.783576965332031 -54.782135009765625 -8.199999809265137
vertex 13.283576965332031 -54.782135009765625 -8.199999809265137
vertex 13.283576965332031 -45.782135009765625 -8.199999809265137
endloop
endfacet
facet normal 0 1 0
outer loop
vertex 13.609697341918945 -54.782135009765625 -6.31731653213501
vertex 13.533576965332031 -54.782135009765625 -6.699999809265137
vertex 10.783576965332031 -54.782135009765625 0
endloop
endfacet
facet normal 0 0 1
outer loop
vertex 48.78357696533203 -21.782135009765625 -8.199999809265137
vertex 20.733577728271484 -23.88213348388672 -8.199999809265137
vertex 24.83357810974121 -23.88213348388672 -8.199999809265137
endloop
endfacet
facet normal 0 -1 0
outer loop
vertex 16.28357696533203 -21.782135009765625 -4.099999904632568
vertex 16.28357696533203 -21.782135009765625 -8.199999809265137
vertex 48.78357696533203 -21.782135009765625 -4.099999904632568
endloop
endfacet
facet normal 0 1 0
outer loop
vertex 22.03357696533203 -54.782135009765625 -5.699999809265137
vertex 14.533576965332031 -54.782135009765625 -5.699999809265137
vertex 35.592044830322266 -54.782135009765625 -5
endloop
endfacet
facet normal 0 1 0
outer loop
vertex 48.78357696533203 -54.782135009765625 -8.199999809265137
vertex 23.28357696533203 -54.782135009765625 -8.199999809265137
vertex 35.592044830322266 -54.782135009765625 -5
endloop
endfacet
facet normal 0 0 1
outer loop
vertex 10.783576965332031 -36.782135009765625 -8.199999809265137
vertex 13.283576965332031 -45.782135009765625 -8.199999809265137
vertex 23.28357696533203 -45.782135009765625 -8.199999809265137
endloop
endfacet
facet normal 0 1 0
outer loop
vertex 14.533576965332031 -54.782135009765625 -5.699999809265137
vertex 14.150894165039062 -54.782135009765625 -5.776120662689209
vertex 10.783576965332031 -54.782135009765625 0
endloop
endfacet
facet normal 0 1 0
outer loop
vertex 48.78357696533203 -54.782135009765625 -8.199999809265137
vertex 35.592044830322266 -54.782135009765625 -5
vertex 47.592044830322266 -54.782135009765625 -5
endloop
endfacet
facet normal 0 1 0
outer loop
vertex 47.592044830322266 -54.782135009765625 -5
vertex 48.78357696533203 -54.782135009765625 0
vertex 48.78357696533203 -54.782135009765625 -8.199999809265137
endloop
endfacet
facet normal 0 0 1
outer loop
vertex 48.78357696533203 -21.782135009765625 -8.199999809265137
vertex 24.83357810974121 -33.682132720947266 -8.199999809265137
vertex 48.78357696533203 -54.782135009765625 -8.199999809265137
endloop
endfacet
facet normal 0 1 0
outer loop
vertex 23.28357696533203 -54.782135009765625 -8.199999809265137
vertex 23.03357696533203 -54.782135009765625 -8.199999809265137
vertex 23.03357696533203 -54.782135009765625 -6.699999809265137
endloop
endfacet
facet normal 0 1 0
outer loop
vertex 35.592044830322266 -54.782135009765625 -5
vertex 23.03357696533203 -54.782135009765625 -6.699999809265137
vertex 22.957456588745117 -54.782135009765625 -6.31731653213501
endloop
endfacet
facet normal -1 0 0
outer loop
vertex 48.78357696533203 -21.782135009765625 -8.199999809265137
vertex 48.78357696533203 -54.782135009765625 -8.199999809265137
vertex 48.78357696533203 -54.42213439941406 -4.099999904632568
endloop
endfacet
facet normal -1 0 0
outer loop
vertex 48.78357696533203 -21.782135009765625 -8.199999809265137
vertex 48.78357696533203 -54.42213439941406 -4.099999904632568
vertex 48.78357696533203 -21.782135009765625 -4.099999904632568
endloop
endfacet
facet normal -1 0 0
outer loop
vertex 48.78357696533203 -54.42213439941406 -4.099999904632568
vertex 48.78357696533203 -54.782135009765625 -8.199999809265137
vertex 48.78357696533203 -54.42213439941406 0
endloop
endfacet
facet normal 0 1 0
outer loop
vertex 14.150894165039062 -54.782135009765625 -5.776120662689209
vertex 13.826470375061035 -54.782135009765625 -5.992893218994141
vertex 10.783576965332031 -54.782135009765625 0
endloop
endfacet
facet normal 0 1 0
outer loop
vertex 13.826470375061035 -54.782135009765625 -5.992893218994141
vertex 13.609697341918945 -54.782135009765625 -6.31731653213501
vertex 10.783576965332031 -54.782135009765625 0
endloop
endfacet
facet normal 0 0 1
outer loop
vertex 24.83357810974121 -33.682132720947266 -8.199999809265137
vertex 20.733577728271484 -33.682132720947266 -8.199999809265137
vertex 48.78357696533203 -54.782135009765625 -8.199999809265137
endloop
endfacet
facet normal 0 0 1
outer loop
vertex 20.733577728271484 -33.682132720947266 -8.199999809265137
vertex 16.28357696533203 -36.782135009765625 -8.199999809265137
vertex 48.78357696533203 -54.782135009765625 -8.199999809265137
endloop
endfacet
facet normal -1 0 0
outer loop
vertex 48.78357696533203 -54.42213439941406 0
vertex 48.78357696533203 -54.782135009765625 -8.199999809265137
vertex 48.78357696533203 -54.782135009765625 0
endloop
endfacet
facet normal 0 0 1
outer loop
vertex 20.733577728271484 -33.682132720947266 -8.199999809265137
vertex 20.733577728271484 -23.88213348388672 -8.199999809265137
vertex 16.28357696533203 -36.782135009765625 -8.199999809265137
endloop
endfacet
facet normal 0 0 1
outer loop
vertex 16.28357696533203 -36.782135009765625 -8.199999809265137
vertex 10.783576965332031 -36.782135009765625 -8.199999809265137
vertex 48.78357696533203 -54.782135009765625 -8.199999809265137
endloop
endfacet
facet normal 0 0 1
outer loop
vertex 23.28357696533203 -45.782135009765625 -8.199999809265137
vertex 23.28357696533203 -54.782135009765625 -8.199999809265137
vertex 48.78357696533203 -54.782135009765625 -8.199999809265137
endloop
endfacet
facet normal 0 1 0
outer loop
vertex 23.28357696533203 -54.782135009765625 -8.199999809265137
vertex 23.03357696533203 -54.782135009765625 -6.699999809265137
vertex 35.592044830322266 -54.782135009765625 -5
endloop
endfacet
facet normal 0 0 1
outer loop
vertex 10.783576965332031 -36.782135009765625 -8.199999809265137
vertex 23.28357696533203 -45.782135009765625 -8.199999809265137
vertex 48.78357696533203 -54.782135009765625 -8.199999809265137
endloop
endfacet
facet normal 0 1 0
outer loop
vertex 22.416261672973633 -54.782135009765625 -5.776120662689209
vertex 22.03357696533203 -54.782135009765625 -5.699999809265137
vertex 35.592044830322266 -54.782135009765625 -5
endloop
endfacet
facet normal 0 1 0
outer loop
vertex 48.78357696533203 -54.782135009765625 0
vertex 47.592044830322266 -54.782135009765625 -5
vertex 47.592044830322266 -54.782135009765625 0
endloop
endfacet
facet normal 0 1 0
outer loop
vertex 35.592044830322266 -54.782135009765625 -5
vertex 22.740684509277344 -54.782135009765625 -5.992893218994141
vertex 22.416261672973633 -54.782135009765625 -5.776120662689209
endloop
endfacet
facet normal 0 1 0
outer loop
vertex 35.592044830322266 -54.782135009765625 -5
vertex 22.957456588745117 -54.782135009765625 -6.31731653213501
vertex 22.740684509277344 -54.782135009765625 -5.992893218994141
endloop
endfacet
facet normal 0 1 0
outer loop
vertex 35.592044830322266 -54.782135009765625 -5
vertex 10.783576965332031 -54.782135009765625 0
vertex 35.592044830322266 -54.782135009765625 0
endloop
endfacet
facet normal -1 0 0
outer loop
vertex 23.28357696533203 -45.782135009765625 -8.199999809265137
vertex 23.28357696533203 -45.782135009765625 -9.5
vertex 23.28357696533203 -54.782135009765625 -8.199999809265137
endloop
endfacet
facet normal 0 1 0
outer loop
vertex 22.740684509277344 -54.782135009765625 -8.907106399536133
vertex 22.957456588745117 -54.782135009765625 -8.582683563232422
vertex 23.28357696533203 -54.782135009765625 -9.5
endloop
endfacet
facet normal 0 1 0
outer loop
vertex 13.283576965332031 -54.782135009765625 -9.5
vertex 14.150894165039062 -54.782135009765625 -9.123879432678223
vertex 14.533576965332031 -54.782135009765625 -9.199999809265137
endloop
endfacet
facet normal 0 -1 0
outer loop
vertex 13.283576965332031 -45.782135009765625 -8.199999809265137
vertex 13.283576965332031 -45.782135009765625 -9.5
vertex 23.28357696533203 -45.782135009765625 -8.199999809265137
endloop
endfacet
facet normal 0 -1 0
outer loop
vertex 23.28357696533203 -45.782135009765625 -8.199999809265137
vertex 13.283576965332031 -45.782135009765625 -9.5
vertex 23.28357696533203 -45.782135009765625 -9.5
endloop
endfacet
facet normal 0 1 0
outer loop
vertex 13.826470375061035 -54.782135009765625 -8.907106399536133
vertex 13.283576965332031 -54.782135009765625 -9.5
vertex 13.609697341918945 -54.782135009765625 -8.582683563232422
endloop
endfacet
facet normal 0 1 0
outer loop
vertex 14.533576965332031 -54.782135009765625 -9.199999809265137
vertex 22.03357696533203 -54.782135009765625 -9.199999809265137
vertex 13.283576965332031 -54.782135009765625 -9.5
endloop
endfacet
facet normal 0 1 0
outer loop
vertex 13.609697341918945 -54.782135009765625 -8.582683563232422
vertex 13.283576965332031 -54.782135009765625 -9.5
vertex 13.283576965332031 -54.782135009765625 -8.199999809265137
endloop
endfacet
facet normal 1 0 0
outer loop
vertex 13.283576965332031 -54.782135009765625 -8.199999809265137
vertex 13.283576965332031 -54.782135009765625 -9.5
vertex 13.283576965332031 -45.782135009765625 -8.199999809265137
endloop
endfacet
facet normal 1 0 0
outer loop
vertex 13.283576965332031 -45.782135009765625 -8.199999809265137
vertex 13.283576965332031 -54.782135009765625 -9.5
vertex 13.283576965332031 -45.782135009765625 -9.5
endloop
endfacet
facet normal 0 1 0
outer loop
vertex 23.28357696533203 -54.782135009765625 -9.5
vertex 13.283576965332031 -54.782135009765625 -9.5
vertex 22.03357696533203 -54.782135009765625 -9.199999809265137
endloop
endfacet
facet normal 0 1 0
outer loop
vertex 23.28357696533203 -54.782135009765625 -9.5
vertex 22.03357696533203 -54.782135009765625 -9.199999809265137
vertex 22.416261672973633 -54.782135009765625 -9.123879432678223
endloop
endfacet
facet normal 0 1 0
outer loop
vertex 14.150894165039062 -54.782135009765625 -9.123879432678223
vertex 13.283576965332031 -54.782135009765625 -9.5
vertex 13.826470375061035 -54.782135009765625 -8.907106399536133
endloop
endfacet
facet normal 0 0 1
outer loop
vertex 13.283576965332031 -45.782135009765625 -9.5
vertex 23.28357696533203 -54.782135009765625 -9.5
vertex 23.28357696533203 -45.782135009765625 -9.5
endloop
endfacet
facet normal -1 0 0
outer loop
vertex 23.28357696533203 -54.782135009765625 -9.5
vertex 23.28357696533203 -54.782135009765625 -8.199999809265137
vertex 23.28357696533203 -45.782135009765625 -9.5
endloop
endfacet
facet normal 0 1 0
outer loop
vertex 22.416261672973633 -54.782135009765625 -9.123879432678223
vertex 22.740684509277344 -54.782135009765625 -8.907106399536133
vertex 23.28357696533203 -54.782135009765625 -9.5
endloop
endfacet
facet normal 0 1 0
outer loop
vertex 13.533576965332031 -54.782135009765625 -8.199999809265137
vertex 13.609697341918945 -54.782135009765625 -8.582683563232422
vertex 13.283576965332031 -54.782135009765625 -8.199999809265137
endloop
endfacet
facet normal 0 1 0
outer loop
vertex 23.28357696533203 -54.782135009765625 -9.5
vertex 23.03357696533203 -54.782135009765625 -8.199999809265137
vertex 23.28357696533203 -54.782135009765625 -8.199999809265137
endloop
endfacet
facet normal 0 1 0
outer loop
vertex 22.957456588745117 -54.782135009765625 -8.582683563232422
vertex 23.03357696533203 -54.782135009765625 -8.199999809265137
vertex 23.28357696533203 -54.782135009765625 -9.5
endloop
endfacet
facet normal 0 0 1
outer loop
vertex 13.283576965332031 -54.782135009765625 -9.5
vertex 23.28357696533203 -54.782135009765625 -9.5
vertex 13.283576965332031 -45.782135009765625 -9.5
endloop
endfacet
facet normal 0 0 1
outer loop
vertex 24.83357810974121 -23.88213348388672 -10
vertex 21.53357696533203 -25.532135009765625 -10
vertex 24.03357696533203 -25.532135009765625 -10
endloop
endfacet
facet normal 1 0 0
outer loop
vertex 20.733577728271484 -23.88213348388672 -8.199999809265137
vertex 20.733577728271484 -33.682132720947266 -10
vertex 20.733577728271484 -23.88213348388672 -10
endloop
endfacet
facet normal 0 0 1
outer loop
vertex 20.733577728271484 -23.88213348388672 -10
vertex 21.53357696533203 -25.532135009765625 -10
vertex 24.83357810974121 -23.88213348388672 -10
endloop
endfacet
facet normal -1 0 0
outer loop
vertex 24.83357810974121 -23.88213348388672 -10
vertex 24.83357810974121 -33.682132720947266 -8.199999809265137
vertex 24.83357810974121 -23.88213348388672 -8.199999809265137
endloop
endfacet
facet normal 0 0 1
outer loop
vertex 24.03357696533203 -25.532135009765625 -10
vertex 24.03357696533203 -32.032135009765625 -10
vertex 24.83357810974121 -23.88213348388672 -10
endloop
endfacet
facet normal 0 -1 0
outer loop
vertex 20.733577728271484 -23.88213348388672 -10
vertex 24.83357810974121 -23.88213348388672 -10
vertex 24.83357810974121 -23.88213348388672 -8.199999809265137
endloop
endfacet
facet normal 0 0 1
outer loop
vertex 20.733577728271484 -33.682132720947266 -10
vertex 21.53357696533203 -25.532135009765625 -10
vertex 20.733577728271484 -23.88213348388672 -10
endloop
endfacet
facet normal 0 0 1
outer loop
vertex 20.733577728271484 -33.682132720947266 -10
vertex 21.53357696533203 -32.032135009765625 -10
vertex 21.53357696533203 -25.532135009765625 -10
endloop
endfacet
facet normal 0 -1 0
outer loop
vertex 20.733577728271484 -23.88213348388672 -8.199999809265137
vertex 20.733577728271484 -23.88213348388672 -10
vertex 24.83357810974121 -23.88213348388672 -8.199999809265137
endloop
endfacet
facet normal 0 0 1
outer loop
vertex 24.03357696533203 -32.032135009765625 -10
vertex 21.53357696533203 -32.032135009765625 -10
vertex 20.733577728271484 -33.682132720947266 -10
endloop
endfacet
facet normal 0 0 1
outer loop
vertex 24.03357696533203 -32.032135009765625 -10
vertex 20.733577728271484 -33.682132720947266 -10
vertex 24.83357810974121 -33.682132720947266 -10
endloop
endfacet
facet normal 0 0 1
outer loop
vertex 24.03357696533203 -32.032135009765625 -10
vertex 24.83357810974121 -33.682132720947266 -10
vertex 24.83357810974121 -23.88213348388672 -10
endloop
endfacet
facet normal 1 0 0
outer loop
vertex 20.733577728271484 -33.682132720947266 -10
vertex 20.733577728271484 -23.88213348388672 -8.199999809265137
vertex 20.733577728271484 -33.682132720947266 -8.199999809265137
endloop
endfacet
facet normal 0 1 0
outer loop
vertex 24.83357810974121 -33.682132720947266 -10
vertex 20.733577728271484 -33.682132720947266 -10
vertex 20.733577728271484 -33.682132720947266 -8.199999809265137
endloop
endfacet
facet normal 0 1 0
outer loop
vertex 24.83357810974121 -33.682132720947266 -10
vertex 20.733577728271484 -33.682132720947266 -8.199999809265137
vertex 24.83357810974121 -33.682132720947266 -8.199999809265137
endloop
endfacet
facet normal -1 0 0
outer loop
vertex 24.83357810974121 -23.88213348388672 -10
vertex 24.83357810974121 -33.682132720947266 -10
vertex 24.83357810974121 -33.682132720947266 -8.199999809265137
endloop
endfacet
facet normal -1 0 0
outer loop
vertex 24.03357696533203 -32.032135009765625 -11.699999809265137
vertex 24.03357696533203 -25.532135009765625 -10
vertex 24.03357696533203 -25.532135009765625 -11.699999809265137
endloop
endfacet
facet normal 1 0 0
outer loop
vertex 21.53357696533203 -25.532135009765625 -10
vertex 21.53357696533203 -32.032135009765625 -10
vertex 21.53357696533203 -25.532135009765625 -11.699999809265137
endloop
endfacet
facet normal 1 0 0
outer loop
vertex 21.53357696533203 -32.032135009765625 -11.699999809265137
vertex 21.53357696533203 -25.532135009765625 -11.699999809265137
vertex 21.53357696533203 -32.032135009765625 -10
endloop
endfacet
facet normal 0 1 0
outer loop
vertex 24.03357696533203 -32.032135009765625 -11.699999809265137
vertex 21.53357696533203 -32.032135009765625 -11.699999809265137
vertex 24.03357696533203 -32.032135009765625 -10
endloop
endfacet
facet normal 0 -1 0
outer loop
vertex 21.53357696533203 -25.532135009765625 -10
vertex 24.03357696533203 -25.532135009765625 -11.699999809265137
vertex 24.03357696533203 -25.532135009765625 -10
endloop
endfacet
facet normal 0 1 0
outer loop
vertex 24.03357696533203 -32.032135009765625 -10
vertex 21.53357696533203 -32.032135009765625 -11.699999809265137
vertex 21.53357696533203 -32.032135009765625 -10
endloop
endfacet
facet normal -1 0 0
outer loop
vertex 24.03357696533203 -32.032135009765625 -11.699999809265137
vertex 24.03357696533203 -32.032135009765625 -10
vertex 24.03357696533203 -25.532135009765625 -10
endloop
endfacet
facet normal 0 -1 0
outer loop
vertex 21.53357696533203 -25.532135009765625 -10
vertex 21.53357696533203 -25.532135009765625 -11.699999809265137
vertex 24.03357696533203 -25.532135009765625 -11.699999809265137
endloop
endfacet
facet normal -0.8314662352898057 -0.5555752870430771 0
outer loop
vertex 38.13713073730469 -21.42858123779297 -11.699999809265137
vertex 38.13713073730469 -21.42858123779297 -13.306742668151855
vertex 38.24551773071289 -21.590791702270508 -11.699999809265137
endloop
endfacet
facet normal -0.19508570553829574 0.9807861986664705 0
outer loop
vertex 37.974918365478516 -36.244075775146484 -14.78552532196045
vertex 37.78357696533203 -36.282135009765625 -14.789323806762695
vertex 37.78357696533203 -36.282135009765625 -11.699999809265137
endloop
endfacet
facet normal 0.8314737692381025 0.5555640116755071 0
outer loop
vertex 18.430023193359375 -36.13568878173828 -11.699999809265137
vertex 18.430023193359375 -36.13568878173828 -14.774706840515137
vertex 18.321638107299805 -35.97347640991211 -11.699999809265137
endloop
endfacet
facet normal 0.5555707707654927 0.831469252991977 0
outer loop
vertex 18.592235565185547 -36.244075775146484 -11.699999809265137
vertex 18.592235565185547 -36.244075775146484 -14.78552532196045
vertex 18.430023193359375 -36.13568878173828 -11.699999809265137
endloop
endfacet
facet normal 0.19508570553829574 0.9807861986664705 0
outer loop
vertex 18.78357696533203 -36.282135009765625 -11.699999809265137
vertex 18.78357696533203 -36.282135009765625 -14.789323806762695
vertex 18.592235565185547 -36.244075775146484 -11.699999809265137
endloop
endfacet
facet normal 1 0 0
outer loop
vertex 18.28357696533203 -35.782135009765625 -11.699999809265137
vertex 18.28357696533203 -35.782135009765625 -14.73941707611084
vertex 18.28357696533203 -21.782135009765625 -11.699999809265137
endloop
endfacet
facet normal 0 1 0
outer loop
vertex 37.78357696533203 -36.282135009765625 -14.789323806762695
vertex 18.78357696533203 -36.282135009765625 -11.699999809265137
vertex 37.78357696533203 -36.282135009765625 -11.699999809265137
endloop
endfacet
facet normal 0 1 0
outer loop
vertex 37.78357696533203 -36.282135009765625 -14.789323806762695
vertex 18.78357696533203 -36.282135009765625 -14.789323806762695
vertex 18.78357696533203 -36.282135009765625 -11.699999809265137
endloop
endfacet
facet normal 0 0 -1
outer loop
vertex 21.53357696533203 -25.532135009765625 -11.699999809265137
vertex 18.78357696533203 -21.282135009765625 -11.699999809265137
vertex 37.78357696533203 -21.282135009765625 -11.699999809265137
endloop
endfacet
facet normal 0 0 -1
outer loop
vertex 21.53357696533203 -25.532135009765625 -11.699999809265137
vertex 18.78357696533203 -36.282135009765625 -11.699999809265137
vertex 18.78357696533203 -21.282135009765625 -11.699999809265137
endloop
endfacet
facet normal 0 0 -1
outer loop
vertex 18.78357696533203 -21.282135009765625 -11.699999809265137
vertex 18.592235565185547 -36.244075775146484 -11.699999809265137
vertex 18.592235565185547 -21.320194244384766 -11.699999809265137
endloop
endfacet
facet normal 0 0 -1
outer loop
vertex 18.592235565185547 -21.320194244384766 -11.699999809265137
vertex 18.430023193359375 -36.13568878173828 -11.699999809265137
vertex 18.430023193359375 -21.42858123779297 -11.699999809265137
endloop
endfacet
facet normal 0.8314707515929664 -0.5555685279472081 0
outer loop
vertex 18.321638107299805 -21.590791702270508 -11.699999809265137
vertex 18.321638107299805 -21.590791702270508 -13.322933197021484
vertex 18.430023193359375 -21.42858123779297 -11.699999809265137
endloop
endfacet
facet normal 0 0 -1
outer loop
vertex 18.321638107299805 -21.590791702270508 -11.699999809265137
vertex 18.28357696533203 -35.782135009765625 -11.699999809265137
vertex 18.28357696533203 -21.782135009765625 -11.699999809265137
endloop
endfacet
facet normal 0.5555707707654927 -0.831469252991977 0
outer loop
vertex 18.430023193359375 -21.42858123779297 -11.699999809265137
vertex 18.430023193359375 -21.42858123779297 -13.306742668151855
vertex 18.592235565185547 -21.320194244384766 -11.699999809265137
endloop
endfacet
facet normal -0.5555707707654927 -0.831469252991977 0
outer loop
vertex 38.13713073730469 -21.42858123779297 -13.306742668151855
vertex 38.13713073730469 -21.42858123779297 -11.699999809265137
vertex 37.974918365478516 -21.320194244384766 -13.295924186706543
endloop
endfacet
facet normal -0.19508570553829574 -0.9807861986664704 0
outer loop
vertex 37.974918365478516 -21.320194244384766 -13.295924186706543
vertex 37.974918365478516 -21.320194244384766 -11.699999809265137
vertex 37.78357696533203 -21.282135009765625 -13.29212474822998
endloop
endfacet
facet normal -0.8314662352898057 -0.5555752870430771 0
outer loop
vertex 38.24551773071289 -21.590791702270508 -13.322933197021484
vertex 38.24551773071289 -21.590791702270508 -11.699999809265137
vertex 38.13713073730469 -21.42858123779297 -13.306742668151855
endloop
endfacet
facet normal 0.19508570553829574 -0.9807861986664704 0
outer loop
vertex 18.592235565185547 -21.320194244384766 -11.699999809265137
vertex 18.592235565185547 -21.320194244384766 -13.295924186706543
vertex 18.78357696533203 -21.282135009765625 -11.699999809265137
endloop
endfacet
facet normal 0 -1 0
outer loop
vertex 18.78357696533203 -21.282135009765625 -13.29212474822998
vertex 37.78357696533203 -21.282135009765625 -13.29212474822998
vertex 37.78357696533203 -21.282135009765625 -11.699999809265137
endloop
endfacet
facet normal 0.19508570553829574 -0.9807861986664705 0
outer loop
vertex 18.592235565185547 -21.320194244384766 -13.295924186706543
vertex 18.78357696533203 -21.282135009765625 -13.29212474822998
vertex 18.78357696533203 -21.282135009765625 -11.699999809265137
endloop
endfacet
facet normal 0.5555707707654928 -0.8314692529919772 0
outer loop
vertex 18.430023193359375 -21.42858123779297 -13.306742668151855
vertex 18.592235565185547 -21.320194244384766 -13.295924186706543
vertex 18.592235565185547 -21.320194244384766 -11.699999809265137
endloop
endfacet
facet normal 0.8314707515929664 -0.5555685279472081 0
outer loop
vertex 18.321638107299805 -21.590791702270508 -13.322933197021484
vertex 18.430023193359375 -21.42858123779297 -13.306742668151855
vertex 18.430023193359375 -21.42858123779297 -11.699999809265137
endloop
endfacet
facet normal 0.9807847000815846 -0.19509323946737928 0
outer loop
vertex 18.28357696533203 -21.782135009765625 -13.342031478881836
vertex 18.321638107299805 -21.590791702270508 -13.322933197021484
vertex 18.321638107299805 -21.590791702270508 -11.699999809265137
endloop
endfacet
facet normal 1 0 0
outer loop
vertex 18.28357696533203 -21.782135009765625 -11.699999809265137
vertex 18.28357696533203 -35.782135009765625 -14.73941707611084
vertex 18.28357696533203 -21.782135009765625 -13.342031478881836
endloop
endfacet
facet normal 0.980784327963159 0.19509511019462944 0
outer loop
vertex 18.321638107299805 -35.97347640991211 -14.758516311645508
vertex 18.28357696533203 -35.782135009765625 -14.73941707611084
vertex 18.28357696533203 -35.782135009765625 -11.699999809265137
endloop
endfacet
facet normal 0 0 -1
outer loop
vertex 37.78357696533203 -36.282135009765625 -11.699999809265137
vertex 18.78357696533203 -36.282135009765625 -11.699999809265137
vertex 37.78357696533203 -21.282135009765625 -11.699999809265137
endloop
endfacet
facet normal -0.9807865707497303 -0.19508383489408904 0
outer loop
vertex 38.28357696533203 -21.782135009765625 -13.342031478881836
vertex 38.28357696533203 -21.782135009765625 -11.699999809265137
vertex 38.24551773071289 -21.590791702270508 -13.322933197021484
endloop
endfacet
facet normal 0 0 -1
outer loop
vertex 38.28357696533203 -35.782135009765625 -11.699999809265137
vertex 38.24551773071289 -35.97347640991211 -11.699999809265137
vertex 38.28357696533203 -21.782135009765625 -11.699999809265137
endloop
endfacet
facet normal 0 0 -1
outer loop
vertex 38.24551773071289 -35.97347640991211 -11.699999809265137
vertex 38.13713073730469 -36.13568878173828 -11.699999809265137
vertex 38.24551773071289 -21.590791702270508 -11.699999809265137
endloop
endfacet
facet normal 0 0 -1
outer loop
vertex 38.13713073730469 -36.13568878173828 -11.699999809265137
vertex 37.974918365478516 -36.244075775146484 -11.699999809265137
vertex 38.13713073730469 -21.42858123779297 -11.699999809265137
endloop
endfacet
facet normal 0 0 -1
outer loop
vertex 38.24551773071289 -21.590791702270508 -11.699999809265137
vertex 38.13713073730469 -36.13568878173828 -11.699999809265137
vertex 38.13713073730469 -21.42858123779297 -11.699999809265137
endloop
endfacet
facet normal 0 0 -1
outer loop
vertex 18.78357696533203 -36.282135009765625 -11.699999809265137
vertex 24.03357696533203 -32.032135009765625 -11.699999809265137
vertex 37.78357696533203 -21.282135009765625 -11.699999809265137
endloop
endfacet
facet normal 0 0 -1
outer loop
vertex 38.28357696533203 -21.782135009765625 -11.699999809265137
vertex 38.24551773071289 -35.97347640991211 -11.699999809265137
vertex 38.24551773071289 -21.590791702270508 -11.699999809265137
endloop
endfacet
facet normal 0 0 -1
outer loop
vertex 37.974918365478516 -36.244075775146484 -11.699999809265137
vertex 37.78357696533203 -36.282135009765625 -11.699999809265137
vertex 37.974918365478516 -21.320194244384766 -11.699999809265137
endloop
endfacet
facet normal 0 0 -1
outer loop
vertex 37.974918365478516 -21.320194244384766 -11.699999809265137
vertex 37.78357696533203 -36.282135009765625 -11.699999809265137
vertex 37.78357696533203 -21.282135009765625 -11.699999809265137
endloop
endfacet
facet normal 0.19508570553829577 0.9807861986664705 0
outer loop
vertex 18.78357696533203 -36.282135009765625 -14.789323806762695
vertex 18.592235565185547 -36.244075775146484 -14.78552532196045
vertex 18.592235565185547 -36.244075775146484 -11.699999809265137
endloop
endfacet
facet normal -1 0 0
outer loop
vertex 38.28357696533203 -35.782135009765625 -11.699999809265137
vertex 38.28357696533203 -21.782135009765625 -13.342031478881836
vertex 38.28357696533203 -35.782135009765625 -14.73941707611084
endloop
endfacet
facet normal 0.5555707707654927 0.831469252991977 0
outer loop
vertex 18.592235565185547 -36.244075775146484 -14.78552532196045
vertex 18.430023193359375 -36.13568878173828 -14.774706840515137
vertex 18.430023193359375 -36.13568878173828 -11.699999809265137
endloop
endfacet
facet normal 0 0 -1
outer loop
vertex 38.13713073730469 -21.42858123779297 -11.699999809265137
vertex 37.974918365478516 -36.244075775146484 -11.699999809265137
vertex 37.974918365478516 -21.320194244384766 -11.699999809265137
endloop
endfacet
facet normal 0.8314737692381023 0.555564011675507 0
outer loop
vertex 18.430023193359375 -36.13568878173828 -14.774706840515137
vertex 18.321638107299805 -35.97347640991211 -14.758516311645508
vertex 18.321638107299805 -35.97347640991211 -11.699999809265137
endloop
endfacet
facet normal -0.9807865707497303 -0.19508383489408904 0
outer loop
vertex 38.24551773071289 -21.590791702270508 -11.699999809265137
vertex 38.24551773071289 -21.590791702270508 -13.322933197021484
vertex 38.28357696533203 -21.782135009765625 -11.699999809265137
endloop
endfacet
facet normal -0.9807861986664704 0.19508570553829574 0
outer loop
vertex 38.28357696533203 -35.782135009765625 -14.73941707611084
vertex 38.24551773071289 -35.97347640991211 -11.699999809265137
vertex 38.28357696533203 -35.782135009765625 -11.699999809265137
endloop
endfacet
facet normal -0.8314692529919772 0.5555707707654928 0
outer loop
vertex 38.24551773071289 -35.97347640991211 -11.699999809265137
vertex 38.24551773071289 -35.97347640991211 -14.758516311645508
vertex 38.13713073730469 -36.13568878173828 -11.699999809265137
endloop
endfacet
facet normal -0.5555707707654927 0.831469252991977 0
outer loop
vertex 38.13713073730469 -36.13568878173828 -11.699999809265137
vertex 38.13713073730469 -36.13568878173828 -14.774706840515137
vertex 37.974918365478516 -36.244075775146484 -11.699999809265137
endloop
endfacet
facet normal 0 0 -1
outer loop
vertex 18.430023193359375 -21.42858123779297 -11.699999809265137
vertex 18.321638107299805 -35.97347640991211 -11.699999809265137
vertex 18.321638107299805 -21.590791702270508 -11.699999809265137
endloop
endfacet
facet normal -1 0 0
outer loop
vertex 38.28357696533203 -21.782135009765625 -13.342031478881836
vertex 38.28357696533203 -35.782135009765625 -11.699999809265137
vertex 38.28357696533203 -21.782135009765625 -11.699999809265137
endloop
endfacet
facet normal 0 0 -1
outer loop
vertex 21.53357696533203 -32.032135009765625 -11.699999809265137
vertex 18.78357696533203 -36.282135009765625 -11.699999809265137
vertex 21.53357696533203 -25.532135009765625 -11.699999809265137
endloop
endfacet
facet normal 0 0 -1
outer loop
vertex 18.78357696533203 -36.282135009765625 -11.699999809265137
vertex 18.592235565185547 -36.244075775146484 -11.699999809265137
vertex 18.78357696533203 -21.282135009765625 -11.699999809265137
endloop
endfacet
facet normal -0.19508570553829577 0.9807861986664705 0
outer loop
vertex 37.974918365478516 -36.244075775146484 -11.699999809265137
vertex 37.974918365478516 -36.244075775146484 -14.78552532196045
vertex 37.78357696533203 -36.282135009765625 -11.699999809265137
endloop
endfacet
facet normal -0.9807861986664704 0.19508570553829574 0
outer loop
vertex 38.28357696533203 -35.782135009765625 -14.73941707611084
vertex 38.24551773071289 -35.97347640991211 -14.758516311645508
vertex 38.24551773071289 -35.97347640991211 -11.699999809265137
endloop
endfacet
facet normal 0 0 -1
outer loop
vertex 18.592235565185547 -36.244075775146484 -11.699999809265137
vertex 18.430023193359375 -36.13568878173828 -11.699999809265137
vertex 18.592235565185547 -21.320194244384766 -11.699999809265137
endloop
endfacet
facet normal 0 0 -1
outer loop
vertex 18.430023193359375 -36.13568878173828 -11.699999809265137
vertex 18.321638107299805 -35.97347640991211 -11.699999809265137
vertex 18.430023193359375 -21.42858123779297 -11.699999809265137
endloop
endfacet
facet normal 0 0 -1
outer loop
vertex 18.321638107299805 -35.97347640991211 -11.699999809265137
vertex 18.28357696533203 -35.782135009765625 -11.699999809265137
vertex 18.321638107299805 -21.590791702270508 -11.699999809265137
endloop
endfacet
facet normal 0 0 -1
outer loop
vertex 21.53357696533203 -32.032135009765625 -11.699999809265137
vertex 24.03357696533203 -32.032135009765625 -11.699999809265137
vertex 18.78357696533203 -36.282135009765625 -11.699999809265137
endloop
endfacet
facet normal -0.831469252991977 0.5555707707654927 0
outer loop
vertex 38.24551773071289 -35.97347640991211 -14.758516311645508
vertex 38.13713073730469 -36.13568878173828 -14.774706840515137
vertex 38.13713073730469 -36.13568878173828 -11.699999809265137
endloop
endfacet
facet normal -0.5555707707654927 0.831469252991977 0
outer loop
vertex 38.13713073730469 -36.13568878173828 -14.774706840515137
vertex 37.974918365478516 -36.244075775146484 -14.78552532196045
vertex 37.974918365478516 -36.244075775146484 -11.699999809265137
endloop
endfacet
facet normal 0 -1 0
outer loop
vertex 18.78357696533203 -21.282135009765625 -11.699999809265137
vertex 18.78357696533203 -21.282135009765625 -13.29212474822998
vertex 37.78357696533203 -21.282135009765625 -11.699999809265137
endloop
endfacet
facet normal 0 0 -1
outer loop
vertex 37.78357696533203 -21.282135009765625 -11.699999809265137
vertex 24.03357696533203 -32.032135009765625 -11.699999809265137
vertex 24.03357696533203 -25.532135009765625 -11.699999809265137
endloop
endfacet
facet normal 0.9807847000815847 -0.19509323946737928 0
outer loop
vertex 18.28357696533203 -21.782135009765625 -11.699999809265137
vertex 18.28357696533203 -21.782135009765625 -13.342031478881836
vertex 18.321638107299805 -21.590791702270508 -11.699999809265137
endloop
endfacet
facet normal 0 0 -1
outer loop
vertex 24.03357696533203 -25.532135009765625 -11.699999809265137
vertex 21.53357696533203 -25.532135009765625 -11.699999809265137
vertex 37.78357696533203 -21.282135009765625 -11.699999809265137
endloop
endfacet
facet normal -0.5555707707654928 -0.8314692529919772 0
outer loop
vertex 37.974918365478516 -21.320194244384766 -11.699999809265137
vertex 37.974918365478516 -21.320194244384766 -13.295924186706543
vertex 38.13713073730469 -21.42858123779297 -11.699999809265137
endloop
endfacet
facet normal -0.19508570553829574 -0.9807861986664705 0
outer loop
vertex 37.78357696533203 -21.282135009765625 -11.699999809265137
vertex 37.78357696533203 -21.282135009765625 -13.29212474822998
vertex 37.974918365478516 -21.320194244384766 -11.699999809265137
endloop
endfacet
facet normal 0.980784327963159 0.19509511019462944 0
outer loop
vertex 18.321638107299805 -35.97347640991211 -11.699999809265137
vertex 18.321638107299805 -35.97347640991211 -14.758516311645508
vertex 18.28357696533203 -35.782135009765625 -11.699999809265137
endloop
endfacet
facet normal -4.802070611432211e-7 -0.7071087838866759 0.707104778480584
outer loop
vertex -56.906368255615234 -55.92213439941406 0
vertex -56.906368255615234 -56.18519592285156 -0.2630630135536194
vertex -56.28919982910156 -56.190792083740234 -0.2686587870121002
endloop
endfacet
facet normal 4.802070611432211e-7 -0.7071087838866759 0.707104778480584
outer loop
vertex -57.70637130737305 -55.92213439941406 0
vertex -58.32353973388672 -56.190792083740234 -0.2686587870121002
vertex -57.70637130737305 -56.18519592285156 -0.2630630135536194
endloop
endfacet
facet normal 0.000001939136671582949 -0.7071268583987815 0.7070867034015769
outer loop
vertex 50.405723571777344 -55.92213439941406 0
vertex 43.70234298706055 -56.22013473510742 -0.2979988753795624
vertex 44.210880279541016 -56.24228286743164 -0.32014966011047363
endloop
endfacet
facet normal -1.0900688161499029e-7 -0.7071070430276802 0.7071065193453095
outer loop
vertex 44.210880279541016 -56.24228286743164 -0.32014966011047363
vertex 44.974365234375 -56.28048324584961 -0.3583499491214752
vertex 50.405723571777344 -55.92213439941406 0
endloop
endfacet
facet normal -0.0000021507209269152554 -0.7070959782962623 0.7071175839085224
outer loop
vertex 45.66991424560547 -56.327232360839844 -0.4050999879837036
vertex 46.092044830322266 -56.35934066772461 -0.4372060298919678
vertex 50.405723571777344 -55.92213439941406 0
endloop
endfacet
facet normal 6.944291705126065e-8 -0.7071069309637475 0.7071066314093125
outer loop
vertex 46.092044830322266 -56.35934066772461 -0.4372060298919678
vertex 46.092044830322266 -56.92213439941406 -1
vertex 50.405723571777344 -55.92213439941406 0
endloop
endfacet
facet normal 0 -0.7071082323162614 0.7071053300538555
outer loop
vertex 41.992042541503906 -55.92213439941406 0
vertex 42.609214782714844 -56.190792083740234 -0.2686587870121002
vertex 50.405723571777344 -55.92213439941406 0
endloop
endfacet
facet normal 1.5457702193691745e-8 -0.7071082500711351 0.7071053122989086
outer loop
vertex 41.19204330444336 -55.92213439941406 0
vertex -52.80636978149414 -56.35934066772461 -0.4372060298919678
vertex 40.57487487792969 -56.190792083740234 -0.2686587870121002
endloop
endfacet
facet normal -6.964616371204632e-8 -0.7071069309637474 0.7071066314093124
outer loop
vertex -66.10746002197266 -55.92213439941406 0
vertex -61.80636978149414 -56.92213439941406 -1
vertex -61.80636978149414 -56.35934066772461 -0.4372060298919678
endloop
endfacet
facet normal 0.0000021534262168498627 -0.7070959959525651 0.7071175662527502
outer loop
vertex -66.10746002197266 -55.92213439941406 0
vertex -61.80636978149414 -56.35934066772461 -0.4372060298919678
vertex -61.38424301147461 -56.327232360839844 -0.4050999879837036
endloop
endfacet
facet normal -3.932731315210937e-7 -0.707110842536866 0.7071027198127926
outer loop
vertex -66.10746002197266 -55.92213439941406 0
vertex -61.38424301147461 -56.327232360839844 -0.4050999879837036
vertex -60.688690185546875 -56.28048324584961 -0.3583499491214752
endloop
endfacet
facet normal 1.0911626503942731e-7 -0.7071070441153188 0.7071065182576699
outer loop
vertex -66.10746002197266 -55.92213439941406 0
vertex -60.688690185546875 -56.28048324584961 -0.3583499491214752
vertex -59.925209045410156 -56.24228286743164 -0.32014966011047363
endloop
endfacet
facet normal -0.000001940933154281155 -0.7071268376091876 0.7070867241923456
outer loop
vertex -66.10746002197266 -55.92213439941406 0
vertex -59.925209045410156 -56.24228286743164 -0.32014966011047363
vertex -59.41666793823242 -56.22013473510742 -0.2979988753795624
endloop
endfacet
facet normal 9.764444624552599e-7 -0.7070940867858833 0.7071194753586444
outer loop
vertex -66.10746002197266 -55.92213439941406 0
vertex -59.41666793823242 -56.22013473510742 -0.2979988753795624
vertex -58.32353973388672 -56.190792083740234 -0.2686587870121002
endloop
endfacet
facet normal -1.0863499678023384e-7 -0.7070738735308156 0.7071396873108708
outer loop
vertex 39.481746673583984 -56.22013473510742 -0.2979988753795624
vertex 40.57487487792969 -56.190792083740234 -0.2686587870121002
vertex -52.80636978149414 -56.35934066772461 -0.4372060298919678
endloop
endfacet
facet normal -2.1695254935148466e-7 -0.7070832658212012 0.7071302957698655
outer loop
vertex 41.19204330444336 -55.92213439941406 0
vertex -53.22849655151367 -56.327232360839844 -0.4050999879837036
vertex -52.80636978149414 -56.35934066772461 -0.4372060298919678
endloop
endfacet
facet normal 4.208994948466342e-8 -0.7071134550161821 0.7071001072939221
outer loop
vertex 41.19204330444336 -55.92213439941406 0
vertex -53.924049377441406 -56.28048324584961 -0.3583499491214752
vertex -53.22849655151367 -56.327232360839844 -0.4050999879837036
endloop
endfacet
facet normal 1.2260908024101161e-7 -0.7071505255192931 0.7070630341474319
outer loop
vertex -52.80636978149414 -56.35934066772461 -0.4372060298919678
vertex 38.97320556640625 -56.24228286743164 -0.32014966011047363
vertex 39.481746673583984 -56.22013473510742 -0.2979988753795624
endloop
endfacet
facet normal 9.143542114433432e-9 -0.7071060450754378 0.7071075172968909
outer loop
vertex -52.80636978149414 -56.35934066772461 -0.4372060298919678
vertex 38.20972442626953 -56.28048324584961 -0.3583499491214752
vertex 38.97320556640625 -56.24228286743164 -0.32014966011047363
endloop
endfacet
facet normal -9.757541160400492e-7 -0.7070940739260428 0.7071194882180236
outer loop
vertex 50.405723571777344 -55.92213439941406 0
vertex 42.609214782714844 -56.190792083740234 -0.2686587870121002
vertex 43.70234298706055 -56.22013473510742 -0.2979988753795624
endloop
endfacet
facet normal 0 -0.7071067811865476 0.7071067811865476
outer loop
vertex 50.405723571777344 -55.92213439941406 0
vertex 46.092044830322266 -56.92213439941406 -1
vertex 50.592044830322266 -56.92213439941406 -1
endloop
endfacet
facet normal -1.342195706726701e-8 -0.7071060878302008 0.7071074745422142
outer loop
vertex -54.687530517578125 -56.24228286743164 -0.32014966011047363
vertex -53.924049377441406 -56.28048324584961 -0.3583499491214752
vertex 41.19204330444336 -55.92213439941406 0
endloop
endfacet
facet normal 0 -0.7071080976610904 0.7071054647095536
outer loop
vertex -54.687530517578125 -56.24228286743164 -0.32014966011047363
vertex 41.19204330444336 -55.92213439941406 0
vertex -56.906368255615234 -55.92213439941406 0
endloop
endfacet
facet normal 4.802070611432211e-7 -0.7071087838866759 0.707104778480584
outer loop
vertex 41.19204330444336 -55.92213439941406 0
vertex 40.57487487792969 -56.190792083740234 -0.2686587870121002
vertex 41.19204330444336 -56.18519592285156 -0.2630630135536194
endloop
endfacet
facet normal 0.000005118469387886786 -0.7070903603294204 0.7071232016438237
outer loop
vertex -56.906368255615234 -55.92213439941406 0
vertex -55.19607162475586 -56.22013473510742 -0.2979988753795624
vertex -54.687530517578125 -56.24228286743164 -0.32014966011047363
endloop
endfacet
facet normal -0.000001849883557789609 -0.7071103571069148 0.7071032052456766
outer loop
vertex -56.28919982910156 -56.190792083740234 -0.2686587870121002
vertex -55.19607162475586 -56.22013473510742 -0.2979988753795624
vertex -56.906368255615234 -55.92213439941406 0
endloop
endfacet
facet normal -4.802040930178895e-7 -0.7071087838866759 0.707104778480584
outer loop
vertex 41.992042541503906 -55.92213439941406 0
vertex 41.992042541503906 -56.18519592285156 -0.2630630135536194
vertex 42.609214782714844 -56.190792083740234 -0.2686587870121002
endloop
endfacet
facet normal 0 -0.7071082323162614 0.7071053300538555
outer loop
vertex -57.70637130737305 -55.92213439941406 0
vertex -66.10746002197266 -55.92213439941406 0
vertex -58.32353973388672 -56.190792083740234 -0.2686587870121002
endloop
endfacet
facet normal 0 -0.7071069309637491 0.7071066314093141
outer loop
vertex -52.80636978149414 -56.35934066772461 -0.4372060298919678
vertex -52.80636978149414 -56.92213439941406 -1
vertex 37.092044830322266 -56.92213439941406 -1
endloop
endfacet
facet normal 0 -0.7071067811865476 0.7071067811865476
outer loop
vertex -66.10746002197266 -55.92213439941406 0
vertex -66.3063735961914 -56.92213439941406 -1
vertex -61.80636978149414 -56.92213439941406 -1
endloop
endfacet
facet normal 2.2820340225985354e-8 -0.7071139378878667 0.7070996244127935
outer loop
vertex -52.80636978149414 -56.35934066772461 -0.4372060298919678
vertex 37.5141716003418 -56.327232360839844 -0.4050999879837036
vertex 38.20972442626953 -56.28048324584961 -0.3583499491214752
endloop
endfacet
facet normal 0 -0.7070818395883207 0.7071317219050466
outer loop
vertex -52.80636978149414 -56.35934066772461 -0.4372060298919678
vertex 37.092044830322266 -56.35934066772461 -0.4372060298919678
vertex 37.5141716003418 -56.327232360839844 -0.4050999879837036
endloop
endfacet
facet normal 0 -0.7071069309637491 0.7071066314093141
outer loop
vertex -52.80636978149414 -56.35934066772461 -0.4372060298919678
vertex 37.092044830322266 -56.92213439941406 -1
vertex 37.092044830322266 -56.35934066772461 -0.4372060298919678
endloop
endfacet
facet normal 3.9281422198224973e-7 -0.707110845966763 0.7071027163828566
outer loop
vertex 44.974365234375 -56.28048324584961 -0.3583499491214752
vertex 45.66991424560547 -56.327232360839844 -0.4050999879837036
vertex 50.405723571777344 -55.92213439941406 0
endloop
endfacet
facet normal 0.2546564351819684 -0.6596583513342921 0.7071074596801648
outer loop
vertex 50.592044830322266 -56.92213439941406 -1
vertex 51.46113586425781 -56.58662796020508 -1
vertex 50.92717742919922 -55.720829010009766 0
endloop
endfacet
facet normal 0.2546587276928682 -0.659658324471856 0.7071066591150397
outer loop
vertex 50.405723571777344 -55.92213439941406 0
vertex 50.592044830322266 -56.92213439941406 -1
vertex 50.92717742919922 -55.720829010009766 0
endloop
endfacet
facet normal 0.4751369249562178 -0.5236829629829335 0.7071075284739691
outer loop
vertex 50.92717742919922 -55.720829010009766 0
vertex 51.46113586425781 -56.58662796020508 -1
vertex 53.82292556762695 -54.44377899169922 -1
endloop
endfacet
facet normal 0.4751370018051668 -0.5236834740708256 0.7071070983243684
outer loop
vertex 50.92717742919922 -55.720829010009766 0
vertex 53.82292556762695 -54.44377899169922 -1
vertex 52.99456024169922 -53.845096588134766 0
endloop
endfacet
facet normal 0.6463241274300556 -0.2868203798505209 0.7071062098469933
outer loop
vertex 54.251285552978516 -53.47850799560547 -1
vertex 53.2515754699707 -53.26593780517578 0
vertex 53.82292556762695 -54.44377899169922 -1
endloop
endfacet
facet normal 0.6463233764302047 -0.2868210843349495 0.7071066105339305
outer loop
vertex 52.99456024169922 -53.845096588134766 0
vertex 53.82292556762695 -54.44377899169922 -1
vertex 53.2515754699707 -53.26593780517578 0
endloop
endfacet
facet normal 0.7071065596009732 -0.0009633951510863069 0.7071063464847831
outer loop
vertex 53.2515754699707 -53.26593780517578 0
vertex 54.251285552978516 -53.47850799560547 -1
vertex 53.355201721191406 22.79298973083496 0
endloop
endfacet
facet normal 0.7071057969973892 -0.0009634295312124892 0.7071071090409325
outer loop
vertex 53.355201721191406 22.79298973083496 0
vertex 54.30058670043945 -17.292879104614258 -1
vertex 54.355201721191406 22.791627883911133 -1
endloop
endfacet
facet normal 0.7071064485685173 -0.0009633979112667942 0.7071064575134944
outer loop
vertex 53.355201721191406 22.79298973083496 0
vertex 54.251285552978516 -53.47850799560547 -1
vertex 54.30058670043945 -17.292879104614258 -1
endloop
endfacet
facet normal 0.7056943930612115 -0.062219357744436814 0.7057791263021583
outer loop
vertex 53.355201721191406 22.79298973083496 0
vertex 54.355201721191406 22.791627883911133 -1
vertex 53.370391845703125 22.96527671813965 0
endloop
endfacet
facet normal 0.6843114369724396 -0.18336678255617203 0.705758089067148
outer loop
vertex 53.370391845703125 22.96527671813965 0
vertex 54.355201721191406 22.791627883911133 -1
vertex 53.41550827026367 23.133647918701172 0
endloop
endfacet
facet normal 0.6420789657290582 -0.29939963797297603 0.7057580736696916
outer loop
vertex 53.41550827026367 23.133647918701172 0
vertex 54.355201721191406 22.791627883911133 -1
vertex 53.489173889160156 23.291627883911133 0
endloop
endfacet
facet normal 0.5803222519734766 -0.40636474238910114 0.7057575929506333
outer loop
vertex 53.489173889160156 23.291627883911133 0
vertex 54.355201721191406 22.791627883911133 -1
vertex 53.51702117919922 23.331396102905273 0
endloop
endfacet
facet normal 0.59541043779 -0.38342927654975556 0.7060229461251607
outer loop
vertex 54.355201721191406 22.791627883911133 -1
vertex 55.028526306152344 23.837203979492188 -1
vertex 54.3112678527832 24.564743041992188 0
endloop
endfacet
facet normal 0.5954093048939402 -0.3834297105266006 0.7060236658435765
outer loop
vertex 53.51702117919922 23.331396102905273 0
vertex 54.355201721191406 22.791627883911133 -1
vertex 54.3112678527832 24.564743041992188 0
endloop
endfacet
facet normal 0.5954063556597391 -0.38343429023135667 0.7060236658319351
outer loop
vertex 54.3112678527832 24.564743041992188 0
vertex 55.028526306152344 23.837203979492188 -1
vertex 55.14944839477539 24.024974822998047 -1
endloop
endfacet
facet normal 0.40635244963599154 -0.580330740469097 0.7057576909544935
outer loop
vertex 54.50666046142578 24.791019439697266 0
vertex 55.14944839477539 24.024974822998047 -1
vertex 54.64944839477539 24.891000747680664 0
endloop
endfacet
facet normal 0.5803288915354107 -0.4063548596213662 0.7057578236983147
outer loop
vertex 54.3112678527832 24.564743041992188 0
vertex 55.14944839477539 24.024974822998047 -1
vertex 54.38340377807617 24.667762756347656 0
endloop
endfacet
facet normal 0.29940340543394495 -0.6420776945701462 0.7057576318751664
outer loop
vertex 54.64944839477539 24.891000747680664 0
vertex 55.14944839477539 24.024974822998047 -1
vertex 54.736053466796875 24.931385040283203 0
endloop
endfacet
facet normal 0.5009521406968298 -0.5009521406968298 0.7057576818303342
outer loop
vertex 54.38340377807617 24.667762756347656 0
vertex 55.14944839477539 24.024974822998047 -1
vertex 54.50666046142578 24.791019439697266 0
endloop
endfacet
facet normal 0.29414719549056506 -0.6444888195558583 0.7057702096663839
outer loop
vertex 54.736053466796875 24.931385040283203 0
vertex 55.14944839477539 24.024974822998047 -1
vertex 67.57111358642578 30.789356231689453 0
endloop
endfacet
facet normal 0.29342151823375595 -0.6433537928484928 0.7071065760299903
outer loop
vertex 55.14944839477539 24.024974822998047 -1
vertex 68.14936828613281 29.95399284362793 -1
vertex 67.57111358642578 30.789356231689453 0
endloop
endfacet
facet normal 0.49884079931998987 -0.5011577735725469 0.7071058922973288
outer loop
vertex 67.95272827148438 31.169206619262695 0
vertex 67.57111358642578 30.789356231689453 0
vertex 68.14936828613281 29.95399284362793 -1
endloop
endfacet
facet normal 0.49883740271763594 -0.5011593661701612 0.7071071597359522
outer loop
vertex 68.14936828613281 29.95399284362793 -1
vertex 68.785400390625 30.587078094482422 -1
vertex 67.95272827148438 31.169206619262695 0
endloop
endfacet
facet normal 0.6419850638548177 -0.2964023879654943 0.707107348424324
outer loop
vertex 67.95272827148438 31.169206619262695 0
vertex 68.785400390625 30.587078094482422 -1
vertex 69.11795043945312 33.692989349365234 0
endloop
endfacet
facet normal 0.6419842063209104 -0.2964025279291196 0.7071080683118659
outer loop
vertex 69.11795043945312 33.692989349365234 0
vertex 68.785400390625 30.587078094482422 -1
vertex 70.1139907836914 33.464698791503906 -1
endloop
endfacet
facet normal 0.7069929050332296 -0.012778139499756777 0.707105191172855
outer loop
vertex 69.12935638427734 34.323638916015625 -3.5473366865462763e-12
vertex 70.1139907836914 33.464698791503906 -1
vertex 70.13298797607422 34.51578140258789 -1
endloop
endfacet
facet normal 0.7069891551064555 -0.012786624646056777 0.7071087870985773
outer loop
vertex 69.11795043945312 33.692989349365234 0
vertex 70.1139907836914 33.464698791503906 -1
vertex 69.12935638427734 34.323638916015625 -3.5473366865462763e-12
endloop
endfacet
facet normal 0.6522781641144942 0.2730083559610544 0.7071065225232102
outer loop
vertex 60.719539642333984 54.41657638549805 -3.011814362903313e-14
vertex 69.12935638427734 34.323638916015625 -3.5473366865462763e-12
vertex 61.569984436035156 54.974727630615234 -1
endloop
endfacet
facet normal 0.6522796087335623 0.27300881171626895 0.7071050139517197
outer loop
vertex 69.12935638427734 34.323638916015625 -3.5473366865462763e-12
vertex 70.13298797607422 34.51578140258789 -1
vertex 61.569984436035156 54.974727630615234 -1
endloop
endfacet
facet normal 0.5100018804757046 0.489794049601877 0.7071066898890429
outer loop
vertex 60.719539642333984 54.41657638549805 -3.011814362903313e-14
vertex 61.23865509033203 55.319725036621094 -1
vertex 60.331947326660156 54.820159912109375 -7.529535907258283e-15
endloop
endfacet
facet normal 0.5099989581029505 0.48979803998323374 0.7071060336063378
outer loop
vertex 61.23865509033203 55.319725036621094 -1
vertex 60.92399597167969 55.647361755371094 -1
vertex 60.331947326660156 54.820159912109375 -7.529535907258283e-15
endloop
endfacet
facet normal 0.5100003578667112 0.48979523306174394 0.7071069683193757
outer loop
vertex 61.569984436035156 54.974727630615234 -1
vertex 61.23865509033203 55.319725036621094 -1
vertex 60.719539642333984 54.41657638549805 -3.011814362903313e-14
endloop
endfacet
facet normal 0.2991378204585461 0.6407151236816045 0.7071072723830358
outer loop
vertex 58.05118179321289 56.988624572753906 -1
vertex 57.81752014160156 55.99409484863281 -5.27396700157536e-16
vertex 60.92399597167969 55.647361755371094 -1
endloop
endfacet
facet normal 0.2991375785844696 0.6407166498450744 0.7071059918356828
outer loop
vertex 60.331947326660156 54.820159912109375 -7.529535907258283e-15
vertex 60.92399597167969 55.647361755371094 -1
vertex 57.81752014160156 55.99409484863281 -5.27396700157536e-16
endloop
endfacet
facet normal 0.01747423140537593 0.706890735710325 0.7071068794770043
outer loop
vertex 58.05118179321289 56.988624572753906 -1
vertex 57.00645446777344 57.01445007324219 -1
vertex 57.1906852722168 56.00959014892578 -1.31849175039384e-16
endloop
endfacet
facet normal 0.017474273476935757 0.7068907168890909 0.707106897252799
outer loop
vertex 57.81752014160156 55.99409484863281 -5.27396700157536e-16
vertex 58.05118179321289 56.988624572753906 -1
vertex 57.1906852722168 56.00959014892578 -1.31849175039384e-16
endloop
endfacet
facet normal -0.2671119806400879 0.6547141537122937 0.7071071819231681
outer loop
vertex 49.783447265625 54.067588806152344 -1
vertex 37.44533920288086 49.03385543823242 -1
vertex 37.82309341430664 48.107948303222656 0
endloop
endfacet
facet normal -0.26711198975200023 0.6547141690400029 0.7071071642891096
outer loop
vertex 49.783447265625 54.067588806152344 -1
vertex 37.82309341430664 48.107948303222656 0
vertex 57.00645446777344 57.01445007324219 -1
endloop
endfacet
facet normal -0.2671121959170895 0.6547145633543935 0.7071067213115826
outer loop
vertex 57.00645446777344 57.01445007324219 -1
vertex 37.82309341430664 48.107948303222656 0
vertex 57.1906852722168 56.00959014892578 -1.31849175039384e-16
endloop
endfacet
facet normal -0.21332012459170968 0.6753916185383351 0.705932493976829
outer loop
vertex 37.44533920288086 49.03385543823242 -1
vertex 37.73517990112305 48.08018112182617 0
vertex 37.82309341430664 48.107948303222656 0
endloop
endfacet
facet normal -0.20594808207800258 0.6776541146689065 0.7059534604778795
outer loop
vertex 37.73517990112305 48.08018112182617 0
vertex 37.44533920288086 49.03385543823242 -1
vertex 37.514190673828125 48.01301956176758 0
endloop
endfacet
facet normal -0.2059514508165602 0.6776535014087999 0.705953066382566
outer loop
vertex 37.44533920288086 49.03385543823242 -1
vertex 37.2243537902832 48.96669387817383 -1
vertex 37.514190673828125 48.01301956176758 0
endloop
endfacet
facet normal -0.18335149806638948 0.6843165279313701 0.7057571237733029
outer loop
vertex 37.2243537902832 48.96669387817383 -1
vertex 37.42527770996094 47.98919677734375 0
vertex 37.514190673828125 48.01301956176758 0
endloop
endfacet
facet normal -0.14251630676347812 0.6933407692675982 0.7063764435327053
outer loop
vertex 37.2243537902832 48.96669387817383 -1
vertex 19.46137046813965 45.31550979614258 -1
vertex 19.662296295166016 44.338008880615234 0
endloop
endfacet
facet normal -0.1425167579354848 0.6933421653739325 0.706374982160428
outer loop
vertex 37.2243537902832 48.96669387817383 -1
vertex 19.662296295166016 44.338008880615234 0
vertex 37.42527770996094 47.98919677734375 0
endloop
endfacet
facet normal -0.09632951266889879 0.7020361716351678 0.7055960875067334
outer loop
vertex 19.46137046813965 45.31550979614258 -1
vertex 19.563352584838867 44.324432373046875 0
vertex 19.662296295166016 44.338008880615234 0
endloop
endfacet
facet normal -0.08288570907524818 0.7035852966097508 0.7057603627476272
outer loop
vertex 19.46137046813965 45.31550979614258 -1
vertex 19.31437110900879 44.295101165771484 0
vertex 19.563352584838867 44.324432373046875 0
endloop
endfacet
facet normal -0.07238585501120146 0.7033920871669714 0.7071066819831283
outer loop
vertex 19.46137046813965 45.31550979614258 -1
vertex 19.212011337280273 45.28984832763672 -1
vertex 19.31437110900879 44.295101165771484 0
endloop
endfacet
facet normal -0.035662579027676104 0.7066878330151705 0.7066261296650566
outer loop
vertex 19.21436309814453 44.29005432128906 0
vertex 19.31437110900879 44.295101165771484 0
vertex 19.212011337280273 45.28984832763672 -1
endloop
endfacet
facet normal -0.0016637189678913675 0.7071042704762804 0.707107334648286
outer loop
vertex 0.405143678188324 44.2455940246582 0
vertex 19.212011337280273 45.28984832763672 -1
vertex 0.2168523371219635 45.245155334472656 -1
endloop
endfacet
facet normal -0.0016715889915843417 0.7071766610947482 0.7070349183690485
outer loop
vertex 19.212011337280273 45.28984832763672 -1
vertex 0.405143678188324 44.2455940246582 0
vertex 19.21436309814453 44.29005432128906 0
endloop
endfacet
facet normal -0.25572261495428017 0.6592460494157075 0.7071071987547063
outer loop
vertex 0.2168523371219635 45.245155334472656 -1
vertex -0.11491765081882477 44.043861389160156 0
vertex 0.405143678188324 44.2455940246582 0
endloop
endfacet
facet normal -0.255721657425388 0.6592460628233182 0.7071075325405368
outer loop
vertex 0.2168523371219635 45.245155334472656 -1
vertex -0.6499165296554565 44.908935546875 -1
vertex -0.11491765081882477 44.043861389160156 0
endloop
endfacet
facet normal -0.4755960249542038 0.5232662085679086 0.7071074147671811
outer loop
vertex -0.6499165296554565 44.908935546875 -1
vertex -2.176837921142578 42.16978454589844 0
vertex -0.11491765081882477 44.043861389160156 0
endloop
endfacet
facet normal -0.4755977935389531 0.5232666428528123 0.7071059038492232
outer loop
vertex -3.0047004222869873 42.76866912841797 -1
vertex -2.176837921142578 42.16978454589844 0
vertex -0.6499165296554565 44.908935546875 -1
endloop
endfacet
facet normal -0.6458090092986626 0.2879778214351758 0.7071064261270222
outer loop
vertex -3.3310022354125977 42.03691101074219 -1
vertex -3.431950569152832 41.81052780151367 -1
vertex -2.433187961578369 41.59489822387695 0
endloop
endfacet
facet normal -0.6458097819633628 0.28797617368184447 0.7071063915083768
outer loop
vertex -3.0047004222869873 42.76866912841797 -1
vertex -3.3310022354125977 42.03691101074219 -1
vertex -2.433187961578369 41.59489822387695 0
endloop
endfacet
facet normal -0.6458100326338849 0.28797593826445034 0.7071062584436161
outer loop
vertex -3.0047004222869873 42.76866912841797 -1
vertex -2.433187961578369 41.59489822387695 0
vertex -2.176837921142578 42.16978454589844 0
endloop
endfacet
facet normal -0.7070923210291323 0.004135687521817496 0.7071091469005024
outer loop
vertex -3.431950569152832 41.81052780151367 -1
vertex -2.523369550704956 26.176250457763672 0
vertex -2.433187961578369 41.59489822387695 0
endloop
endfacet
facet normal -0.7072687417928012 0.0041141561451542245 0.7069328119432857
outer loop
vertex -3.431950569152832 41.81052780151367 -1
vertex -3.5228607654571533 26.182064056396484 -1
vertex -2.523369550704956 26.176250457763672 0
endloop
endfacet
facet normal -0.5009512859613762 0.5009531616214254 0.7057575638667583
outer loop
vertex -2.820493459701538 25.47559928894043 0
vertex -2.7568163871765137 25.539276123046875 0
vertex -3.5228607654571533 26.182064056396484 -1
endloop
endfacet
facet normal -0.7057576516909082 0.06174497195076932 0.70575753309372
outer loop
vertex -3.5228607654571533 26.182064056396484 -1
vertex -2.538053035736084 26.00841522216797 0
vertex -2.523369550704956 26.176250457763672 0
endloop
endfacet
facet normal -0.6843131604146728 0.18336239932850082 0.7057575568109615
outer loop
vertex -3.5228607654571533 26.182064056396484 -1
vertex -2.5831682682037354 25.840044021606445 0
vertex -2.538053035736084 26.00841522216797 0
endloop
endfacet
facet normal -0.6420772244240819 0.2994046400283145 0.705757535847392
outer loop
vertex -3.5228607654571533 26.182064056396484 -1
vertex -2.6568353176116943 25.682064056396484 0
vertex -2.5831682682037354 25.840044021606445 0
endloop
endfacet
facet normal -0.5803312807546316 0.40635185894668774 0.7057575867876025
outer loop
vertex -3.5228607654571533 26.182064056396484 -1
vertex -2.7568163871765137 25.539276123046875 0
vertex -2.6568353176116943 25.682064056396484 0
endloop
endfacet
facet normal -0.49949213994730746 0.5024059625683769 0.7057590600953008
outer loop
vertex -3.5228607654571533 26.182064056396484 -1
vertex -4.9855427742004395 24.72786521911621 -1
vertex -2.820493459701538 25.47559928894043 0
endloop
endfacet
facet normal -0.49949213994730746 0.5024059625683769 0.7057590600953008
outer loop
vertex -4.9855427742004395 24.72786521911621 -1
vertex -4.283175468444824 24.021400451660156 0
vertex -2.820493459701538 25.47559928894043 0
endloop
endfacet
facet normal -0.4063474066433408 0.5803346094115338 0.7057574131621956
outer loop
vertex -4.9855427742004395 24.72786521911621 -1
vertex -4.4855427742004395 23.861841201782227 0
vertex -4.34275484085083 23.961820602416992 0
endloop
endfacet
facet normal -0.500954232703351 0.5009502234016199 0.7057575578132083
outer loop
vertex -4.9855427742004395 24.72786521911621 -1
vertex -4.34275484085083 23.961820602416992 0
vertex -4.283175468444824 24.021400451660156 0
endloop
endfacet
facet normal -0.06174485074851842 0.7057575976941527 0.7057575976941527
outer loop
vertex -4.9855427742004395 24.72786521911621 -1
vertex -4.9855427742004395 23.72786521911621 0
vertex -4.811894416809082 23.743057250976562 0
endloop
endfacet
facet normal -0.1833659824383225 0.6843123269947635 0.705757433972495
outer loop
vertex -4.9855427742004395 24.72786521911621 -1
vertex -4.811894416809082 23.743057250976562 0
vertex -4.643522262573242 23.78817367553711 0
endloop
endfacet
facet normal -0.29940712085145593 0.6420764504824412 0.7057571875080768
outer loop
vertex -4.9855427742004395 24.72786521911621 -1
vertex -4.643522262573242 23.78817367553711 0
vertex -4.4855427742004395 23.861841201782227 0
endloop
endfacet
facet normal 0 0.7071067811865476 0.7071067811865476
outer loop
vertex -66.27485656738281 24.72786521911621 -1
vertex -66.08853912353516 23.72786521911621 0
vertex -4.9855427742004395 24.72786521911621 -1
endloop
endfacet
facet normal 0 0.7071067811865476 0.7071067811865476
outer loop
vertex -4.9855427742004395 24.72786521911621 -1
vertex -66.08853912353516 23.72786521911621 0
vertex -4.9855427742004395 23.72786521911621 0
endloop
endfacet
facet normal -0.2546567271813125 0.6596593926299105 0.7071063830969426
outer loop
vertex -66.27485656738281 24.72786521911621 -1
vertex -66.60999298095703 23.526561737060547 0
vertex -66.08853912353516 23.72786521911621 0
endloop
endfacet
facet normal -0.25465650819979363 0.6596593951953222 0.7071064595674615
outer loop
vertex -66.27485656738281 24.72786521911621 -1
vertex -67.1439437866211 24.39236068725586 -1
vertex -66.60999298095703 23.526561737060547 0
endloop
endfacet
facet normal -0.4751368430038699 0.5236824913385945 0.7071079328403259
outer loop
vertex -66.60999298095703 23.526561737060547 0
vertex -69.50569915771484 22.249549865722656 -1
vertex -68.6773452758789 21.650854110717773 0
endloop
endfacet
facet normal -0.47513721991571495 0.5236849981649694 0.7071058230192435
outer loop
vertex -67.1439437866211 24.39236068725586 -1
vertex -69.50569915771484 22.249549865722656 -1
vertex -66.60999298095703 23.526561737060547 0
endloop
endfacet
facet normal -0.6463103467173184 0.28684713172542076 0.707107954096854
outer loop
vertex -69.50569915771484 22.249549865722656 -1
vertex -69.93405151367188 21.284406661987305 -1
vertex -68.93435668945312 21.071767807006836 0
endloop
endfacet
facet normal -0.6463104834577734 0.28684700345500797 0.7071078811478924
outer loop
vertex -69.50569915771484 22.249549865722656 -1
vertex -68.93435668945312 21.071767807006836 0
vertex -68.6773452758789 21.650854110717773 0
endloop
endfacet
facet normal -0.7071054362467012 0.0010263805975794353 0.7071073812181791
outer loop
vertex -69.04185485839844 -52.98655700683594 0
vertex -69.93405151367188 21.284406661987305 -1
vertex -70.04214477539062 -53.18439483642578 -1
endloop
endfacet
facet normal -0.707105179522192 0.0010263871379949724 0.7071076379323954
outer loop
vertex -69.93405151367188 21.284406661987305 -1
vertex -69.04185485839844 -52.98655700683594 0
vertex -68.93435668945312 21.071767807006836 0
endloop
endfacet
facet normal -0.653477181720242 -0.27012369304240047 0.7071073210115312
outer loop
vertex -70.04214477539062 -53.18439483642578 -1
vertex -68.81346130371094 -53.53908157348633 0
vertex -69.04185485839844 -52.98655700683594 0
endloop
endfacet
facet normal -0.6534771950874458 -0.27012263987719964 0.7071077109793223
outer loop
vertex -70.04214477539062 -53.18439483642578 -1
vertex -69.66149139404297 -54.10526657104492 -1
vertex -68.81346130371094 -53.53908157348633 0
endloop
endfacet
facet normal -0.4999993318248473 -0.5000002170316616 0.7071071001927483
outer loop
vertex -69.66149139404297 -54.10526657104492 -1
vertex -66.65876770019531 -55.69377136230469 0
vertex -68.81346130371094 -53.53908157348633 0
endloop
endfacet
facet normal -0.4999990559753674 -0.4999990559753674 0.7071081162364654
outer loop
vertex -69.66149139404297 -54.10526657104492 -1
vertex -67.22522735595703 -56.54153060913086 -1
vertex -66.65876770019531 -55.69377136230469 0
endloop
endfacet
facet normal -0.2706021154617074 -0.65328008370234 0.7071065176799831
outer loop
vertex -66.65876770019531 -55.69377136230469 0
vertex -66.3063735961914 -56.92213439941406 -1
vertex -66.10746002197266 -55.92213439941406 0
endloop
endfacet
facet normal -0.2705989828224184 -0.6532801277941083 0.7071076757642969
outer loop
vertex -67.22522735595703 -56.54153060913086 -1
vertex -66.3063735961914 -56.92213439941406 -1
vertex -66.65876770019531 -55.69377136230469 0
endloop
endfacet
facet normal 0.25575835484703136 -0.5857421887970958 -0.7690863099738076
outer loop
vertex 50.40763854980469 -55.64584732055664 -16.72208023071289
vertex 50.93329620361328 -55.44292068481445 -16.701824188232422
vertex 51.46113586425781 -56.388484954833984 -15.806142807006836
endloop
endfacet
facet normal 0.25575677626653526 -0.5857460454420149 -0.7690838976618808
outer loop
vertex 50.6387825012207 -56.904090881347656 -15.686922073364258
vertex 50.592044830322266 -56.72399139404297 -15.839631080627441
vertex 51.46113586425781 -56.58662796020508 -15.655235290527344
endloop
endfacet
facet normal 0.25575678449020894 -0.5857435569764747 -0.7690857901741365
outer loop
vertex 51.46113586425781 -56.58662796020508 -15.655235290527344
vertex 50.592044830322266 -56.72399139404297 -15.839631080627441
vertex 50.40763854980469 -55.64584732055664 -16.72208023071289
endloop
endfacet
facet normal 0.2557465201625607 -0.5857533484633617 -0.7690817461029097
outer loop
vertex 50.40763854980469 -55.64584732055664 -16.72208023071289
vertex 51.46113586425781 -56.388484954833984 -15.806142807006836
vertex 51.524532318115234 -56.52910614013672 -15.677960395812988
endloop
endfacet
facet normal 0.25576891753320097 -0.5857338114649684 -0.7690891774889407
outer loop
vertex 51.46113586425781 -56.58662796020508 -15.655235290527344
vertex 50.40763854980469 -55.64584732055664 -16.72208023071289
vertex 51.524532318115234 -56.52910614013672 -15.677960395812988
endloop
endfacet
facet normal 0.4764275247593399 -0.44969562162185617 -0.7555068904687905
outer loop
vertex 51.46113586425781 -56.388484954833984 -15.806142807006836
vertex 50.93329620361328 -55.44292068481445 -16.701824188232422
vertex 53.82292556762695 -54.245635986328125 -15.592257499694824
endloop
endfacet
facet normal 0.48459415239916 -0.4598326968545196 -0.7441252571738438
outer loop
vertex 51.46113586425781 -56.388484954833984 -15.806142807006836
vertex 53.82292556762695 -54.245635986328125 -15.592257499694824
vertex 51.524532318115234 -56.52910614013672 -15.677960395812988
endloop
endfacet
facet normal 0.47642757707813727 -0.44969597142445383 -0.7555066492652943
outer loop
vertex 53.82292556762695 -54.245635986328125 -15.592257499694824
vertex 50.93329620361328 -55.44292068481445 -16.701824188232422
vertex 53.00563430786133 -53.56269073486328 -16.51415252685547
endloop
endfacet
facet normal 0.47568601971803326 -0.45043824073211836 -0.7555317345624664
outer loop
vertex 51.524532318115234 -56.52910614013672 -15.677960395812988
vertex 53.82292556762695 -54.245635986328125 -15.592257499694824
vertex 53.883487701416016 -54.30731201171875 -15.517356872558594
endloop
endfacet
facet normal 0.47474745114829126 -0.44935239086749085 -0.7567676568471134
outer loop
vertex 51.524532318115234 -56.52910614013672 -15.677960395812988
vertex 53.883487701416016 -54.30731201171875 -15.517356872558594
vertex 53.82292556762695 -54.44377899169922 -15.474318504333496
endloop
endfacet
facet normal 0.660900815259305 -0.22173601985497576 -0.7169680954466939
outer loop
vertex 53.82292556762695 -54.245635986328125 -15.592257499694824
vertex 54.251556396484375 -53.280479431152344 -15.495638847351074
vertex 53.883487701416016 -54.30731201171875 -15.517356872558594
endloop
endfacet
facet normal 0.6429365428295537 -0.21491216252105316 -0.7351498923994385
outer loop
vertex 53.883487701416016 -54.30731201171875 -15.517356872558594
vertex 54.251556396484375 -53.280479431152344 -15.495638847351074
vertex 54.251285552978516 -53.47850799560547 -15.437984466552734
endloop
endfacet
facet normal 0.6468482738697934 -0.2139959775357278 -0.7319788468188115
outer loop
vertex 53.00563430786133 -53.56269073486328 -16.51415252685547
vertex 53.26640319824219 -52.97507858276367 -16.455501556396484
vertex 54.251556396484375 -53.280479431152344 -15.495638847351074
endloop
endfacet
facet normal 0.6468482994352464 -0.21399244965305309 -0.731979855603428
outer loop
vertex 53.82292556762695 -54.245635986328125 -15.592257499694824
vertex 53.00563430786133 -53.56269073486328 -16.51415252685547
vertex 54.251556396484375 -53.280479431152344 -15.495638847351074
endloop
endfacet
facet normal 0.7071060750375407 0.06927579157521149 -0.703705807384472
outer loop
vertex 54.354679107666016 22.408288955688477 -7.940907955169678
vertex 53.26640319824219 -52.97507858276367 -16.455501556396484
vertex 53.36924362182617 22.507492065429688 -8.92133903503418
endloop
endfacet
facet normal 0.7071111535235274 0.06927514901060543 -0.7037007675796474
outer loop
vertex 54.251556396484375 -53.280479431152344 -15.495638847351074
vertex 53.26640319824219 -52.97507858276367 -16.455501556396484
vertex 54.354679107666016 22.408288955688477 -7.940907955169678
endloop
endfacet
facet normal 0.5958672265305193 -0.3097722805630527 -0.7409341283417793
outer loop
vertex 54.00743865966797 24.35517692565918 -8.736915588378906
vertex 54.91861343383789 23.666522979736328 -7.716224193572998
vertex 53.84526824951172 24.10335350036621 -8.762051582336426
endloop
endfacet
facet normal 0.5958667295588062 -0.3097733690377658 -0.7409340729375892
outer loop
vertex 54.75644302368164 23.41469955444336 -7.741359710693359
vertex 53.84526824951172 24.10335350036621 -8.762051582336426
vertex 54.91861343383789 23.666522979736328 -7.716224193572998
endloop
endfacet
facet normal 0.7053237259733778 0.00045950771916756627 -0.7088852025763323
outer loop
vertex 53.36924362182617 22.507492065429688 -8.92133903503418
vertex 53.426597595214844 23.082962036132812 -8.863900184631348
vertex 54.355201721191406 22.791627883911133 -7.940150260925293
endloop
endfacet
facet normal 0.6782895874632019 -0.13468245791257655 -0.7223460881527819
outer loop
vertex 53.426597595214844 23.082962036132812 -8.863900184631348
vertex 53.596473693847656 23.64019012451172 -8.808280944824219
vertex 54.57439041137695 23.131996154785156 -7.795254707336426
endloop
endfacet
facet normal 0.6251165542370416 -0.26241838165055786 -0.7350958349703187
outer loop
vertex 54.57439041137695 23.131996154785156 -7.795254707336426
vertex 53.596473693847656 23.64019012451172 -8.808280944824219
vertex 53.84526824951172 24.10335350036621 -8.762051582336426
endloop
endfacet
facet normal 0.7053266198921185 0.0004395661959319197 -0.708882335830932
outer loop
vertex 54.354679107666016 22.408288955688477 -7.940907955169678
vertex 53.36924362182617 22.507492065429688 -8.92133903503418
vertex 54.355201721191406 22.791627883911133 -7.940150260925293
endloop
endfacet
facet normal 0.6251173984880125 -0.26241738683359017 -0.7350954721633164
outer loop
vertex 54.57439041137695 23.131996154785156 -7.795254707336426
vertex 53.84526824951172 24.10335350036621 -8.762051582336426
vertex 54.75644302368164 23.41469955444336 -7.741359710693359
endloop
endfacet
facet normal 0.678657916988983 -0.12926008386543303 -0.7229904995415056
outer loop
vertex 54.355201721191406 22.791627883911133 -7.940150260925293
vertex 53.426597595214844 23.082962036132812 -8.863900184631348
vertex 54.57439041137695 23.131996154785156 -7.795254707336426
endloop
endfacet
facet normal 0.29518244571161395 -0.569774174127711 -0.766958091580495
outer loop
vertex 68.14936828613281 29.95399284362793 -7.021232604980469
vertex 55.27643585205078 25.447587966918945 -8.62787914276123
vertex 68.21681213378906 30.0211238861084 -7.045146942138672
endloop
endfacet
facet normal 0.29575791190368356 -0.5721208012528637 -0.764986958268018
outer loop
vertex 55.75239562988281 24.299968719482422 -7.5855793952941895
vertex 55.27643585205078 25.447587966918945 -8.62787914276123
vertex 68.14936828613281 29.95399284362793 -7.021232604980469
endloop
endfacet
facet normal 0.29502826522493214 -0.5691613386660661 -0.7674722752557376
outer loop
vertex 55.27643585205078 25.447587966918945 -8.62787914276123
vertex 67.57786560058594 31.06769371032715 -8.066917419433594
vertex 68.14936828613281 30.152135848999023 -7.168240547180176
endloop
endfacet
facet normal 0.2950348059712805 -0.5691855981611165 -0.7674517692412084
outer loop
vertex 55.27643585205078 25.447587966918945 -8.62787914276123
vertex 68.14936828613281 30.152135848999023 -7.168240547180176
vertex 68.21681213378906 30.0211238861084 -7.045146942138672
endloop
endfacet
facet normal 0.44966434523669774 -0.47514920946348005 -0.7563300902179431
outer loop
vertex 55.48567581176758 24.178321838378906 -7.619361400604248
vertex 54.40574264526367 24.855684280395508 -8.686958312988281
vertex 54.85810470581055 25.2250919342041 -8.650086402893066
endloop
endfacet
facet normal 0.3349150658680566 -0.5535963793805722 -0.7624716043180342
outer loop
vertex 54.85810470581055 25.2250919342041 -8.650086402893066
vertex 55.27643585205078 25.447587966918945 -8.62787914276123
vertex 55.75239562988281 24.299968719482422 -7.5855793952941895
endloop
endfacet
facet normal 0.3453788578211244 -0.5451286693169612 -0.7639032520279612
outer loop
vertex 55.48567581176758 24.178321838378906 -7.619361400604248
vertex 54.85810470581055 25.2250919342041 -8.650086402893066
vertex 55.75239562988281 24.299968719482422 -7.5855793952941895
endloop
endfacet
facet normal 0.5459830934079539 -0.3799879855374142 -0.746666989065339
outer loop
vertex 54.93812561035156 23.696823120117188 -7.710447788238525
vertex 54.03450012207031 24.40555763244629 -8.731886863708496
vertex 55.14944839477539 24.024974822998047 -7.722923278808594
endloop
endfacet
facet normal 0.6251240900647482 -0.26240574794736876 -0.7350939364903663
outer loop
vertex 54.91861343383789 23.666522979736328 -7.716224193572998
vertex 54.00743865966797 24.35517692565918 -8.736915588378906
vertex 54.03450012207031 24.40555763244629 -8.731886863708496
endloop
endfacet
facet normal 0.6251183112718491 -0.262414916729958 -0.7350955777245846
outer loop
vertex 54.91861343383789 23.666522979736328 -7.716224193572998
vertex 54.03450012207031 24.40555763244629 -8.731886863708496
vertex 54.93812561035156 23.696823120117188 -7.710447788238525
endloop
endfacet
facet normal 0.5474511965685519 -0.37693684290746743 -0.7471384100918732
outer loop
vertex 54.03450012207031 24.40555763244629 -8.731886863708496
vertex 54.40574264526367 24.855684280395508 -8.686958312988281
vertex 55.14944839477539 24.024974822998047 -7.722923278808594
endloop
endfacet
facet normal 0.44966473046924965 -0.4751487194687281 -0.7563301690130078
outer loop
vertex 55.14944839477539 24.024974822998047 -7.722923278808594
vertex 54.40574264526367 24.855684280395508 -8.686958312988281
vertex 55.48567581176758 24.178321838378906 -7.619361400604248
endloop
endfacet
facet normal 0.5000774209311667 -0.4272206738569652 -0.7532629480493737
outer loop
vertex 67.57786560058594 31.06769371032715 -8.066917419433594
vertex 67.96387481689453 31.451913833618164 -8.02856731414795
vertex 68.785400390625 30.785221099853516 -7.105050086975098
endloop
endfacet
facet normal 0.5000775498600468 -0.4272199750454045 -0.7532632587934822
outer loop
vertex 68.14936828613281 30.152135848999023 -7.168240547180176
vertex 67.57786560058594 31.06769371032715 -8.066917419433594
vertex 68.785400390625 30.587078094482422 -6.992671966552734
endloop
endfacet
facet normal 0.500059214308936 -0.4272612652852775 -0.753252011860276
outer loop
vertex 67.57786560058594 31.06769371032715 -8.066917419433594
vertex 68.785400390625 30.785221099853516 -7.105050086975098
vertex 68.8487548828125 30.72430992126465 -7.028440952301025
endloop
endfacet
facet normal 0.5000856065039724 -0.4272057766073116 -0.7532659627255819
outer loop
vertex 68.785400390625 30.587078094482422 -6.992671966552734
vertex 67.57786560058594 31.06769371032715 -8.066917419433594
vertex 68.8487548828125 30.72430992126465 -7.028440952301025
endloop
endfacet
facet normal 0.5050558488790977 -0.4384780605359902 -0.7434080843934981
outer loop
vertex 68.14936828613281 30.152135848999023 -7.168240547180176
vertex 68.785400390625 30.587078094482422 -6.992671966552734
vertex 68.21681213378906 30.0211238861084 -7.045146942138672
endloop
endfacet
facet normal 0.6425423231342613 -0.2235052339417353 -0.7329289006321669
outer loop
vertex 67.96387481689453 31.451913833618164 -8.02856731414795
vertex 69.1326904296875 33.98346710205078 -7.775885105133057
vertex 70.11754608154297 33.66127014160156 -6.814230918884277
endloop
endfacet
facet normal 0.6526956883751374 -0.22930392283701276 -0.7220859016405616
outer loop
vertex 68.785400390625 30.785221099853516 -7.105050086975098
vertex 70.11754608154297 33.66127014160156 -6.814230918884277
vertex 68.8487548828125 30.72430992126465 -7.028440952301025
endloop
endfacet
facet normal 0.6416695240527587 -0.2236982328990868 -0.733634324782948
outer loop
vertex 68.8487548828125 30.72430992126465 -7.028440952301025
vertex 70.11754608154297 33.66127014160156 -6.814230918884277
vertex 70.1139907836914 33.464698791503906 -6.757402420043945
endloop
endfacet
facet normal 0.6425417761140266 -0.22350427668068742 -0.7329296721061815
outer loop
vertex 68.785400390625 30.785221099853516 -7.105050086975098
vertex 67.96387481689453 31.451913833618164 -8.02856731414795
vertex 70.11754608154297 33.66127014160156 -6.814230918884277
endloop
endfacet
facet normal 0.706993611329578 0.05758947399510238 -0.7048712549282521
outer loop
vertex 69.1326904296875 33.98346710205078 -7.775885105133057
vertex 69.14427947998047 34.62525939941406 -7.711825370788574
vertex 70.05268859863281 34.707637786865234 -6.79395055770874
endloop
endfacet
facet normal 0.7070339080410953 0.0574567951149004 -0.7048416627692068
outer loop
vertex 70.11754608154297 33.66127014160156 -6.814230918884277
vertex 69.1326904296875 33.98346710205078 -7.775885105133057
vertex 70.13298797607422 34.51578140258789 -6.72908353805542
endloop
endfacet
facet normal 0.7069947336282297 0.057586816275643195 -0.7048703463851943
outer loop
vertex 70.13298797607422 34.51578140258789 -6.72908353805542
vertex 69.1326904296875 33.98346710205078 -7.775885105133057
vertex 70.05268859863281 34.707637786865234 -6.79395055770874
endloop
endfacet
facet normal 0.6527605936956977 0.34073745511951553 -0.6766103708906007
outer loop
vertex 60.73104476928711 54.72636413574219 -5.705468654632568
vertex 61.44352340698242 55.106407165527344 -4.826716423034668
vertex 61.569984436035156 54.974727630615234 -4.771026134490967
endloop
endfacet
facet normal 0.6527589115408662 0.340743987504245 -0.6766087040407405
outer loop
vertex 70.05268859863281 34.707637786865234 -6.79395055770874
vertex 69.14427947998047 34.62525939941406 -7.711825370788574
vertex 61.569984436035156 54.974727630615234 -4.771026134490967
endloop
endfacet
facet normal 0.6527579788765615 0.3407437851183017 -0.6766097057508407
outer loop
vertex 61.569984436035156 54.974727630615234 -4.771026134490967
vertex 69.14427947998047 34.62525939941406 -7.711825370788574
vertex 60.73104476928711 54.72636413574219 -5.705468654632568
endloop
endfacet
facet normal 0.5112093415164508 0.556347304450632 -0.6550898304636033
outer loop
vertex 60.73104476928711 54.72636413574219 -5.705468654632568
vertex 60.92399597167969 55.647361755371094 -4.772721767425537
vertex 61.44352340698242 55.106407165527344 -4.826716423034668
endloop
endfacet
facet normal 0.511211992040518 0.5563458797649133 -0.6550889720202668
outer loop
vertex 60.92399597167969 55.647361755371094 -4.772721767425537
vertex 60.73104476928711 54.72636413574219 -5.705468654632568
vertex 60.80570983886719 55.70258712768555 -4.818127632141113
endloop
endfacet
facet normal 0.5112100708120093 0.5563467317695839 -0.6550897477061316
outer loop
vertex 60.73104476928711 54.72636413574219 -5.705468654632568
vertex 60.33891296386719 55.13467025756836 -5.6647138595581055
vertex 60.80570983886719 55.70258712768555 -4.818127632141113
endloop
endfacet
facet normal 0.30035624531261823 0.707209243802913 -0.6400321955819239
outer loop
vertex 60.33891296386719 55.13467025756836 -5.6647138595581055
vertex 57.999019622802734 56.98991394042969 -4.712818145751953
vertex 58.05118179321289 56.988624572753906 -4.689764022827148
endloop
endfacet
facet normal 0.3003551655186686 0.7072085405977737 -0.6400334793210588
outer loop
vertex 60.33891296386719 55.13467025756836 -5.6647138595581055
vertex 57.819950103759766 56.31072235107422 -5.547328472137451
vertex 57.999019622802734 56.98991394042969 -4.712818145751953
endloop
endfacet
facet normal 0.30035681384618074 0.7072095987836726 -0.6400315365389485
outer loop
vertex 60.80570983886719 55.70258712768555 -4.818127632141113
vertex 60.33891296386719 55.13467025756836 -5.6647138595581055
vertex 58.05118179321289 56.988624572753906 -4.689764022827148
endloop
endfacet
facet normal 0.017559312177482606 0.7736221853068588 -0.6334038087641203
outer loop
vertex 57.999019622802734 56.98991394042969 -4.712818145751953
vertex 57.819950103759766 56.31072235107422 -5.547328472137451
vertex 57.047584533691406 57.013431549072266 -4.710470199584961
endloop
endfacet
facet normal 0.01756499292084659 0.7736246526805556 -0.6334006376603836
outer loop
vertex 57.819950103759766 56.31072235107422 -5.547328472137451
vertex 57.188785552978516 56.32632827758789 -5.545770645141602
vertex 57.047584533691406 57.013431549072266 -4.710470199584961
endloop
endfacet
facet normal -0.26824979889330597 0.7212464387701979 -0.6386279198054279
outer loop
vertex 57.188785552978516 56.32632827758789 -5.545770645141602
vertex 42.513938903808594 50.3392448425293 -6.1433610916137695
vertex 42.57283020019531 50.530548095703125 -5.952045917510986
endloop
endfacet
facet normal -0.26809499941979437 0.7213118739226011 -0.6386190193099217
outer loop
vertex 40.76057434082031 50.17007064819336 -5.59794282913208
vertex 37.69370651245117 49.13518524169922 -5.479348182678223
vertex 40.66661071777344 50.348079681396484 -5.357437610626221
endloop
endfacet
facet normal -0.2633017068229654 0.7133393067169214 -0.6494761309522737
outer loop
vertex 41.2093620300293 49.8017578125 -6.197009086608887
vertex 37.989627838134766 48.4945182800293 -6.327489376068115
vertex 41.03647232055664 49.894168853759766 -6.025420665740967
endloop
endfacet
facet normal -0.26812465865729257 0.7214144787203877 -0.6384906556187816
outer loop
vertex 37.989627838134766 48.4945182800293 -6.327489376068115
vertex 37.69370651245117 49.13518524169922 -5.479348182678223
vertex 40.76057434082031 50.17007064819336 -5.59794282913208
endloop
endfacet
facet normal -0.26824837587912703 0.7212431754494351 -0.6386322029978023
outer loop
vertex 57.188785552978516 56.32632827758789 -5.545770645141602
vertex 42.592044830322266 50.72563934326172 -5.7397894859313965
vertex 42.57283020019531 50.92073059082031 -5.5113911628723145
endloop
endfacet
facet normal -0.2682482502139497 0.7212428620264087 -0.6386326097476613
outer loop
vertex 57.188785552978516 56.32632827758789 -5.545770645141602
vertex 42.57283020019531 50.530548095703125 -5.952045917510986
vertex 42.592044830322266 50.72563934326172 -5.7397894859313965
endloop
endfacet
facet normal -0.26805420043476247 0.7213450095165181 -0.6385987181907701
outer loop
vertex 40.88493728637695 50.018531799316406 -5.821319103240967
vertex 37.989627838134766 48.4945182800293 -6.327489376068115
vertex 40.76057434082031 50.17007064819336 -5.59794282913208
endloop
endfacet
facet normal -0.2682500215119975 0.7212476616222151 -0.6386264452426782
outer loop
vertex 57.188785552978516 56.32632827758789 -5.545770645141602
vertex 42.57283020019531 50.92073059082031 -5.5113911628723145
vertex 42.517478942871094 51.10319900512695 -5.282066345214844
endloop
endfacet
facet normal -0.2682260575006815 0.7212525321999985 -0.6386310099523287
outer loop
vertex 57.047584533691406 57.013431549072266 -4.710470199584961
vertex 57.188785552978516 56.32632827758789 -5.545770645141602
vertex 57.00645446777344 57.01445007324219 -4.692045211791992
endloop
endfacet
facet normal -0.2682491278827882 0.7212449796200281 -0.6386298495709616
outer loop
vertex 57.188785552978516 56.32632827758789 -5.545770645141602
vertex 42.517478942871094 51.10319900512695 -5.282066345214844
vertex 57.00645446777344 57.01445007324219 -4.692045211791992
endloop
endfacet
facet normal -0.2680698228631908 0.7213650078514379 -0.6385695698336968
outer loop
vertex 41.03647232055664 49.894168853759766 -6.025420665740967
vertex 37.989627838134766 48.4945182800293 -6.327489376068115
vertex 40.88493728637695 50.018531799316406 -5.821319103240967
endloop
endfacet
facet normal -0.1440832919478881 0.760122373580418 -0.6336039631851518
outer loop
vertex 37.46438217163086 48.335975646972656 -6.343314170837402
vertex 19.703271865844727 45.365230560302734 -5.86833381652832
vertex 37.2243537902832 48.96669387817383 -5.532070636749268
endloop
endfacet
facet normal -0.15759014575676775 0.7564689264905673 -0.6347598831168911
outer loop
vertex 37.31155014038086 48.993194580078125 -5.522136688232422
vertex 37.46438217163086 48.335975646972656 -6.343314170837402
vertex 37.2243537902832 48.96669387817383 -5.532070636749268
endloop
endfacet
facet normal -0.1440791497521016 0.760091545194172 -0.6336418874498809
outer loop
vertex 19.858963012695312 44.69589614868164 -6.706642150878906
vertex 19.703271865844727 45.365230560302734 -5.86833381652832
vertex 37.46438217163086 48.335975646972656 -6.343314170837402
endloop
endfacet
facet normal -0.20575551807632306 0.7449965058306529 -0.6345430427333214
outer loop
vertex 37.989627838134766 48.4945182800293 -6.327489376068115
vertex 37.46438217163086 48.335975646972656 -6.343314170837402
vertex 37.69370651245117 49.13518524169922 -5.479348182678223
endloop
endfacet
facet normal -0.20575595796964788 0.7449967720162514 -0.6345425875741975
outer loop
vertex 37.46438217163086 48.335975646972656 -6.343314170837402
vertex 37.31155014038086 48.993194580078125 -5.522136688232422
vertex 37.44533920288086 49.03385543823242 -5.517780303955078
endloop
endfacet
facet normal -0.2057578925298404 0.7449964392866311 -0.6345423509206615
outer loop
vertex 37.69370651245117 49.13518524169922 -5.479348182678223
vertex 37.46438217163086 48.335975646972656 -6.343314170837402
vertex 37.44533920288086 49.03385543823242 -5.517780303955078
endloop
endfacet
facet normal -0.0026375761869383034 0.7738320020637584 -0.6333854085577386
outer loop
vertex 0.4038313925266266 44.56251907348633 -6.719954967498779
vertex 0.2590579092502594 45.24525451660156 -5.885227203369141
vertex 19.26310920715332 44.63251876831055 -6.712968349456787
endloop
endfacet
facet normal -0.002598189046218932 0.7742927747600435 -0.6328222091299203
outer loop
vertex 19.26310920715332 44.63251876831055 -6.712968349456787
vertex 0.2590579092502594 45.24525451660156 -5.885227203369141
vertex 19.212011337280273 45.28984832763672 -5.908479690551758
endloop
endfacet
facet normal -0.05946834146521095 0.7771406296000775 -0.6265109401983114
outer loop
vertex 19.858963012695312 44.69589614868164 -6.706642150878906
vertex 19.212011337280273 45.28984832763672 -5.908479690551758
vertex 19.46137046813965 45.31550979614258 -5.900317668914795
endloop
endfacet
facet normal -0.07536601569229098 0.7723708848102665 -0.6306846914077394
outer loop
vertex 19.46137046813965 45.31550979614258 -5.900317668914795
vertex 19.703271865844727 45.365230560302734 -5.86833381652832
vertex 19.858963012695312 44.69589614868164 -6.706642150878906
endloop
endfacet
facet normal -0.07515445239582609 0.7698420738407601 -0.6337941224322305
outer loop
vertex 19.858963012695312 44.69589614868164 -6.706642150878906
vertex 19.26310920715332 44.63251876831055 -6.712968349456787
vertex 19.212011337280273 45.28984832763672 -5.908479690551758
endloop
endfacet
facet normal -0.25682074305998287 0.7257912511357111 -0.6381772212395062
outer loop
vertex 0.2590579092502594 45.24525451660156 -5.885227203369141
vertex 0.4038313925266266 44.56251907348633 -6.719954967498779
vertex 0.2168523371219635 45.245155334472656 -5.8683552742004395
endloop
endfacet
facet normal -0.256825252691165 0.725789804442205 -0.6381770517245705
outer loop
vertex 0.4038313925266266 44.56251907348633 -6.719954967498779
vertex -0.5395569205284119 44.951744079589844 -5.897641658782959
vertex 0.2168523371219635 45.245155334472656 -5.8683552742004395
endloop
endfacet
facet normal -0.2568251950834561 0.7257898598701488 -0.6381770118705425
outer loop
vertex -0.12105055898427963 44.358917236328125 -6.740277290344238
vertex -0.5395569205284119 44.951744079589844 -5.897641658782959
vertex 0.4038313925266266 44.56251907348633 -6.719954967498779
endloop
endfacet
facet normal -0.47688763283282 0.5897385198168525 -0.6517565986588375
outer loop
vertex -0.5395569205284119 44.951744079589844 -5.897641658782959
vertex -0.12105055898427963 44.358917236328125 -6.740277290344238
vertex -0.6499165296554565 44.908935546875 -5.855627059936523
endloop
endfacet
facet normal -0.47688686861899227 0.5897391853813045 -0.651756555597692
outer loop
vertex -0.12105055898427963 44.358917236328125 -6.740277290344238
vertex -2.8724443912506104 42.888877868652344 -6.057255744934082
vertex -0.6499165296554565 44.908935546875 -5.855627059936523
endloop
endfacet
facet normal -0.47688689050879207 0.5897392689098679 -0.6517564640005574
outer loop
vertex -2.1879024505615234 42.48035430908203 -6.9277825355529785
vertex -2.8724443912506104 42.888877868652344 -6.057255744934082
vertex -0.12105055898427963 44.358917236328125 -6.740277290344238
endloop
endfacet
facet normal -0.6463398041965032 0.35559601514883676 -0.6751269003094857
outer loop
vertex -2.1879024505615234 42.48035430908203 -6.9277825355529785
vertex -3.0047004222869873 42.76866912841797 -5.993954181671143
vertex -2.8724443912506104 42.888877868652344 -6.057255744934082
endloop
endfacet
facet normal -0.6463386051116843 0.35559864456891305 -0.675126663318102
outer loop
vertex -2.1879024505615234 42.48035430908203 -6.9277825355529785
vertex -3.347463369369507 41.999996185302734 -6.070677757263184
vertex -3.0047004222869873 42.76866912841797 -5.993954181671143
endloop
endfacet
facet normal -0.6463386044243775 0.355598597492097 -0.6751266887721159
outer loop
vertex -2.447991371154785 41.8970832824707 -6.986001014709473
vertex -3.347463369369507 41.999996185302734 -6.070677757263184
vertex -2.1879024505615234 42.48035430908203 -6.9277825355529785
endloop
endfacet
facet normal -0.7072900166199537 0.0743631029245666 -0.7030013949582006
outer loop
vertex -2.534602642059326 27.291460037231445 -8.443836212158203
vertex -3.5169425010681152 27.19949722290039 -7.465231418609619
vertex -2.447991371154785 41.8970832824707 -6.986001014709473
endloop
endfacet
facet normal -0.7070949688855329 0.07430325621640765 -0.703203904349518
outer loop
vertex -3.347463369369507 41.999996185302734 -6.070677757263184
vertex -2.447991371154785 41.8970832824707 -6.986001014709473
vertex -3.431950569152832 41.81052780151367 -6.005743026733398
endloop
endfacet
facet normal -0.7070945179385595 0.07435532273413276 -0.7031988542953828
outer loop
vertex -2.447991371154785 41.8970832824707 -6.986001014709473
vertex -3.5169425010681152 27.19949722290039 -7.465231418609619
vertex -3.431950569152832 41.81052780151367 -6.005743026733398
endloop
endfacet
facet normal -0.499795977738709 0.5679794747774514 -0.6539138298489627
outer loop
vertex -3.7036314010620117 24.91374969482422 -8.68116283416748
vertex -4.292191028594971 25.41719627380371 -7.794032096862793
vertex -3.4082343578338623 25.207433700561523 -8.651849746704102
endloop
endfacet
facet normal -0.4997954305307327 0.5679803570945307 -0.6539134817201501
outer loop
vertex -3.996793746948242 25.710880279541016 -7.764718532562256
vertex -3.4082343578338623 25.207433700561523 -8.651849746704102
vertex -4.292191028594971 25.41719627380371 -7.794032096862793
endloop
endfacet
facet normal -0.70539807050777 0.13919100617972227 -0.6950103782840884
outer loop
vertex -2.5902609825134277 26.729145050048828 -8.499961853027344
vertex -3.5191562175750732 26.81893539428711 -7.539200782775879
vertex -2.534602642059326 27.291460037231445 -8.443836212158203
endloop
endfacet
facet normal -0.6251158736315313 0.40253910025999723 -0.6687244703880361
outer loop
vertex -3.5228607654571533 26.182064056396484 -7.836485862731934
vertex -3.0359930992126465 25.658374786376953 -8.606839179992676
vertex -3.690525531768799 26.015371322631836 -7.78009557723999
endloop
endfacet
facet normal -0.6782896021646254 0.2748005957311851 -0.6814747597535364
outer loop
vertex -3.5191562175750732 26.81893539428711 -7.539200782775879
vertex -2.5902609825134277 26.729145050048828 -8.499961853027344
vertex -3.5215704441070557 26.403900146484375 -7.704158306121826
endloop
endfacet
facet normal -0.5477372984625994 0.5177435374423917 -0.6572103782728418
outer loop
vertex -3.4082343578338623 25.207433700561523 -8.651849746704102
vertex -3.690525531768799 26.015371322631836 -7.78009557723999
vertex -3.0359930992126465 25.658374786376953 -8.606839179992676
endloop
endfacet
facet normal -0.6251161776154999 0.40253872867525753 -0.6687244099028344
outer loop
vertex -3.0359930992126465 25.658374786376953 -8.606839179992676
vertex -3.5228607654571533 26.182064056396484 -7.836485862731934
vertex -2.760134220123291 26.171918869018555 -8.555581092834473
endloop
endfacet
facet normal -0.5477367143109112 0.5177439317113417 -0.6572105545196066
outer loop
vertex -3.690525531768799 26.015371322631836 -7.78009557723999
vertex -3.4082343578338623 25.207433700561523 -8.651849746704102
vertex -3.996793746948242 25.710880279541016 -7.764718532562256
endloop
endfacet
facet normal -0.6782896033488112 0.2748010657932708 -0.6814745690249893
outer loop
vertex -2.760134220123291 26.171918869018555 -8.555581092834473
vertex -3.5215704441070557 26.403900146484375 -7.704158306121826
vertex -2.5902609825134277 26.729145050048828 -8.499961853027344
endloop
endfacet
facet normal -0.6251165870533926 0.40253740246937236 -0.6687248254730256
outer loop
vertex -2.760134220123291 26.171918869018555 -8.555581092834473
vertex -3.5228607654571533 26.182064056396484 -7.836485862731934
vertex -3.5215704441070557 26.403900146484375 -7.704158306121826
endloop
endfacet
facet normal -0.7053981621433533 0.13919160461872992 -0.6950101654281344
outer loop
vertex -3.5191562175750732 26.81893539428711 -7.539200782775879
vertex -3.5169425010681152 27.19949722290039 -7.465231418609619
vertex -2.534602642059326 27.291460037231445 -8.443836212158203
endloop
endfacet
facet normal 0.0019282360270940983 0.7234425328786244 -0.6903819113563044
outer loop
vertex -58.01347732543945 24.02075958251953 -8.770295143127441
vertex -66.09044647216797 24.044553756713867 -8.76792049407959
vertex -58.137840270996094 24.17229652404785 -8.611848831176758
endloop
endfacet
facet normal -2.917208123297679e-8 0.7738419312310467 -0.63337876935417
outer loop
vertex -58.137840270996094 24.17229652404785 -8.611848831176758
vertex -66.09044647216797 24.044553756713867 -8.76792049407959
vertex -58.230247497558594 24.345182418823242 -8.400622367858887
endloop
endfacet
facet normal 2.2707243574922973e-7 0.7738392434980306 -0.6333820531261872
outer loop
vertex -58.230247497558594 24.345182418823242 -8.400622367858887
vertex -66.09044647216797 24.044553756713867 -8.76792049407959
vertex -58.28715515136719 24.53277587890625 -8.171428680419922
endloop
endfacet
facet normal -0.0003063382337238377 0.7228083902133496 -0.6910484333200334
outer loop
vertex -5.813465595245361 24.044553756713867 -8.76792049407959
vertex -56.59926223754883 24.02075958251953 -8.770295143127441
vertex -56.47489929199219 24.17229652404785 -8.611848831176758
endloop
endfacet
facet normal 4.612403315946386e-9 0.7738419364972312 -0.6333787629201149
outer loop
vertex -5.813465595245361 24.044553756713867 -8.76792049407959
vertex -56.47489929199219 24.17229652404785 -8.611848831176758
vertex -56.38249206542969 24.345182418823242 -8.400622367858887
endloop
endfacet
facet normal -3.5640250325459824e-8 0.7738392202010776 -0.6333820815894516
outer loop
vertex -5.813465595245361 24.044553756713867 -8.76792049407959
vertex -56.38249206542969 24.345182418823242 -8.400622367858887
vertex -56.325584411621094 24.53277587890625 -8.171428680419922
endloop
endfacet
facet normal 0 0.7738409806454666 -0.6333799307474641
outer loop
vertex -56.30636978149414 24.72786521911621 -7.933074951171875
vertex -5.813465595245361 24.72786521911621 -7.933074951171875
vertex -5.813465595245361 24.044553756713867 -8.76792049407959
endloop
endfacet
facet normal 2.3704683034854954e-8 0.7738416833521743 -0.633379072204531
outer loop
vertex -5.813465595245361 24.044553756713867 -8.76792049407959
vertex -56.325584411621094 24.53277587890625 -8.171428680419922
vertex -56.30636978149414 24.72786521911621 -7.933074951171875
endloop
endfacet
facet normal -4.328514828919235e-8 0.7738409770165648 -0.6333799351811251
outer loop
vertex -58.28715515136719 24.53277587890625 -8.171428680419922
vertex -66.09044647216797 24.044553756713867 -8.76792049407959
vertex -66.23324584960938 24.72786521911621 -7.933074951171875
endloop
endfacet
facet normal 0 0.7738416842887873 -0.6333790710602086
outer loop
vertex -58.28715515136719 24.53277587890625 -8.171428680419922
vertex -66.23324584960938 24.72786521911621 -7.933074951171875
vertex -58.30636978149414 24.72786521911621 -7.933074951171875
endloop
endfacet
facet normal -0.20575699443322323 0.7449970479412951 -0.6345419275355746
outer loop
vertex -4.9855427742004395 24.72786521911621 -8.106598854064941
vertex -5.231088638305664 24.10162925720215 -8.762223243713379
vertex -5.370457172393799 24.72786521911621 -7.981786251068115
endloop
endfacet
facet normal -0.4496657192509133 0.615268365870422 -0.647491759707951
outer loop
vertex -4.292191028594971 25.41719627380371 -7.794032096862793
vertex -3.7036314010620117 24.91374969482422 -8.68116283416748
vertex -4.592565536499023 25.118562698364258 -7.86920166015625
endloop
endfacet
facet normal -0.44966457396449466 0.6152700700385473 -0.64749093571732
outer loop
vertex -3.7036314010620117 24.91374969482422 -8.68116283416748
vertex -4.154995918273926 24.545156478881836 -8.7179536819458
vertex -4.592565536499023 25.118562698364258 -7.86920166015625
endloop
endfacet
facet normal -0.334130449823533 0.6920853490084277 -0.6398239696890125
outer loop
vertex -4.6710920333862305 24.270662307739258 -8.745351791381836
vertex -4.916500091552734 24.7965087890625 -8.048396110534668
vertex -4.154995918273926 24.545156478881836 -8.7179536819458
endloop
endfacet
facet normal -0.3341298251170884 0.6920860605189375 -0.6398235262965888
outer loop
vertex -4.592565536499023 25.118562698364258 -7.86920166015625
vertex -4.154995918273926 24.545156478881836 -8.7179536819458
vertex -4.916500091552734 24.7965087890625 -8.048396110534668
endloop
endfacet
facet normal -0.20576788291112558 0.744992559861305 -0.6345436660416469
outer loop
vertex -4.916500091552734 24.7965087890625 -8.048396110534668
vertex -4.6710920333862305 24.270662307739258 -8.745351791381836
vertex -4.9855427742004395 24.72786521911621 -8.106598854064941
endloop
endfacet
facet normal -0.2057574697394314 0.744997059160948 -0.6345417602395967
outer loop
vertex -5.231088638305664 24.10162925720215 -8.762223243713379
vertex -4.9855427742004395 24.72786521911621 -8.106598854064941
vertex -4.6710920333862305 24.270662307739258 -8.745351791381836
endloop
endfacet
facet normal -0.06947533063150275 0.7719710933532694 -0.6318495148851513
outer loop
vertex -5.813465595245361 24.044553756713867 -8.76792049407959
vertex -5.370457172393799 24.72786521911621 -7.981786251068115
vertex -5.231088638305664 24.10162925720215 -8.762223243713379
endloop
endfacet
facet normal -0.06947544890976787 0.7719711190101429 -0.6318494705331437
outer loop
vertex -5.370457172393799 24.72786521911621 -7.981786251068115
vertex -5.813465595245361 24.044553756713867 -8.76792049407959
vertex -5.813465595245361 24.72786521911621 -7.933074951171875
endloop
endfacet
facet normal -0.255775948348896 0.726197599138719 -0.6381345557571565
outer loop
vertex -66.09044647216797 24.044553756713867 -8.76792049407959
vertex -66.27485656738281 24.72786521911621 -7.916396617889404
vertex -66.23324584960938 24.72786521911621 -7.933074951171875
endloop
endfacet
facet normal -0.2557574441241005 0.726203486356267 -0.6381352726335622
outer loop
vertex -67.03372192382812 24.43490982055664 -7.9456377029418945
vertex -66.27485656738281 24.72786521911621 -7.916396617889404
vertex -66.09044647216797 24.044553756713867 -8.76792049407959
endloop
endfacet
facet normal -0.2557570739573442 0.7262038416494704 -0.6381350166652261
outer loop
vertex -66.6161117553711 23.841625213623047 -8.788174629211426
vertex -67.03372192382812 24.43490982055664 -7.9456377029418945
vertex -66.09044647216797 24.044553756713867 -8.76792049407959
endloop
endfacet
facet normal -0.4764230056265803 0.5901614175491415 -0.6517136034686735
outer loop
vertex -67.03372192382812 24.43490982055664 -7.9456377029418945
vertex -66.6161117553711 23.841625213623047 -8.788174629211426
vertex -67.1439437866211 24.39236068725586 -7.903592586517334
endloop
endfacet
facet normal -0.47642865171175836 0.5901565119102177 -0.6517139182786272
outer loop
vertex -66.6161117553711 23.841625213623047 -8.788174629211426
vertex -69.37324523925781 22.369718551635742 -8.10547924041748
vertex -67.1439437866211 24.39236068725586 -7.903592586517334
endloop
endfacet
facet normal -0.47642868604041266 0.590156642848495 -0.6517137746124444
outer loop
vertex -68.68842315673828 21.9614200592041 -8.975844383239746
vertex -69.37324523925781 22.369718551635742 -8.10547924041748
vertex -66.6161117553711 23.841625213623047 -8.788174629211426
endloop
endfacet
facet normal -0.6468245759533917 0.35450338281218496 -0.6752372320284421
outer loop
vertex -69.37324523925781 22.369718551635742 -8.10547924041748
vertex -68.68842315673828 21.9614200592041 -8.975844383239746
vertex -69.50569915771484 22.249549865722656 -8.041687965393066
endloop
endfacet
facet normal -0.6468366295520308 0.35447687532953587 -0.6752396015684933
outer loop
vertex -68.68842315673828 21.9614200592041 -8.975844383239746
vertex -69.8498306274414 21.474164962768555 -8.119081497192383
vertex -69.50569915771484 22.249549865722656 -8.041687965393066
endloop
endfacet
facet normal -0.6468367365750002 0.3544825352036788 -0.6752365277830995
outer loop
vertex -68.94918823242188 21.373884201049805 -9.034488677978516
vertex -69.8498306274414 21.474164962768555 -8.119081497192383
vertex -68.68842315673828 21.9614200592041 -8.975844383239746
endloop
endfacet
facet normal -0.7071061362571969 0.07124585134338857 -0.7035090196534615
outer loop
vertex -70.04185485839844 -52.98616409301758 -15.466835021972656
vertex -68.94918823242188 21.373884201049805 -9.034488677978516
vertex -69.05669403076172 -52.695350646972656 -16.427581787109375
endloop
endfacet
facet normal -0.7071072841080932 0.0712498208826805 -0.7035074639159576
outer loop
vertex -69.8498306274414 21.474164962768555 -8.119081497192383
vertex -68.94918823242188 21.373884201049805 -9.034488677978516
vertex -69.93405151367188 21.284406661987305 -8.053647994995117
endloop
endfacet
facet normal -0.7071073043814496 0.07124576767830398 -0.703507854027465
outer loop
vertex -68.94918823242188 21.373884201049805 -9.034488677978516
vertex -70.04185485839844 -52.98616409301758 -15.466835021972656
vertex -69.93405151367188 21.284406661987305 -8.053647994995117
endloop
endfacet
facet normal -0.653950569643087 -0.1974186726016814 -0.7303249414963673
outer loop
vertex -69.05669403076172 -52.695350646972656 -16.427581787109375
vertex -68.8249282836914 -53.256046295166016 -16.483545303344727
vertex -69.66149139404297 -53.90712356567383 -15.558469772338867
endloop
endfacet
facet normal -0.6539464934931911 -0.19742531169306088 -0.7303267966813606
outer loop
vertex -69.05669403076172 -52.695350646972656 -16.427581787109375
vertex -69.72624206542969 -53.9486083984375 -15.48927116394043
vertex -70.04214477539062 -53.18439483642578 -15.412992477416992
endloop
endfacet
facet normal -0.6539521318484215 -0.19741132160381625 -0.7303255297150301
outer loop
vertex -69.05669403076172 -52.695350646972656 -16.427581787109375
vertex -70.04214477539062 -53.18439483642578 -15.412992477416992
vertex -70.04185485839844 -52.98616409301758 -15.466835021972656
endloop
endfacet
facet normal -0.6540062338596349 -0.1973654558704855 -0.7302894788382014
outer loop
vertex -69.66149139404297 -53.90712356567383 -15.558469772338867
vertex -69.72624206542969 -53.9486083984375 -15.48927116394043
vertex -69.05669403076172 -52.695350646972656 -16.427581787109375
endloop
endfacet
facet normal -0.5012466710960589 -0.4260667240629796 -0.7531393771151262
outer loop
vertex -67.3091049194336 -56.45764923095703 -15.681177139282227
vertex -68.8249282836914 -53.256046295166016 -16.483545303344727
vertex -67.22522735595703 -56.343387603759766 -15.801641464233398
endloop
endfacet
facet normal -0.5012401518496279 -0.4260611405523244 -0.753146874576941
outer loop
vertex -69.66149139404297 -53.90712356567383 -15.558469772338867
vertex -68.8249282836914 -53.256046295166016 -16.483545303344727
vertex -69.66149139404297 -54.10526657104492 -15.446378707885742
endloop
endfacet
facet normal -0.5012372742859076 -0.42606420021083885 -0.7531470587907332
outer loop
vertex -68.8249282836914 -53.256046295166016 -16.483545303344727
vertex -67.3091049194336 -56.45764923095703 -15.681177139282227
vertex -69.66149139404297 -54.10526657104492 -15.446378707885742
endloop
endfacet
facet normal -0.5236791507242042 -0.4194668610639172 -0.7414901884488833
outer loop
vertex -69.66149139404297 -53.90712356567383 -15.558469772338867
vertex -69.66149139404297 -54.10526657104492 -15.446378707885742
vertex -69.72624206542969 -53.9486083984375 -15.48927116394043
endloop
endfacet
facet normal -0.5012370725230437 -0.42606355723389694 -0.7531475568079119
outer loop
vertex -68.8249282836914 -53.256046295166016 -16.483545303344727
vertex -66.66536712646484 -55.41560363769531 -16.699098587036133
vertex -67.22522735595703 -56.343387603759766 -15.801641464233398
endloop
endfacet
facet normal -0.27174572513718576 -0.5793469769486429 -0.7684473574488584
outer loop
vertex -66.66536712646484 -55.41560363769531 -16.699098587036133
vertex -66.10951232910156 -55.64584732055664 -16.72208023071289
vertex -66.3063735961914 -56.72399139404297 -15.839631080627441
endloop
endfacet
facet normal -0.31056709336316335 -0.572232245058747 -0.7590114216762369
outer loop
vertex -67.3091049194336 -56.45764923095703 -15.681177139282227
vertex -67.22522735595703 -56.343387603759766 -15.801641464233398
vertex -67.22522735595703 -56.54153060913086 -15.652257919311523
endloop
endfacet
facet normal -0.2717430821821629 -0.579348225754679 -0.7684473505719464
outer loop
vertex -67.22522735595703 -56.54153060913086 -15.652257919311523
vertex -66.66536712646484 -55.41560363769531 -16.699098587036133
vertex -66.35568237304688 -56.90170669555664 -15.688207626342773
endloop
endfacet
facet normal -0.2717698653071994 -0.5793476561679659 -0.7684383082613667
outer loop
vertex -66.3063735961914 -56.72399139404297 -15.839631080627441
vertex -66.35568237304688 -56.90170669555664 -15.688207626342773
vertex -66.66536712646484 -55.41560363769531 -16.699098587036133
endloop
endfacet
facet normal -0.27174725480893375 -0.5793461994149258 -0.768447402707101
outer loop
vertex -67.22522735595703 -56.343387603759766 -15.801641464233398
vertex -66.66536712646484 -55.41560363769531 -16.699098587036133
vertex -67.22522735595703 -56.54153060913086 -15.652257919311523
endloop
endfacet
facet normal -0.0932101941784365 -0.6306231138921061 -0.7704715101327511
outer loop
vertex -66.3063735961914 -56.72399139404297 -15.839631080627441
vertex -66.3063735961914 -56.92213439941406 -15.67745304107666
vertex -66.35568237304688 -56.90170669555664 -15.688207626342773
endloop
endfacet
facet normal 0 -0.633380262570999 -0.7738407090516061
outer loop
vertex 50.592044830322266 -56.92213439941406 -15.67745304107666
vertex -66.10951232910156 -55.64584732055664 -16.72208023071289
vertex 50.40763854980469 -55.64584732055664 -16.72208023071289
endloop
endfacet
facet normal -0.0000035051876051186343 -0.6333805658456466 -0.7738404608165447
outer loop
vertex 50.592044830322266 -56.92213439941406 -15.67745304107666
vertex 50.40763854980469 -55.64584732055664 -16.72208023071289
vertex 50.592044830322266 -56.72399139404297 -15.839631080627441
endloop
endfacet
facet normal 1.015888536706899e-9 -0.6333802069450419 -0.7738407545808479
outer loop
vertex -66.3063735961914 -56.72399139404297 -15.839631080627441
vertex -66.10951232910156 -55.64584732055664 -16.72208023071289
vertex 50.592044830322266 -56.92213439941406 -15.67745304107666
endloop
endfacet
facet normal 0 -0.6333805658495376 -0.7738404608212984
outer loop
vertex -66.3063735961914 -56.92213439941406 -15.67745304107666
vertex -66.3063735961914 -56.72399139404297 -15.839631080627441
vertex 50.592044830322266 -56.92213439941406 -15.67745304107666
endloop
endfacet
facet normal 0.08740696515341878 -0.6309564202133856 -0.7708787312114521
outer loop
vertex 50.592044830322266 -56.92213439941406 -15.67745304107666
vertex 50.592044830322266 -56.72399139404297 -15.839631080627441
vertex 50.6387825012207 -56.904090881347656 -15.686922073364258
endloop
endfacet
facet normal 0 -1 0
outer loop
vertex 24.857603073120117 -55.98213577270508 -3.564180612564087
vertex 25.34423828125 -55.98213577270508 -11.010660171508789
vertex 25.34423828125 -55.98213577270508 -3.8893399238586426
endloop
endfacet
facet normal 0 -1 0
outer loop
vertex 10.897758483886719 -55.98213577270508 -10.524024963378906
vertex 11.222917556762695 -55.98213577270508 -11.010660171508789
vertex 10.897758483886719 -55.98213577270508 -4.375974655151367
endloop
endfacet
facet normal 0 -1 0
outer loop
vertex 12.283576965332031 -55.98213577270508 -11.449999809265137
vertex 13.609697341918945 -55.98213577270508 -8.582683563232422
vertex 13.533576965332031 -55.98213577270508 -8.199999809265137
endloop
endfacet
facet normal 0.9807850135586839 0 0.19509166352946058
outer loop
vertex 10.783576965332031 -56.92213439941406 -9.949999809265137
vertex 10.897758483886719 -56.92213439941406 -10.524024963378906
vertex 10.897758483886719 -55.98213577270508 -10.524024963378906
endloop
endfacet
facet normal 0 -1 0
outer loop
vertex 22.740684509277344 -55.98213577270508 -8.907106399536133
vertex 24.28357696533203 -55.98213577270508 -11.449999809265137
vertex 22.957456588745117 -55.98213577270508 -8.582683563232422
endloop
endfacet
facet normal 0 -1 0
outer loop
vertex 23.03357696533203 -55.98213577270508 -6.699999809265137
vertex 24.28357696533203 -55.98213577270508 -3.450000047683716
vertex 22.957456588745117 -55.98213577270508 -6.31731653213501
endloop
endfacet
facet normal 0 -1 0
outer loop
vertex 22.740684509277344 -55.98213577270508 -5.992893218994141
vertex 22.957456588745117 -55.98213577270508 -6.31731653213501
vertex 24.28357696533203 -55.98213577270508 -3.450000047683716
endloop
endfacet
facet normal 0 -1 0
outer loop
vertex 25.34423828125 -55.98213577270508 -3.8893399238586426
vertex 25.669397354125977 -55.98213577270508 -10.524024963378906
vertex 25.669397354125977 -55.98213577270508 -4.375974655151367
endloop
endfacet
facet normal 0 -1 0
outer loop
vertex 24.28357696533203 -55.98213577270508 -3.450000047683716
vertex 14.533576965332031 -55.98213577270508 -5.699999809265137
vertex 22.03357696533203 -55.98213577270508 -5.699999809265137
endloop
endfacet
facet normal 0 -1 0
outer loop
vertex 22.03357696533203 -55.98213577270508 -9.199999809265137
vertex 24.28357696533203 -55.98213577270508 -11.449999809265137
vertex 22.416261672973633 -55.98213577270508 -9.123879432678223
endloop
endfacet
facet normal 0 -1 0
outer loop
vertex 24.28357696533203 -55.98213577270508 -3.450000047683716
vertex 24.857603073120117 -55.98213577270508 -11.335819244384766
vertex 24.857603073120117 -55.98213577270508 -3.564180612564087
endloop
endfacet
facet normal 0 -1 0
outer loop
vertex 23.03357696533203 -55.98213577270508 -8.199999809265137
vertex 24.28357696533203 -55.98213577270508 -11.449999809265137
vertex 23.03357696533203 -55.98213577270508 -6.699999809265137
endloop
endfacet
facet normal 0 -1 0
outer loop
vertex 24.28357696533203 -55.98213577270508 -11.449999809265137
vertex 24.857603073120117 -55.98213577270508 -11.335819244384766
vertex 24.28357696533203 -55.98213577270508 -3.450000047683716
endloop
endfacet
facet normal 0 -1 0
outer loop
vertex 24.857603073120117 -55.98213577270508 -11.335819244384766
vertex 25.34423828125 -55.98213577270508 -11.010660171508789
vertex 24.857603073120117 -55.98213577270508 -3.564180612564087
endloop
endfacet
facet normal 0 -1 0
outer loop
vertex 25.34423828125 -55.98213577270508 -11.010660171508789
vertex 25.669397354125977 -55.98213577270508 -10.524024963378906
vertex 25.34423828125 -55.98213577270508 -3.8893399238586426
endloop
endfacet
facet normal 1 0 0
outer loop
vertex 10.783576965332031 -56.92213439941406 -4.949999809265137
vertex 10.783576965332031 -56.92213439941406 -9.949999809265137
vertex 10.783576965332031 -55.98213577270508 -9.949999809265137
endloop
endfacet
facet normal 0 -1 0
outer loop
vertex 12.283576965332031 -55.98213577270508 -11.449999809265137
vertex 13.533576965332031 -55.98213577270508 -8.199999809265137
vertex 12.283576965332031 -55.98213577270508 -3.450000047683716
endloop
endfacet
facet normal -0.9807856371245006 0 0.19508852864862955
outer loop
vertex 25.669397354125977 -55.98213577270508 -10.524024963378906
vertex 25.669397354125977 -56.92213439941406 -10.524024963378906
vertex 25.78357696533203 -55.98213577270508 -9.949999809265137
endloop
endfacet
facet normal 1 0 0
outer loop
vertex 10.783576965332031 -56.92213439941406 -4.949999809265137
vertex 10.783576965332031 -55.98213577270508 -9.949999809265137
vertex 10.783576965332031 -55.98213577270508 -4.949999809265137
endloop
endfacet
facet normal 0 -1 0
outer loop
vertex 10.783576965332031 -55.98213577270508 -4.949999809265137
vertex 10.897758483886719 -55.98213577270508 -10.524024963378906
vertex 10.897758483886719 -55.98213577270508 -4.375974655151367
endloop
endfacet
facet normal 0 -1 0
outer loop
vertex 10.897758483886719 -55.98213577270508 -4.375974655151367
vertex 11.222917556762695 -55.98213577270508 -11.010660171508789
vertex 11.222917556762695 -55.98213577270508 -3.8893399238586426
endloop
endfacet
facet normal -0.9807856371245006 0 0.19508852864862955
outer loop
vertex 25.669397354125977 -56.92213439941406 -10.524024963378906
vertex 25.78357696533203 -56.92213439941406 -9.949999809265137
vertex 25.78357696533203 -55.98213577270508 -9.949999809265137
endloop
endfacet
facet normal -0.8314697525217963 0 0.5555700231666056
outer loop
vertex 25.34423828125 -55.98213577270508 -11.010660171508789
vertex 25.34423828125 -56.92213439941406 -11.010660171508789
vertex 25.669397354125977 -55.98213577270508 -10.524024963378906
endloop
endfacet
facet normal -0.8314697525217963 0 0.5555700231666056
outer loop
vertex 25.34423828125 -56.92213439941406 -11.010660171508789
vertex 25.669397354125977 -56.92213439941406 -10.524024963378906
vertex 25.669397354125977 -55.98213577270508 -10.524024963378906
endloop
endfacet
facet normal -0.5555700231666056 0 0.8314697525217963
outer loop
vertex 24.857603073120117 -55.98213577270508 -11.335819244384766
vertex 24.857603073120117 -56.92213439941406 -11.335819244384766
vertex 25.34423828125 -55.98213577270508 -11.010660171508789
endloop
endfacet
facet normal -0.1950897843073725 0 0.9807853873599989
outer loop
vertex 24.28357696533203 -55.98213577270508 -11.449999809265137
vertex 24.28357696533203 -56.92213439941406 -11.449999809265137
vertex 24.857603073120117 -55.98213577270508 -11.335819244384766
endloop
endfacet
facet normal 0 -1 0
outer loop
vertex 22.03357696533203 -55.98213577270508 -5.699999809265137
vertex 22.416261672973633 -55.98213577270508 -5.776120662689209
vertex 24.28357696533203 -55.98213577270508 -3.450000047683716
endloop
endfacet
facet normal 0 -1 0
outer loop
vertex 22.416261672973633 -55.98213577270508 -5.776120662689209
vertex 22.740684509277344 -55.98213577270508 -5.992893218994141
vertex 24.28357696533203 -55.98213577270508 -3.450000047683716
endloop
endfacet
facet normal -0.9807856371245006 0 -0.19508852864862955
outer loop
vertex 25.78357696533203 -55.98213577270508 -4.949999809265137
vertex 25.78357696533203 -56.92213439941406 -4.949999809265137
vertex 25.669397354125977 -55.98213577270508 -4.375974655151367
endloop
endfacet
facet normal -0.9807856371245006 0 -0.19508852864862955
outer loop
vertex 25.669397354125977 -55.98213577270508 -4.375974655151367
vertex 25.78357696533203 -56.92213439941406 -4.949999809265137
vertex 25.669397354125977 -56.92213439941406 -4.375974655151367
endloop
endfacet
facet normal -0.8314695010489662 0 -0.5555703995223135
outer loop
vertex 25.34423828125 -55.98213577270508 -3.8893399238586426
vertex 25.669397354125977 -55.98213577270508 -4.375974655151367
vertex 25.669397354125977 -56.92213439941406 -4.375974655151367
endloop
endfacet
facet normal 0 -1 0
outer loop
vertex 11.222917556762695 -55.98213577270508 -3.8893399238586426
vertex 11.709551811218262 -55.98213577270508 -11.335819244384766
vertex 11.709551811218262 -55.98213577270508 -3.564180612564087
endloop
endfacet
facet normal 0 -1 0
outer loop
vertex 11.709551811218262 -55.98213577270508 -3.564180612564087
vertex 12.283576965332031 -55.98213577270508 -11.449999809265137
vertex 12.283576965332031 -55.98213577270508 -3.450000047683716
endloop
endfacet
facet normal 0 -1 0
outer loop
vertex 12.283576965332031 -55.98213577270508 -3.450000047683716
vertex 13.533576965332031 -55.98213577270508 -8.199999809265137
vertex 13.533576965332031 -55.98213577270508 -6.699999809265137
endloop
endfacet
facet normal 0 -1 0
outer loop
vertex 12.283576965332031 -55.98213577270508 -3.450000047683716
vertex 13.533576965332031 -55.98213577270508 -6.699999809265137
vertex 13.609697341918945 -55.98213577270508 -6.31731653213501
endloop
endfacet
facet normal -0.5555700231666056 0 0.8314697525217963
outer loop
vertex 24.857603073120117 -56.92213439941406 -11.335819244384766
vertex 25.34423828125 -56.92213439941406 -11.010660171508789
vertex 25.34423828125 -55.98213577270508 -11.010660171508789
endloop
endfacet
facet normal -0.1950897843073725 0 0.9807853873599989
outer loop
vertex 24.28357696533203 -56.92213439941406 -11.449999809265137
vertex 24.857603073120117 -56.92213439941406 -11.335819244384766
vertex 24.857603073120117 -55.98213577270508 -11.335819244384766
endloop
endfacet
facet normal -0.1950897843073725 0 -0.9807853873599989
outer loop
vertex 24.28357696533203 -55.98213577270508 -3.450000047683716
vertex 24.857603073120117 -55.98213577270508 -3.564180612564087
vertex 24.857603073120117 -56.92213439941406 -3.564180612564087
endloop
endfacet
facet normal -0.1950897843073725 0 -0.9807853873599989
outer loop
vertex 24.857603073120117 -56.92213439941406 -3.564180612564087
vertex 24.28357696533203 -56.92213439941406 -3.450000047683716
vertex 24.28357696533203 -55.98213577270508 -3.450000047683716
endloop
endfacet
facet normal -0.5555703047945764 0 -0.8314695643440364
outer loop
vertex 24.857603073120117 -55.98213577270508 -3.564180612564087
vertex 25.34423828125 -55.98213577270508 -3.8893399238586426
vertex 25.34423828125 -56.92213439941406 -3.8893399238586426
endloop
endfacet
facet normal -0.5555703047945764 0 -0.8314695643440364
outer loop
vertex 25.34423828125 -56.92213439941406 -3.8893399238586426
vertex 24.857603073120117 -56.92213439941406 -3.564180612564087
vertex 24.857603073120117 -55.98213577270508 -3.564180612564087
endloop
endfacet
facet normal -0.8314695010489662 0 -0.5555703995223135
outer loop
vertex 25.34423828125 -55.98213577270508 -3.8893399238586426
vertex 25.669397354125977 -56.92213439941406 -4.375974655151367
vertex 25.34423828125 -56.92213439941406 -3.8893399238586426
endloop
endfacet
facet normal 0 0 -1
outer loop
vertex 24.28357696533203 -56.92213439941406 -3.450000047683716
vertex 12.283576965332031 -55.98213577270508 -3.450000047683716
vertex 24.28357696533203 -55.98213577270508 -3.450000047683716
endloop
endfacet
facet normal 0 -1 0
outer loop
vertex 12.283576965332031 -55.98213577270508 -3.450000047683716
vertex 13.609697341918945 -55.98213577270508 -6.31731653213501
vertex 13.826470375061035 -55.98213577270508 -5.992893218994141
endloop
endfacet
facet normal 0.9807850135586839 0 -0.19509166352946058
outer loop
vertex 10.897758483886719 -56.92213439941406 -4.375974655151367
vertex 10.783576965332031 -56.92213439941406 -4.949999809265137
vertex 10.783576965332031 -55.98213577270508 -4.949999809265137
endloop
endfacet
facet normal 0.9807850135586839 0 -0.19509166352946058
outer loop
vertex 10.897758483886719 -56.92213439941406 -4.375974655151367
vertex 10.783576965332031 -55.98213577270508 -4.949999809265137
vertex 10.897758483886719 -55.98213577270508 -4.375974655151367
endloop
endfacet
facet normal 0.8314695010489662 0 -0.5555703995223135
outer loop
vertex 11.222917556762695 -56.92213439941406 -3.8893399238586426
vertex 10.897758483886719 -56.92213439941406 -4.375974655151367
vertex 10.897758483886719 -55.98213577270508 -4.375974655151367
endloop
endfacet
facet normal 0 -1 0
outer loop
vertex 22.03357696533203 -55.98213577270508 -9.199999809265137
vertex 12.283576965332031 -55.98213577270508 -11.449999809265137
vertex 24.28357696533203 -55.98213577270508 -11.449999809265137
endloop
endfacet
facet normal 0 0 1
outer loop
vertex 24.28357696533203 -55.98213577270508 -11.449999809265137
vertex 12.283576965332031 -56.92213439941406 -11.449999809265137
vertex 24.28357696533203 -56.92213439941406 -11.449999809265137
endloop
endfacet
facet normal 0 -1 0
outer loop
vertex 12.283576965332031 -55.98213577270508 -3.450000047683716
vertex 13.826470375061035 -55.98213577270508 -5.992893218994141
vertex 14.150894165039062 -55.98213577270508 -5.776120662689209
endloop
endfacet
facet normal 0 -1 0
outer loop
vertex 12.283576965332031 -55.98213577270508 -3.450000047683716
vertex 14.150894165039062 -55.98213577270508 -5.776120662689209
vertex 14.533576965332031 -55.98213577270508 -5.699999809265137
endloop
endfacet
facet normal 0 -1 0
outer loop
vertex 12.283576965332031 -55.98213577270508 -3.450000047683716
vertex 14.533576965332031 -55.98213577270508 -5.699999809265137
vertex 24.28357696533203 -55.98213577270508 -3.450000047683716
endloop
endfacet
facet normal 0 -1 0
outer loop
vertex 25.669397354125977 -55.98213577270508 -10.524024963378906
vertex 25.78357696533203 -55.98213577270508 -9.949999809265137
vertex 25.669397354125977 -55.98213577270508 -4.375974655151367
endloop
endfacet
facet normal -1 0 0
outer loop
vertex 25.78357696533203 -55.98213577270508 -9.949999809265137
vertex 25.78357696533203 -56.92213439941406 -9.949999809265137
vertex 25.78357696533203 -55.98213577270508 -4.949999809265137
endloop
endfacet
facet normal 0 0 -1
outer loop
vertex 24.28357696533203 -56.92213439941406 -3.450000047683716
vertex 12.283576965332031 -56.92213439941406 -3.450000047683716
vertex 12.283576965332031 -55.98213577270508 -3.450000047683716
endloop
endfacet
facet normal 0.1950900960897925 0 -0.9807853253427457
outer loop
vertex 12.283576965332031 -56.92213439941406 -3.450000047683716
vertex 11.709551811218262 -55.98213577270508 -3.564180612564087
vertex 12.283576965332031 -55.98213577270508 -3.450000047683716
endloop
endfacet
facet normal 0.1950900960897925 0 -0.9807853253427457
outer loop
vertex 12.283576965332031 -56.92213439941406 -3.450000047683716
vertex 11.709551811218262 -56.92213439941406 -3.564180612564087
vertex 11.709551811218262 -55.98213577270508 -3.564180612564087
endloop
endfacet
facet normal 0.555571057506429 0 -0.831469061397469
outer loop
vertex 11.709551811218262 -56.92213439941406 -3.564180612564087
vertex 11.222917556762695 -55.98213577270508 -3.8893399238586426
vertex 11.709551811218262 -55.98213577270508 -3.564180612564087
endloop
endfacet
facet normal 0 -1 0
outer loop
vertex 23.03357696533203 -55.98213577270508 -6.699999809265137
vertex 24.28357696533203 -55.98213577270508 -11.449999809265137
vertex 24.28357696533203 -55.98213577270508 -3.450000047683716
endloop
endfacet
facet normal 0.8314695010489662 0 -0.5555703995223135
outer loop
vertex 11.222917556762695 -56.92213439941406 -3.8893399238586426
vertex 10.897758483886719 -55.98213577270508 -4.375974655151367
vertex 11.222917556762695 -55.98213577270508 -3.8893399238586426
endloop
endfacet
facet normal 0.555571057506429 0 -0.831469061397469
outer loop
vertex 11.709551811218262 -56.92213439941406 -3.564180612564087
vertex 11.222917556762695 -56.92213439941406 -3.8893399238586426
vertex 11.222917556762695 -55.98213577270508 -3.8893399238586426
endloop
endfacet
facet normal 0.1950900960897925 0 0.9807853253427457
outer loop
vertex 11.709551811218262 -56.92213439941406 -11.335819244384766
vertex 12.283576965332031 -56.92213439941406 -11.449999809265137
vertex 12.283576965332031 -55.98213577270508 -11.449999809265137
endloop
endfacet
facet normal 0.5555707758784174 0 0.8314692495756252
outer loop
vertex 11.222917556762695 -56.92213439941406 -11.010660171508789
vertex 11.709551811218262 -56.92213439941406 -11.335819244384766
vertex 11.709551811218262 -55.98213577270508 -11.335819244384766
endloop
endfacet
facet normal 0.1950900960897925 0 0.9807853253427457
outer loop
vertex 11.709551811218262 -55.98213577270508 -11.335819244384766
vertex 11.709551811218262 -56.92213439941406 -11.335819244384766
vertex 12.283576965332031 -55.98213577270508 -11.449999809265137
endloop
endfacet
facet normal 0.5555707758784174 0 0.8314692495756252
outer loop
vertex 11.709551811218262 -55.98213577270508 -11.335819244384766
vertex 11.222917556762695 -55.98213577270508 -11.010660171508789
vertex 11.222917556762695 -56.92213439941406 -11.010660171508789
endloop
endfacet
facet normal 0.8314697525217963 0 0.5555700231666056
outer loop
vertex 10.897758483886719 -56.92213439941406 -10.524024963378906
vertex 11.222917556762695 -56.92213439941406 -11.010660171508789
vertex 11.222917556762695 -55.98213577270508 -11.010660171508789
endloop
endfacet
facet normal 0.8314697525217963 0 0.5555700231666056
outer loop
vertex 10.897758483886719 -56.92213439941406 -10.524024963378906
vertex 11.222917556762695 -55.98213577270508 -11.010660171508789
vertex 10.897758483886719 -55.98213577270508 -10.524024963378906
endloop
endfacet
facet normal 0 0 1
outer loop
vertex 12.283576965332031 -55.98213577270508 -11.449999809265137
vertex 12.283576965332031 -56.92213439941406 -11.449999809265137
vertex 24.28357696533203 -55.98213577270508 -11.449999809265137
endloop
endfacet
facet normal 0 -1 0
outer loop
vertex 22.416261672973633 -55.98213577270508 -9.123879432678223
vertex 24.28357696533203 -55.98213577270508 -11.449999809265137
vertex 22.740684509277344 -55.98213577270508 -8.907106399536133
endloop
endfacet
facet normal 0 -1 0
outer loop
vertex 22.957456588745117 -55.98213577270508 -8.582683563232422
vertex 24.28357696533203 -55.98213577270508 -11.449999809265137
vertex 23.03357696533203 -55.98213577270508 -8.199999809265137
endloop
endfacet
facet normal 0 -1 0
outer loop
vertex 12.283576965332031 -55.98213577270508 -11.449999809265137
vertex 22.03357696533203 -55.98213577270508 -9.199999809265137
vertex 14.533576965332031 -55.98213577270508 -9.199999809265137
endloop
endfacet
facet normal 0 -1 0
outer loop
vertex 14.533576965332031 -55.98213577270508 -9.199999809265137
vertex 14.150894165039062 -55.98213577270508 -9.123879432678223
vertex 12.283576965332031 -55.98213577270508 -11.449999809265137
endloop
endfacet
facet normal 0 -1 0
outer loop
vertex 12.283576965332031 -55.98213577270508 -11.449999809265137
vertex 14.150894165039062 -55.98213577270508 -9.123879432678223
vertex 13.826470375061035 -55.98213577270508 -8.907106399536133
endloop
endfacet
facet normal 0 -1 0
outer loop
vertex 12.283576965332031 -55.98213577270508 -11.449999809265137
vertex 13.826470375061035 -55.98213577270508 -8.907106399536133
vertex 13.609697341918945 -55.98213577270508 -8.582683563232422
endloop
endfacet
facet normal 0 -1 0
outer loop
vertex 10.783576965332031 -55.98213577270508 -9.949999809265137
vertex 10.897758483886719 -55.98213577270508 -10.524024963378906
vertex 10.783576965332031 -55.98213577270508 -4.949999809265137
endloop
endfacet
facet normal 0 -1 0
outer loop
vertex 11.709551811218262 -55.98213577270508 -11.335819244384766
vertex 12.283576965332031 -55.98213577270508 -11.449999809265137
vertex 11.709551811218262 -55.98213577270508 -3.564180612564087
endloop
endfacet
facet normal 0 -1 0
outer loop
vertex 11.222917556762695 -55.98213577270508 -11.010660171508789
vertex 11.709551811218262 -55.98213577270508 -11.335819244384766
vertex 11.222917556762695 -55.98213577270508 -3.8893399238586426
endloop
endfacet
facet normal 0 -1 0
outer loop
vertex 25.669397354125977 -55.98213577270508 -4.375974655151367
vertex 25.78357696533203 -55.98213577270508 -9.949999809265137
vertex 25.78357696533203 -55.98213577270508 -4.949999809265137
endloop
endfacet
facet normal -1 0 0
outer loop
vertex 25.78357696533203 -55.98213577270508 -4.949999809265137
vertex 25.78357696533203 -56.92213439941406 -9.949999809265137
vertex 25.78357696533203 -56.92213439941406 -4.949999809265137
endloop
endfacet
facet normal 0.9807850135586839 0 0.19509166352946058
outer loop
vertex 10.783576965332031 -56.92213439941406 -9.949999809265137
vertex 10.897758483886719 -55.98213577270508 -10.524024963378906
vertex 10.783576965332031 -55.98213577270508 -9.949999809265137
endloop
endfacet
facet normal -1 0 0
outer loop
vertex 23.03357696533203 -54.782135009765625 -6.699999809265137
vertex 23.03357696533203 -55.98213577270508 -8.199999809265137
vertex 23.03357696533203 -55.98213577270508 -6.699999809265137
endloop
endfacet
facet normal 0.5555702100670031 0 0.8314696276389812
outer loop
vertex 13.826470375061035 -55.98213577270508 -8.907106399536133
vertex 14.150894165039062 -55.98213577270508 -9.123879432678223
vertex 14.150894165039062 -54.782135009765625 -9.123879432678223
endloop
endfacet
facet normal 0.19509040787318935 0 0.9807852633251952
outer loop
vertex 14.150894165039062 -55.98213577270508 -9.123879432678223
vertex 14.533576965332031 -55.98213577270508 -9.199999809265137
vertex 14.533576965332031 -54.782135009765625 -9.199999809265137
endloop
endfacet
facet normal 0.19509040787318935 0 0.9807852633251952
outer loop
vertex 14.533576965332031 -54.782135009765625 -9.199999809265137
vertex 14.150894165039062 -54.782135009765625 -9.123879432678223
vertex 14.150894165039062 -55.98213577270508 -9.123879432678223
endloop
endfacet
facet normal -0.1950894725259293 0 0.9807854493769546
outer loop
vertex 22.03357696533203 -55.98213577270508 -9.199999809265137
vertex 22.416261672973633 -55.98213577270508 -9.123879432678223
vertex 22.416261672973633 -54.782135009765625 -9.123879432678223
endloop
endfacet
facet normal -0.5555704942502147 0 -0.831469437753771
outer loop
vertex 22.416261672973633 -54.782135009765625 -5.776120662689209
vertex 22.740684509277344 -55.98213577270508 -5.992893218994141
vertex 22.416261672973633 -55.98213577270508 -5.776120662689209
endloop
endfacet
facet normal -0.1950894725259293 0 0.9807854493769546
outer loop
vertex 22.03357696533203 -54.782135009765625 -9.199999809265137
vertex 22.03357696533203 -55.98213577270508 -9.199999809265137
vertex 22.416261672973633 -54.782135009765625 -9.123879432678223
endloop
endfacet
facet normal -0.5555713391342493 0 0.8314688732193027
outer loop
vertex 22.416261672973633 -54.782135009765625 -9.123879432678223
vertex 22.416261672973633 -55.98213577270508 -9.123879432678223
vertex 22.740684509277344 -54.782135009765625 -8.907106399536133
endloop
endfacet
facet normal -0.5555713391342493 0 0.8314688732193027
outer loop
vertex 22.740684509277344 -54.782135009765625 -8.907106399536133
vertex 22.416261672973633 -55.98213577270508 -9.123879432678223
vertex 22.740684509277344 -55.98213577270508 -8.907106399536133
endloop
endfacet
facet normal -0.8314700022881474 0 0.5555696493644593
outer loop
vertex 22.740684509277344 -54.782135009765625 -8.907106399536133
vertex 22.740684509277344 -55.98213577270508 -8.907106399536133
vertex 22.957456588745117 -54.782135009765625 -8.582683563232422
endloop
endfacet
facet normal -0.8314700022881474 0 0.5555696493644593
outer loop
vertex 22.957456588745117 -54.782135009765625 -8.582683563232422
vertex 22.740684509277344 -55.98213577270508 -8.907106399536133
vertex 22.957456588745117 -55.98213577270508 -8.582683563232422
endloop
endfacet
facet normal -0.9807853563514094 0 0.1950899401984604
outer loop
vertex 22.957456588745117 -54.782135009765625 -8.582683563232422
vertex 22.957456588745117 -55.98213577270508 -8.582683563232422
vertex 23.03357696533203 -54.782135009765625 -8.199999809265137
endloop
endfacet
facet normal 0.9807853563514094 0 0.1950899401984604
outer loop
vertex 13.533576965332031 -55.98213577270508 -8.199999809265137
vertex 13.609697341918945 -54.782135009765625 -8.582683563232422
vertex 13.533576965332031 -54.782135009765625 -8.199999809265137
endloop
endfacet
facet normal 1 0 0
outer loop
vertex 13.533576965332031 -55.98213577270508 -8.199999809265137
vertex 13.533576965332031 -54.782135009765625 -8.199999809265137
vertex 13.533576965332031 -55.98213577270508 -6.699999809265137
endloop
endfacet
facet normal 1 0 0
outer loop
vertex 13.533576965332031 -55.98213577270508 -6.699999809265137
vertex 13.533576965332031 -54.782135009765625 -8.199999809265137
vertex 13.533576965332031 -54.782135009765625 -6.699999809265137
endloop
endfacet
facet normal 0.9807853098383859 0 -0.19509017403555012
outer loop
vertex 13.533576965332031 -55.98213577270508 -6.699999809265137
vertex 13.533576965332031 -54.782135009765625 -6.699999809265137
vertex 13.609697341918945 -55.98213577270508 -6.31731653213501
endloop
endfacet
facet normal 0.9807853098383859 0 -0.19509017403555012
outer loop
vertex 13.609697341918945 -55.98213577270508 -6.31731653213501
vertex 13.533576965332031 -54.782135009765625 -6.699999809265137
vertex 13.609697341918945 -54.782135009765625 -6.31731653213501
endloop
endfacet
facet normal -0.19509064810236038 0 -0.9807852155405896
outer loop
vertex 22.416261672973633 -55.98213577270508 -5.776120662689209
vertex 22.03357696533203 -54.782135009765625 -5.699999809265137
vertex 22.416261672973633 -54.782135009765625 -5.776120662689209
endloop
endfacet
facet normal -0.9807853098383859 0 -0.19509017403555012
outer loop
vertex 22.957456588745117 -54.782135009765625 -6.31731653213501
vertex 23.03357696533203 -55.98213577270508 -6.699999809265137
vertex 22.957456588745117 -55.98213577270508 -6.31731653213501
endloop
endfacet
facet normal 0 0 -1
outer loop
vertex 22.03357696533203 -55.98213577270508 -5.699999809265137
vertex 14.533576965332031 -54.782135009765625 -5.699999809265137
vertex 22.03357696533203 -54.782135009765625 -5.699999809265137
endloop
endfacet
facet normal -0.831470379496779 0 -0.5555690848305744
outer loop
vertex 22.957456588745117 -54.782135009765625 -6.31731653213501
vertex 22.957456588745117 -55.98213577270508 -6.31731653213501
vertex 22.740684509277344 -54.782135009765625 -5.992893218994141
endloop
endfacet
facet normal 0 0 1
outer loop
vertex 14.533576965332031 -54.782135009765625 -9.199999809265137
vertex 14.533576965332031 -55.98213577270508 -9.199999809265137
vertex 22.03357696533203 -54.782135009765625 -9.199999809265137
endloop
endfacet
facet normal -0.5555704942502147 0 -0.831469437753771
outer loop
vertex 22.740684509277344 -54.782135009765625 -5.992893218994141
vertex 22.740684509277344 -55.98213577270508 -5.992893218994141
vertex 22.416261672973633 -54.782135009765625 -5.776120662689209
endloop
endfacet
facet normal -0.831470379496779 0 -0.5555690848305744
outer loop
vertex 22.740684509277344 -54.782135009765625 -5.992893218994141
vertex 22.957456588745117 -55.98213577270508 -6.31731653213501
vertex 22.740684509277344 -55.98213577270508 -5.992893218994141
endloop
endfacet
facet normal 0.8314692504297169 0 -0.5555707746001806
outer loop
vertex 13.609697341918945 -55.98213577270508 -6.31731653213501
vertex 13.609697341918945 -54.782135009765625 -6.31731653213501
vertex 13.826470375061035 -55.98213577270508 -5.992893218994141
endloop
endfacet
facet normal 0.8314692504297169 0 -0.5555707746001806
outer loop
vertex 13.826470375061035 -55.98213577270508 -5.992893218994141
vertex 13.609697341918945 -54.782135009765625 -6.31731653213501
vertex 13.826470375061035 -54.782135009765625 -5.992893218994141
endloop
endfacet
facet normal 0.5555693651831525 0 -0.8314701921716671
outer loop
vertex 13.826470375061035 -55.98213577270508 -5.992893218994141
vertex 13.826470375061035 -54.782135009765625 -5.992893218994141
vertex 14.150894165039062 -55.98213577270508 -5.776120662689209
endloop
endfacet
facet normal 0.19509158345481065 0 -0.9807850294866326
outer loop
vertex 14.150894165039062 -55.98213577270508 -5.776120662689209
vertex 14.150894165039062 -54.782135009765625 -5.776120662689209
vertex 14.533576965332031 -55.98213577270508 -5.699999809265137
endloop
endfacet
facet normal -0.19509064810236038 0 -0.9807852155405896
outer loop
vertex 22.03357696533203 -54.782135009765625 -5.699999809265137
vertex 22.416261672973633 -55.98213577270508 -5.776120662689209
vertex 22.03357696533203 -55.98213577270508 -5.699999809265137
endloop
endfacet
facet normal 0.5555693651831525 0 -0.8314701921716671
outer loop
vertex 14.150894165039062 -54.782135009765625 -5.776120662689209
vertex 14.150894165039062 -55.98213577270508 -5.776120662689209
vertex 13.826470375061035 -54.782135009765625 -5.992893218994141
endloop
endfacet
facet normal 0.19509158345481065 0 -0.9807850294866326
outer loop
vertex 14.533576965332031 -55.98213577270508 -5.699999809265137
vertex 14.150894165039062 -54.782135009765625 -5.776120662689209
vertex 14.533576965332031 -54.782135009765625 -5.699999809265137
endloop
endfacet
facet normal 0 0 -1
outer loop
vertex 14.533576965332031 -55.98213577270508 -5.699999809265137
vertex 14.533576965332031 -54.782135009765625 -5.699999809265137
vertex 22.03357696533203 -55.98213577270508 -5.699999809265137
endloop
endfacet
facet normal 0.8314688732193027 0 0.5555713391342493
outer loop
vertex 13.609697341918945 -55.98213577270508 -8.582683563232422
vertex 13.826470375061035 -55.98213577270508 -8.907106399536133
vertex 13.826470375061035 -54.782135009765625 -8.907106399536133
endloop
endfacet
facet normal -0.9807853563514094 0 0.1950899401984604
outer loop
vertex 23.03357696533203 -54.782135009765625 -8.199999809265137
vertex 22.957456588745117 -55.98213577270508 -8.582683563232422
vertex 23.03357696533203 -55.98213577270508 -8.199999809265137
endloop
endfacet
facet normal 0.8314688732193027 0 0.5555713391342493
outer loop
vertex 13.609697341918945 -55.98213577270508 -8.582683563232422
vertex 13.826470375061035 -54.782135009765625 -8.907106399536133
vertex 13.609697341918945 -54.782135009765625 -8.582683563232422
endloop
endfacet
facet normal 0.9807853563514094 0 0.1950899401984604
outer loop
vertex 13.609697341918945 -55.98213577270508 -8.582683563232422
vertex 13.609697341918945 -54.782135009765625 -8.582683563232422
vertex 13.533576965332031 -55.98213577270508 -8.199999809265137
endloop
endfacet
facet normal 0.5555702100670031 0 0.8314696276389812
outer loop
vertex 13.826470375061035 -55.98213577270508 -8.907106399536133
vertex 14.150894165039062 -54.782135009765625 -9.123879432678223
vertex 13.826470375061035 -54.782135009765625 -8.907106399536133
endloop
endfacet
facet normal 0 0 1
outer loop
vertex 22.03357696533203 -54.782135009765625 -9.199999809265137
vertex 14.533576965332031 -55.98213577270508 -9.199999809265137
vertex 22.03357696533203 -55.98213577270508 -9.199999809265137
endloop
endfacet
facet normal -0.9807853098383859 0 -0.19509017403555012
outer loop
vertex 23.03357696533203 -54.782135009765625 -6.699999809265137
vertex 23.03357696533203 -55.98213577270508 -6.699999809265137
vertex 22.957456588745117 -54.782135009765625 -6.31731653213501
endloop
endfacet
facet normal -1 0 0
outer loop
vertex 23.03357696533203 -54.782135009765625 -8.199999809265137
vertex 23.03357696533203 -55.98213577270508 -8.199999809265137
vertex 23.03357696533203 -54.782135009765625 -6.699999809265137
endloop
endfacet
facet normal 0.027515879126116617 -0.10269055023112574 0.9943327045255755
outer loop
vertex 43.783023834228516 -56.44179916381836 -0.32014966011047363
vertex 42.84292984008789 -57.51625442504883 -0.4050999879837036
vertex 44.05580520629883 -57.19126510620117 -0.4050999879837036
endloop
endfacet
facet normal 0.0871572759617764 -0.9961945639517026 0
outer loop
vertex 42.98122787475586 -58.300594329833984 -1.5
vertex 42.98122787475586 -58.300594329833984 -0.5
vertex 41.992042541503906 -58.38713836669922 -1.5
endloop
endfacet
facet normal -0.010350533518518402 -0.11831136125036402 -0.9929225993273433
outer loop
vertex 41.19204330444336 -58.38713836669922 -1.5
vertex 40.34115982055664 -57.51625442504883 -1.5949000120162964
vertex 41.19204330444336 -57.590694427490234 -1.5949000120162964
endloop
endfacet
facet normal -0.010351137245505982 -0.11831194287454977 -0.9929225237303131
outer loop
vertex 40.202857971191406 -58.300594329833984 -1.5
vertex 40.34115982055664 -57.51625442504883 -1.5949000120162964
vertex 41.19204330444336 -58.38713836669922 -1.5
endloop
endfacet
facet normal -0.030738289537328156 -0.11471709768415557 -0.9929225272171254
outer loop
vertex 40.202857971191406 -58.300594329833984 -1.5
vertex 39.12828063964844 -57.19126510620117 -1.5949000120162964
vertex 40.34115982055664 -57.51625442504883 -1.5949000120162964
endloop
endfacet
facet normal 0.027515835928854173 -0.10269038901691817 -0.9943327223704802
outer loop
vertex 42.84292984008789 -57.51625442504883 -1.5949000120162964
vertex 43.95785140991211 -56.92213439941406 -1.6254053115844727
vertex 44.05580520629883 -57.19126510620117 -1.5949000120162964
endloop
endfacet
facet normal 0.027515762057422326 -0.10269025122592364 -0.9943327386451459
outer loop
vertex 42.84292984008789 -57.51625442504883 -1.5949000120162964
vertex 42.7381706237793 -56.92213439941406 -1.6591570377349854
vertex 43.95785140991211 -56.92213439941406 -1.6254053115844727
endloop
endfacet
facet normal 0.009265440445748308 -0.1059087228977344 -0.9943326877999722
outer loop
vertex 41.992042541503906 -57.590694427490234 -1.5949000120162964
vertex 41.992042541503906 -56.92213439941406 -1.6661099195480347
vertex 42.84292984008789 -57.51625442504883 -1.5949000120162964
endloop
endfacet
facet normal 0.00926580594504671 -0.10590820563200387 -0.99433273948915
outer loop
vertex 41.992042541503906 -56.92213439941406 -1.6661099195480347
vertex 42.7381706237793 -56.92213439941406 -1.6591570377349854
vertex 42.84292984008789 -57.51625442504883 -1.5949000120162964
endloop
endfacet
facet normal 0.024288801362693627 -0.09064771360061473 0.9955867848396464
outer loop
vertex 42.609214782714844 -56.190792083740234 -0.2686587870121002
vertex 42.70443344116211 -56.730804443359375 -0.32014966011047363
vertex 43.783023834228516 -56.44179916381836 -0.32014966011047363
endloop
endfacet
facet normal 0.008179449941048649 -0.09348822431243614 0.9955867860280034
outer loop
vertex 42.609214782714844 -56.190792083740234 -0.2686587870121002
vertex 41.992042541503906 -56.79313278198242 -0.32014966011047363
vertex 42.70443344116211 -56.730804443359375 -0.32014966011047363
endloop
endfacet
facet normal -0.009265481981183751 -0.10590872285697246 -0.9943326874172755
outer loop
vertex 40.34115982055664 -57.51625442504883 -1.5949000120162964
vertex 41.19204330444336 -56.92213439941406 -1.6661099195480347
vertex 41.19204330444336 -57.590694427490234 -1.5949000120162964
endloop
endfacet
facet normal -0.009265853322310233 -0.10590819732606105 -0.9943327399323396
outer loop
vertex 40.34115982055664 -57.51625442504883 -1.5949000120162964
vertex 40.445919036865234 -56.92213439941406 -1.6591570377349854
vertex 41.19204330444336 -56.92213439941406 -1.6661099195480347
endloop
endfacet
facet normal -0.027515762688915563 -0.1026900300925275 -0.9943327614653171
outer loop
vertex 40.445919036865234 -56.92213439941406 -1.6591570377349854
vertex 39.12828063964844 -57.19126510620117 -1.5949000120162964
vertex 39.22623825073242 -56.92213439941406 -1.6254053115844727
endloop
endfacet
facet normal -0.027515714715842476 -0.10269025962142168 -0.9943327390881591
outer loop
vertex 39.12828063964844 -57.19126510620117 -1.5949000120162964
vertex 40.445919036865234 -56.92213439941406 -1.6591570377349854
vertex 40.34115982055664 -57.51625442504883 -1.5949000120162964
endloop
endfacet
facet normal -0.0871572759617764 -0.9961945639517026 0
outer loop
vertex 40.202857971191406 -58.300594329833984 -1.5
vertex 41.19204330444336 -58.38713836669922 -1.5
vertex 41.19204330444336 -58.38713836669922 -0.5
endloop
endfacet
facet normal -0.42261723351328206 -0.906308266506259 0
outer loop
vertex 38.85588455200195 -57.939674377441406 -1.5
vertex 38.85588455200195 -57.939674377441406 -0.5
vertex 37.592044830322266 -57.350337982177734 -1.5
endloop
endfacet
facet normal -0.5735781035076711 -0.8191508769308272 0
outer loop
vertex 37.592044830322266 -57.350337982177734 -1.5
vertex 37.592044830322266 -57.350337982177734 -0.5
vertex 37.092044830322266 -57.0002326965332 -1.5
endloop
endfacet
facet normal -0.05019213137230826 -0.10763658499673641 -0.9929225123435088
outer loop
vertex 38.85588455200195 -57.939674377441406 -1.5
vertex 38.55113220214844 -56.92213439941406 -1.5949000120162964
vertex 39.12828063964844 -57.19126510620117 -1.5949000120162964
endloop
endfacet
facet normal -0.03073831996140186 -0.11471712678692103 -0.9929225229128926
outer loop
vertex 39.12828063964844 -57.19126510620117 -1.5949000120162964
vertex 40.202857971191406 -58.300594329833984 -1.5
vertex 38.85588455200195 -57.939674377441406 -1.5
endloop
endfacet
facet normal -0.05019153390663815 -0.10763641063583297 -0.9929225614465276
outer loop
vertex 37.592044830322266 -57.350337982177734 -1.5
vertex 38.55113220214844 -56.92213439941406 -1.5949000120162964
vertex 38.85588455200195 -57.939674377441406 -1.5
endloop
endfacet
facet normal -0.0501915785178297 -0.10763631257218294 -0.992922569821913
outer loop
vertex 37.83926773071289 -56.92213439941406 -1.5589157342910767
vertex 38.55113220214844 -56.92213439941406 -1.5949000120162964
vertex 37.592044830322266 -57.350337982177734 -1.5
endloop
endfacet
facet normal -0.06812006188671474 -0.09728620318369842 -0.9929224802766077
outer loop
vertex 37.092044830322266 -57.0002326965332 -1.5
vertex 37.092044830322266 -56.92213439941406 -1.5076520442962646
vertex 37.83926773071289 -56.92213439941406 -1.5589157342910767
endloop
endfacet
facet normal -0.06812016722441129 -0.09728525963126279 -0.9929225654983354
outer loop
vertex 37.092044830322266 -57.0002326965332 -1.5
vertex 37.83926773071289 -56.92213439941406 -1.5589157342910767
vertex 37.592044830322266 -57.350337982177734 -1.5
endloop
endfacet
facet normal 0.008179086658464795 -0.09348785530194098 0.9955868236635501
outer loop
vertex 41.992042541503906 -56.18519592285156 -0.2630630135536194
vertex 41.992042541503906 -56.79313278198242 -0.32014966011047363
vertex 42.609214782714844 -56.190792083740234 -0.2686587870121002
endloop
endfacet
facet normal 0.024288786752211557 -0.09064778074408432 0.9955867790827067
outer loop
vertex 43.783023834228516 -56.44179916381836 -0.32014966011047363
vertex 43.70234298706055 -56.22013473510742 -0.2979988753795624
vertex 42.609214782714844 -56.190792083740234 -0.2686587870121002
endloop
endfacet
facet normal 0.01035108629984877 -0.1183113605733453 -0.9929225936454951
outer loop
vertex 41.992042541503906 -57.590694427490234 -1.5949000120162964
vertex 42.98122787475586 -58.300594329833984 -1.5
vertex 41.992042541503906 -58.38713836669922 -1.5
endloop
endfacet
facet normal 0.010350551313921753 -0.11831209507670475 -0.9929225117027304
outer loop
vertex 42.98122787475586 -58.300594329833984 -1.5
vertex 41.992042541503906 -57.590694427490234 -1.5949000120162964
vertex 42.84292984008789 -57.51625442504883 -1.5949000120162964
endloop
endfacet
facet normal 0.02751557527983731 -0.10269028719358086 0.9943327400991679
outer loop
vertex 42.70443344116211 -56.730804443359375 -0.32014966011047363
vertex 42.84292984008789 -57.51625442504883 -0.4050999879837036
vertex 43.783023834228516 -56.44179916381836 -0.32014966011047363
endloop
endfacet
facet normal 0.030738419534266304 -0.1147172220353652 0.992922508825852
outer loop
vertex 42.84292984008789 -57.51625442504883 -0.4050999879837036
vertex 42.98122787475586 -58.300594329833984 -0.5
vertex 44.05580520629883 -57.19126510620117 -0.4050999879837036
endloop
endfacet
facet normal 0.009265402840230353 -0.10590829304743166 0.9943327339346661
outer loop
vertex 42.70443344116211 -56.730804443359375 -0.32014966011047363
vertex 41.992042541503906 -57.590694427490234 -0.4050999879837036
vertex 42.84292984008789 -57.51625442504883 -0.4050999879837036
endloop
endfacet
facet normal 0.04492985548786129 -0.09635231741218338 -0.9943327104219903
outer loop
vertex 43.95785140991211 -56.92213439941406 -1.6254053115844727
vertex 44.632957458496094 -56.92213439941406 -1.5949000120162964
vertex 44.05580520629883 -57.19126510620117 -1.5949000120162964
endloop
endfacet
facet normal 0.009266157793323961 -0.10590891130090314 0.9943326610480049
outer loop
vertex 41.992042541503906 -56.79313278198242 -0.32014966011047363
vertex 41.992042541503906 -57.590694427490234 -0.4050999879837036
vertex 42.70443344116211 -56.730804443359375 -0.32014966011047363
endloop
endfacet
facet normal 0.010350487119986037 -0.11831136130718896 0.9929225998042439
outer loop
vertex 41.992042541503906 -57.590694427490234 -0.4050999879837036
vertex 41.992042541503906 -58.38713836669922 -0.5
vertex 42.84292984008789 -57.51625442504883 -0.4050999879837036
endloop
endfacet
facet normal 0.010351141521976526 -0.11831199175396531 0.9929225178614904
outer loop
vertex 41.992042541503906 -58.38713836669922 -0.5
vertex 42.98122787475586 -58.300594329833984 -0.5
vertex 42.84292984008789 -57.51625442504883 -0.4050999879837036
endloop
endfacet
facet normal -0.008179461429818647 -0.09348785501534809 0.9955868206115163
outer loop
vertex 41.19204330444336 -56.18519592285156 -0.2630630135536194
vertex 40.47965621948242 -56.730804443359375 -0.32014966011047363
vertex 41.19204330444336 -56.79313278198242 -0.32014966011047363
endloop
endfacet
facet normal -0.00817913299765836 -0.09348827994818783 0.9955867834075219
outer loop
vertex 40.57487487792969 -56.190792083740234 -0.2686587870121002
vertex 40.47965621948242 -56.730804443359375 -0.32014966011047363
vertex 41.19204330444336 -56.18519592285156 -0.2630630135536194
endloop
endfacet
facet normal -0.024288788651439904 -0.09064771585197334 0.9955867849447709
outer loop
vertex 40.57487487792969 -56.190792083740234 -0.2686587870121002
vertex 39.481746673583984 -56.22013473510742 -0.2979988753795624
vertex 40.47965621948242 -56.730804443359375 -0.32014966011047363
endloop
endfacet
facet normal 0.05019158980055118 -0.10763653050107135 -0.9929225456272937
outer loop
vertex 44.32820510864258 -57.939674377441406 -1.5
vertex 44.05580520629883 -57.19126510620117 -1.5949000120162964
vertex 45.592044830322266 -57.350337982177734 -1.5
endloop
endfacet
facet normal -0.024288816462904723 -0.09064776995578805 0.9955867793401407
outer loop
vertex 39.481746673583984 -56.22013473510742 -0.2979988753795624
vertex 39.401065826416016 -56.44179916381836 -0.32014966011047363
vertex 40.47965621948242 -56.730804443359375 -0.32014966011047363
endloop
endfacet
facet normal -0.009266141981937422 -0.1059081634642787 0.9943327408490551
outer loop
vertex 40.47965621948242 -56.730804443359375 -0.32014966011047363
vertex 40.34115982055664 -57.51625442504883 -0.4050999879837036
vertex 41.19204330444336 -56.79313278198242 -0.32014966011047363
endloop
endfacet
facet normal 0.05019162497391216 -0.10763621045311886 -0.9929225785436497
outer loop
vertex 45.592044830322266 -57.350337982177734 -1.5
vertex 44.05580520629883 -57.19126510620117 -1.5949000120162964
vertex 44.632957458496094 -56.92213439941406 -1.5949000120162964
endloop
endfacet
facet normal -0.009265498523907892 -0.10590891194792204 0.9943326671225836
outer loop
vertex 40.34115982055664 -57.51625442504883 -0.4050999879837036
vertex 41.19204330444336 -57.590694427490234 -0.4050999879837036
vertex 41.19204330444336 -56.79313278198242 -0.32014966011047363
endloop
endfacet
facet normal -0.010350592741722543 -0.11831203819884084 0.9929225180481762
outer loop
vertex 40.34115982055664 -57.51625442504883 -0.4050999879837036
vertex 40.202857971191406 -58.300594329833984 -0.5
vertex 41.19204330444336 -57.590694427490234 -0.4050999879837036
endloop
endfacet
facet normal -0.01035108629984877 -0.1183113605733453 0.9929225936454951
outer loop
vertex 40.202857971191406 -58.300594329833984 -0.5
vertex 41.19204330444336 -58.38713836669922 -0.5
vertex 41.19204330444336 -57.590694427490234 -0.4050999879837036
endloop
endfacet
facet normal -0.02751563263342054 -0.10269050124165631 0.9943327164060931
outer loop
vertex 39.401065826416016 -56.44179916381836 -0.32014966011047363
vertex 39.12828063964844 -57.19126510620117 -0.4050999879837036
vertex 40.47965621948242 -56.730804443359375 -0.32014966011047363
endloop
endfacet
facet normal -0.0275157154434847 -0.1026902623370251 0.994332738787568
outer loop
vertex 39.12828063964844 -57.19126510620117 -0.4050999879837036
vertex 40.34115982055664 -57.51625442504883 -0.4050999879837036
vertex 40.47965621948242 -56.730804443359375 -0.32014966011047363
endloop
endfacet
facet normal 0.0501915785178297 -0.10763631257218294 -0.992922569821913
outer loop
vertex 45.592044830322266 -57.350337982177734 -1.5
vertex 44.632957458496094 -56.92213439941406 -1.5949000120162964
vertex 45.34482192993164 -56.92213439941406 -1.5589157342910767
endloop
endfacet
facet normal 0.06812006781441063 -0.09728531718798292 -0.992922566679091
outer loop
vertex 45.592044830322266 -57.350337982177734 -1.5
vertex 45.34482192993164 -56.92213439941406 -1.5589157342910767
vertex 46.092044830322266 -56.92213439941406 -1.5076520442962646
endloop
endfacet
facet normal 0.06812082435513186 -0.09728619810712637 -0.9929224284640963
outer loop
vertex 46.092044830322266 -56.92213439941406 -1.5076520442962646
vertex 46.092044830322266 -57.0002326965332 -1.5
vertex 45.592044830322266 -57.350337982177734 -1.5
endloop
endfacet
facet normal 0.25881803504136525 -0.9659260969335732 0
outer loop
vertex 44.32820510864258 -57.939674377441406 -0.5
vertex 42.98122787475586 -58.300594329833984 -1.5
vertex 44.32820510864258 -57.939674377441406 -1.5
endloop
endfacet
facet normal -1 0 0
outer loop
vertex 37.092044830322266 -56.92213439941406 -1
vertex 37.092044830322266 -56.92213439941406 -1.5076520442962646
vertex 37.092044830322266 -57.0002326965332 -1.5
endloop
endfacet
facet normal -0.044929858244803354 -0.09635168648220108 -0.9943327714352663
outer loop
vertex 38.55113220214844 -56.92213439941406 -1.5949000120162964
vertex 39.22623825073242 -56.92213439941406 -1.6254053115844727
vertex 39.12828063964844 -57.19126510620117 -1.5949000120162964
endloop
endfacet
facet normal 0.42261723351328206 -0.906308266506259 0
outer loop
vertex 44.32820510864258 -57.939674377441406 -1.5
vertex 45.592044830322266 -57.350337982177734 -1.5
vertex 45.592044830322266 -57.350337982177734 -0.5
endloop
endfacet
facet normal -0.030738311135584232 -0.11471709384847671 0.992922526991654
outer loop
vertex 40.34115982055664 -57.51625442504883 -0.4050999879837036
vertex 38.85588455200195 -57.939674377441406 -0.5
vertex 40.202857971191406 -58.300594329833984 -0.5
endloop
endfacet
facet normal 0.5735781035076711 -0.8191508769308272 0
outer loop
vertex 45.592044830322266 -57.350337982177734 -1.5
vertex 46.092044830322266 -57.0002326965332 -1.5
vertex 46.092044830322266 -57.0002326965332 -0.5
endloop
endfacet
facet normal 0.25881803504136525 -0.9659260969335732 0
outer loop
vertex 42.98122787475586 -58.300594329833984 -0.5
vertex 42.98122787475586 -58.300594329833984 -1.5
vertex 44.32820510864258 -57.939674377441406 -0.5
endloop
endfacet
facet normal 1 0 0
outer loop
vertex 46.092044830322266 -57.0002326965332 -1.5
vertex 46.092044830322266 -56.92213439941406 -1.5076520442962646
vertex 46.092044830322266 -56.92213439941406 -1
endloop
endfacet
facet normal 0.0871572759617764 -0.9961945639517026 0
outer loop
vertex 41.992042541503906 -58.38713836669922 -0.5
vertex 41.992042541503906 -58.38713836669922 -1.5
vertex 42.98122787475586 -58.300594329833984 -0.5
endloop
endfacet
facet normal 0.06097903958233335 -0.08708579993172595 0.994332751236661
outer loop
vertex 44.974365234375 -56.28048324584961 -0.3583499491214752
vertex 45.193824768066406 -56.66059875488281 -0.4050999879837036
vertex 45.66991424560547 -56.327232360839844 -0.4050999879837036
endloop
endfacet
facet normal -0.0871572759617764 -0.9961945639517026 0
outer loop
vertex 40.202857971191406 -58.300594329833984 -0.5
vertex 40.202857971191406 -58.300594329833984 -1.5
vertex 41.19204330444336 -58.38713836669922 -0.5
endloop
endfacet
facet normal -0.03966104510452103 -0.08505262666758792 0.9955867878784657
outer loop
vertex 39.481746673583984 -56.22013473510742 -0.2979988753795624
vertex 38.97320556640625 -56.24228286743164 -0.32014966011047363
vertex 39.401065826416016 -56.44179916381836 -0.32014966011047363
endloop
endfacet
facet normal -0.04492992894358144 -0.09635168368783294 0.9943327685114499
outer loop
vertex 38.97320556640625 -56.24228286743164 -0.32014966011047363
vertex 37.990264892578125 -56.66059875488281 -0.4050999879837036
vertex 39.401065826416016 -56.44179916381836 -0.32014966011047363
endloop
endfacet
facet normal -0.044929891497763864 -0.0963517703153302 0.9943327618091947
outer loop
vertex 38.97320556640625 -56.24228286743164 -0.32014966011047363
vertex 38.20972442626953 -56.28048324584961 -0.3583499491214752
vertex 37.990264892578125 -56.66059875488281 -0.4050999879837036
endloop
endfacet
facet normal 0.06811906246805474 -0.09728557991606382 0.9929226099091853
outer loop
vertex 46.092044830322266 -57.0002326965332 -0.5
vertex 46.092044830322266 -56.35934066772461 -0.4372060298919678
vertex 45.66991424560547 -56.327232360839844 -0.4050999879837036
endloop
endfacet
facet normal -0.06097869187379306 -0.08708600113638566 0.9943327549384233
outer loop
vertex 38.20972442626953 -56.28048324584961 -0.3583499491214752
vertex 37.5141716003418 -56.327232360839844 -0.4050999879837036
vertex 37.990264892578125 -56.66059875488281 -0.4050999879837036
endloop
endfacet
facet normal 0.044929660219926094 -0.09635190354103851 0.9943327593499776
outer loop
vertex 44.210880279541016 -56.24228286743164 -0.32014966011047363
vertex 45.193824768066406 -56.66059875488281 -0.4050999879837036
vertex 44.974365234375 -56.28048324584961 -0.3583499491214752
endloop
endfacet
facet normal 0.03966134730220909 -0.08505251641267583 0.9955867852588467
outer loop
vertex 43.70234298706055 -56.22013473510742 -0.2979988753795624
vertex 43.783023834228516 -56.44179916381836 -0.32014966011047363
vertex 44.210880279541016 -56.24228286743164 -0.32014966011047363
endloop
endfacet
facet normal -0.04492984564579062 -0.09635220271894271 0.9943327219806523
outer loop
vertex 37.990264892578125 -56.66059875488281 -0.4050999879837036
vertex 39.12828063964844 -57.19126510620117 -0.4050999879837036
vertex 39.401065826416016 -56.44179916381836 -0.32014966011047363
endloop
endfacet
facet normal -0.030738299338909692 -0.11471713426423219 0.9929225226874218
outer loop
vertex 39.12828063964844 -57.19126510620117 -0.4050999879837036
vertex 38.85588455200195 -57.939674377441406 -0.5
vertex 40.34115982055664 -57.51625442504883 -0.4050999879837036
endloop
endfacet
facet normal -0.050191690348207155 -0.1076367461268541 0.9929225171700019
outer loop
vertex 39.12828063964844 -57.19126510620117 -0.4050999879837036
vertex 37.592044830322266 -57.350337982177734 -0.5
vertex 38.85588455200195 -57.939674377441406 -0.5
endloop
endfacet
facet normal -0.05019173482004852 -0.10763634147160292 0.9929225587881275
outer loop
vertex 37.990264892578125 -56.66059875488281 -0.4050999879837036
vertex 37.592044830322266 -57.350337982177734 -0.5
vertex 39.12828063964844 -57.19126510620117 -0.4050999879837036
endloop
endfacet
facet normal 0.06811998546867276 -0.0972850000582915 0.992922603400389
outer loop
vertex 45.66991424560547 -56.327232360839844 -0.4050999879837036
vertex 45.592044830322266 -57.350337982177734 -0.5
vertex 46.092044830322266 -57.0002326965332 -0.5
endloop
endfacet
facet normal 0.06812073897053161 -0.09728505213958379 0.9929225466028593
outer loop
vertex 45.592044830322266 -57.350337982177734 -0.5
vertex 45.66991424560547 -56.327232360839844 -0.4050999879837036
vertex 45.193824768066406 -56.66059875488281 -0.4050999879837036
endloop
endfacet
facet normal -0.06812028958620428 -0.09728518985932287 0.9929225639397702
outer loop
vertex 37.5141716003418 -56.327232360839844 -0.4050999879837036
vertex 37.092044830322266 -57.0002326965332 -0.5
vertex 37.990264892578125 -56.66059875488281 -0.4050999879837036
endloop
endfacet
facet normal -0.06812022877494717 -0.09728534753415716 0.9929225526629996
outer loop
vertex 37.092044830322266 -57.0002326965332 -0.5
vertex 37.592044830322266 -57.350337982177734 -0.5
vertex 37.990264892578125 -56.66059875488281 -0.4050999879837036
endloop
endfacet
facet normal 0.03073826574856354 -0.11471724934574828 -0.9929225104313608
outer loop
vertex 42.98122787475586 -58.300594329833984 -1.5
vertex 42.84292984008789 -57.51625442504883 -1.5949000120162964
vertex 44.32820510864258 -57.939674377441406 -1.5
endloop
endfacet
facet normal -0.06811967519349417 -0.09728557583658284 0.9929225682729129
outer loop
vertex 37.5141716003418 -56.327232360839844 -0.4050999879837036
vertex 37.092044830322266 -56.35934066772461 -0.4372060298919678
vertex 37.092044830322266 -57.0002326965332 -0.5
endloop
endfacet
facet normal -0.2588187189266581 -0.9659259136875683 0
outer loop
vertex 38.85588455200195 -57.939674377441406 -0.5
vertex 38.85588455200195 -57.939674377441406 -1.5
vertex 40.202857971191406 -58.300594329833984 -0.5
endloop
endfacet
facet normal -0.42261723351328206 -0.906308266506259 0
outer loop
vertex 37.592044830322266 -57.350337982177734 -0.5
vertex 37.592044830322266 -57.350337982177734 -1.5
vertex 38.85588455200195 -57.939674377441406 -0.5
endloop
endfacet
facet normal 0.05019155100262191 -0.10763644729839705 0.9929225566079818
outer loop
vertex 45.193824768066406 -56.66059875488281 -0.4050999879837036
vertex 44.32820510864258 -57.939674377441406 -0.5
vertex 45.592044830322266 -57.350337982177734 -0.5
endloop
endfacet
facet normal -1 0 0
outer loop
vertex 37.092044830322266 -56.35934066772461 -0.4372060298919678
vertex 37.092044830322266 -56.92213439941406 -1
vertex 37.092044830322266 -57.0002326965332 -0.5
endloop
endfacet
facet normal 0.044929609858289324 -0.09635202004855233 0.9943327503358951
outer loop
vertex 44.210880279541016 -56.24228286743164 -0.32014966011047363
vertex 44.05580520629883 -57.19126510620117 -0.4050999879837036
vertex 45.193824768066406 -56.66059875488281 -0.4050999879837036
endloop
endfacet
facet normal 0.04493055609715403 -0.09635216955100755 0.9943326930920126
outer loop
vertex 44.05580520629883 -57.19126510620117 -0.4050999879837036
vertex 44.210880279541016 -56.24228286743164 -0.32014966011047363
vertex 43.783023834228516 -56.44179916381836 -0.32014966011047363
endloop
endfacet
facet normal 0.050191645270281575 -0.1076365102346813 0.9929225450202857
outer loop
vertex 44.05580520629883 -57.19126510620117 -0.4050999879837036
vertex 44.32820510864258 -57.939674377441406 -0.5
vertex 45.193824768066406 -56.66059875488281 -0.4050999879837036
endloop
endfacet
facet normal 1 0 0
outer loop
vertex 46.092044830322266 -57.0002326965332 -0.5
vertex 46.092044830322266 -56.92213439941406 -1
vertex 46.092044830322266 -56.35934066772461 -0.4372060298919678
endloop
endfacet
facet normal 1 0 0
outer loop
vertex 46.092044830322266 -57.0002326965332 -0.5
vertex 46.092044830322266 -57.0002326965332 -1.5
vertex 46.092044830322266 -56.92213439941406 -1
endloop
endfacet
facet normal -0.5735781035076711 -0.8191508769308272 0
outer loop
vertex 37.092044830322266 -57.0002326965332 -0.5
vertex 37.092044830322266 -57.0002326965332 -1.5
vertex 37.592044830322266 -57.350337982177734 -0.5
endloop
endfacet
facet normal -1 0 0
outer loop
vertex 37.092044830322266 -56.92213439941406 -1
vertex 37.092044830322266 -57.0002326965332 -1.5
vertex 37.092044830322266 -57.0002326965332 -0.5
endloop
endfacet
facet normal 0.5735781035076711 -0.8191508769308272 0
outer loop
vertex 45.592044830322266 -57.350337982177734 -0.5
vertex 45.592044830322266 -57.350337982177734 -1.5
vertex 46.092044830322266 -57.0002326965332 -0.5
endloop
endfacet
facet normal 0.42261723351328206 -0.906308266506259 0
outer loop
vertex 44.32820510864258 -57.939674377441406 -0.5
vertex 44.32820510864258 -57.939674377441406 -1.5
vertex 45.592044830322266 -57.350337982177734 -0.5
endloop
endfacet
facet normal 0.03073820290674636 -0.11471701481591276 0.9929225394731401
outer loop
vertex 44.05580520629883 -57.19126510620117 -0.4050999879837036
vertex 42.98122787475586 -58.300594329833984 -0.5
vertex 44.32820510864258 -57.939674377441406 -0.5
endloop
endfacet
facet normal 0.03073834974401115 -0.11471696157486275 -0.9929225410786314
outer loop
vertex 44.32820510864258 -57.939674377441406 -1.5
vertex 42.84292984008789 -57.51625442504883 -1.5949000120162964
vertex 44.05580520629883 -57.19126510620117 -1.5949000120162964
endloop
endfacet
facet normal -0.2588187189266581 -0.9659259136875683 0
outer loop
vertex 38.85588455200195 -57.939674377441406 -1.5
vertex 40.202857971191406 -58.300594329833984 -1.5
vertex 40.202857971191406 -58.300594329833984 -0.5
endloop
endfacet
facet normal 0.024288801362693627 -0.09064771360061473 0.9955867848396464
outer loop
vertex -56.28919982910156 -56.190792083740234 -0.2686587870121002
vertex -56.1939811706543 -56.730804443359375 -0.32014966011047363
vertex -55.11539077758789 -56.44179916381836 -0.32014966011047363
endloop
endfacet
facet normal 1 0 0
outer loop
vertex -52.80636978149414 -57.0002326965332 -0.5
vertex -52.80636978149414 -57.0002326965332 -1.5
vertex -52.80636978149414 -56.92213439941406 -1
endloop
endfacet
facet normal 0.008179493077939174 -0.09348821674025246 0.9955867863846504
outer loop
vertex -56.28919982910156 -56.190792083740234 -0.2686587870121002
vertex -56.906368255615234 -56.79313278198242 -0.32014966011047363
vertex -56.1939811706543 -56.730804443359375 -0.32014966011047363
endloop
endfacet
facet normal 0.009265481981183751 -0.10590872285697246 -0.9943326874172755
outer loop
vertex -56.906368255615234 -57.590694427490234 -1.5949000120162964
vertex -56.906368255615234 -56.92213439941406 -1.6661099195480347
vertex -56.055484771728516 -57.51625442504883 -1.5949000120162964
endloop
endfacet
facet normal 0.009265853322310233 -0.10590819732606105 -0.9943327399323396
outer loop
vertex -56.906368255615234 -56.92213439941406 -1.6661099195480347
vertex -56.16024398803711 -56.92213439941406 -1.6591570377349854
vertex -56.055484771728516 -57.51625442504883 -1.5949000120162964
endloop
endfacet
facet normal -0.0871572759617764 -0.9961945639517026 0
outer loop
vertex -58.695556640625 -58.300594329833984 -1.5
vertex -57.70637130737305 -58.38713836669922 -1.5
vertex -57.70637130737305 -58.38713836669922 -0.5
endloop
endfacet
facet normal -0.010350533518518402 -0.11831136125036402 -0.9929225993273433
outer loop
vertex -57.70637130737305 -58.38713836669922 -1.5
vertex -58.557254791259766 -57.51625442504883 -1.5949000120162964
vertex -57.70637130737305 -57.590694427490234 -1.5949000120162964
endloop
endfacet
facet normal -0.010351137245505982 -0.11831194287454977 -0.9929225237303131
outer loop
vertex -58.695556640625 -58.300594329833984 -1.5
vertex -58.557254791259766 -57.51625442504883 -1.5949000120162964
vertex -57.70637130737305 -58.38713836669922 -1.5
endloop
endfacet
facet normal -0.03073838182294883 -0.11471708129496132 -0.9929225262537212
outer loop
vertex -58.695556640625 -58.300594329833984 -1.5
vertex -59.7701301574707 -57.19126510620117 -1.5949000120162964
vertex -58.557254791259766 -57.51625442504883 -1.5949000120162964
endloop
endfacet
facet normal -0.2588187189266581 -0.9659259136875683 0
outer loop
vertex -60.04253005981445 -57.939674377441406 -1.5
vertex -58.695556640625 -58.300594329833984 -1.5
vertex -58.695556640625 -58.300594329833984 -0.5
endloop
endfacet
facet normal -0.42261723351328206 -0.906308266506259 0
outer loop
vertex -60.04253005981445 -57.939674377441406 -1.5
vertex -60.04253005981445 -57.939674377441406 -0.5
vertex -61.30636978149414 -57.350337982177734 -1.5
endloop
endfacet
facet normal -0.050191747369758614 -0.1076364729316717 -0.9929225439029975
outer loop
vertex -60.04253005981445 -57.939674377441406 -1.5
vertex -60.34728240966797 -56.92213439941406 -1.5949000120162964
vertex -59.7701301574707 -57.19126510620117 -1.5949000120162964
endloop
endfacet
facet normal -0.030738282250328174 -0.11471698604708791 -0.9929225403406711
outer loop
vertex -59.7701301574707 -57.19126510620117 -1.5949000120162964
vertex -58.695556640625 -58.300594329833984 -1.5
vertex -60.04253005981445 -57.939674377441406 -1.5
endloop
endfacet
facet normal -0.05019153390663815 -0.10763641063583297 -0.9929225614465276
outer loop
vertex -60.34728240966797 -56.92213439941406 -1.5949000120162964
vertex -60.04253005981445 -57.939674377441406 -1.5
vertex -61.30636978149414 -57.350337982177734 -1.5
endloop
endfacet
facet normal -0.0501915785178297 -0.10763631257218294 -0.992922569821913
outer loop
vertex -61.059146881103516 -56.92213439941406 -1.5589157342910767
vertex -60.34728240966797 -56.92213439941406 -1.5949000120162964
vertex -61.30636978149414 -57.350337982177734 -1.5
endloop
endfacet
facet normal 0.01035108629984877 -0.1183113605733453 -0.9929225936454951
outer loop
vertex -56.906368255615234 -58.38713836669922 -1.5
vertex -56.906368255615234 -57.590694427490234 -1.5949000120162964
vertex -55.91718292236328 -58.300594329833984 -1.5
endloop
endfacet
facet normal 0.010350592741722543 -0.11831203819884084 -0.9929225180481762
outer loop
vertex -55.91718292236328 -58.300594329833984 -1.5
vertex -56.906368255615234 -57.590694427490234 -1.5949000120162964
vertex -56.055484771728516 -57.51625442504883 -1.5949000120162964
endloop
endfacet
facet normal 0.030738311135584232 -0.11471709384847671 -0.992922526991654
outer loop
vertex -55.91718292236328 -58.300594329833984 -1.5
vertex -56.055484771728516 -57.51625442504883 -1.5949000120162964
vertex -54.57020950317383 -57.939674377441406 -1.5
endloop
endfacet
facet normal 0.03073834974401115 -0.11471696157486275 -0.9929225410786314
outer loop
vertex -54.57020950317383 -57.939674377441406 -1.5
vertex -56.055484771728516 -57.51625442504883 -1.5949000120162964
vertex -54.84260940551758 -57.19126510620117 -1.5949000120162964
endloop
endfacet
facet normal 0.0871572759617764 -0.9961945639517026 0
outer loop
vertex -55.91718292236328 -58.300594329833984 -1.5
vertex -55.91718292236328 -58.300594329833984 -0.5
vertex -56.906368255615234 -58.38713836669922 -1.5
endloop
endfacet
facet normal 0.2588187189266581 -0.9659259136875683 0
outer loop
vertex -55.91718292236328 -58.300594329833984 -1.5
vertex -54.57020950317383 -57.939674377441406 -1.5
vertex -54.57020950317383 -57.939674377441406 -0.5
endloop
endfacet
facet normal 0.05019158980055118 -0.10763653050107135 -0.9929225456272937
outer loop
vertex -54.57020950317383 -57.939674377441406 -1.5
vertex -54.84260940551758 -57.19126510620117 -1.5949000120162964
vertex -53.30636978149414 -57.350337982177734 -1.5
endloop
endfacet
facet normal 0.05019162497391216 -0.10763621045311886 -0.9929225785436497
outer loop
vertex -53.30636978149414 -57.350337982177734 -1.5
vertex -54.84260940551758 -57.19126510620117 -1.5949000120162964
vertex -54.26545715332031 -56.92213439941406 -1.5949000120162964
endloop
endfacet
facet normal 0.0501915785178297 -0.10763631257218294 -0.992922569821913
outer loop
vertex -53.30636978149414 -57.350337982177734 -1.5
vertex -54.26545715332031 -56.92213439941406 -1.5949000120162964
vertex -53.553592681884766 -56.92213439941406 -1.5589157342910767
endloop
endfacet
facet normal 0.06812006781441063 -0.09728531718798292 -0.992922566679091
outer loop
vertex -53.30636978149414 -57.350337982177734 -1.5
vertex -53.553592681884766 -56.92213439941406 -1.5589157342910767
vertex -52.80636978149414 -56.92213439941406 -1.5076520442962646
endloop
endfacet
facet normal -0.009265481981183751 -0.10590872285697246 -0.9943326874172755
outer loop
vertex -58.557254791259766 -57.51625442504883 -1.5949000120162964
vertex -57.70637130737305 -56.92213439941406 -1.6661099195480347
vertex -57.70637130737305 -57.590694427490234 -1.5949000120162964
endloop
endfacet
facet normal -0.009265853322310233 -0.10590819732606105 -0.9943327399323396
outer loop
vertex -58.557254791259766 -57.51625442504883 -1.5949000120162964
vertex -58.45249557495117 -56.92213439941406 -1.6591570377349854
vertex -57.70637130737305 -56.92213439941406 -1.6661099195480347
endloop
endfacet
facet normal -0.02751579733167336 -0.1026902449704308 -0.9943327383150549
outer loop
vertex -59.7701301574707 -57.19126510620117 -1.5949000120162964
vertex -58.45249557495117 -56.92213439941406 -1.6591570377349854
vertex -58.557254791259766 -57.51625442504883 -1.5949000120162964
endloop
endfacet
facet normal 0.06812082435513186 -0.09728619810712637 -0.9929224284640963
outer loop
vertex -52.80636978149414 -56.92213439941406 -1.5076520442962646
vertex -52.80636978149414 -57.0002326965332 -1.5
vertex -53.30636978149414 -57.350337982177734 -1.5
endloop
endfacet
facet normal 1 0 0
outer loop
vertex -52.80636978149414 -57.0002326965332 -1.5
vertex -52.80636978149414 -56.92213439941406 -1.5076520442962646
vertex -52.80636978149414 -56.92213439941406 -1
endloop
endfacet
facet normal 0.42261723351328206 -0.906308266506259 0
outer loop
vertex -54.57020950317383 -57.939674377441406 -1.5
vertex -53.30636978149414 -57.350337982177734 -1.5
vertex -53.30636978149414 -57.350337982177734 -0.5
endloop
endfacet
facet normal 0.5735781035076711 -0.8191508769308272 0
outer loop
vertex -53.30636978149414 -57.350337982177734 -1.5
vertex -52.80636978149414 -57.0002326965332 -1.5
vertex -52.80636978149414 -57.0002326965332 -0.5
endloop
endfacet
facet normal -0.42261723351328206 -0.906308266506259 0
outer loop
vertex -61.30636978149414 -57.350337982177734 -0.5
vertex -61.30636978149414 -57.350337982177734 -1.5
vertex -60.04253005981445 -57.939674377441406 -0.5
endloop
endfacet
facet normal -0.2588187189266581 -0.9659259136875683 0
outer loop
vertex -60.04253005981445 -57.939674377441406 -0.5
vertex -60.04253005981445 -57.939674377441406 -1.5
vertex -58.695556640625 -58.300594329833984 -0.5
endloop
endfacet
facet normal -0.0871572759617764 -0.9961945639517026 0
outer loop
vertex -58.695556640625 -58.300594329833984 -0.5
vertex -58.695556640625 -58.300594329833984 -1.5
vertex -57.70637130737305 -58.38713836669922 -0.5
endloop
endfacet
facet normal -0.027515761586896732 -0.10269041599209901 -0.994332721641837
outer loop
vertex -59.7701301574707 -57.19126510620117 -1.5949000120162964
vertex -59.672176361083984 -56.92213439941406 -1.6254053115844727
vertex -58.45249557495117 -56.92213439941406 -1.6591570377349854
endloop
endfacet
facet normal -0.04492985548786129 -0.09635231741218338 -0.9943327104219903
outer loop
vertex -60.34728240966797 -56.92213439941406 -1.5949000120162964
vertex -59.672176361083984 -56.92213439941406 -1.6254053115844727
vertex -59.7701301574707 -57.19126510620117 -1.5949000120162964
endloop
endfacet
facet normal -0.06811967519349417 -0.09728557583658284 0.9929225682729129
outer loop
vertex -61.80636978149414 -56.35934066772461 -0.4372060298919678
vertex -61.80636978149414 -57.0002326965332 -0.5
vertex -61.38424301147461 -56.327232360839844 -0.4050999879837036
endloop
endfacet
facet normal -0.06812028958620428 -0.09728518985932287 0.9929225639397702
outer loop
vertex -61.80636978149414 -57.0002326965332 -0.5
vertex -60.90814971923828 -56.66059875488281 -0.4050999879837036
vertex -61.38424301147461 -56.327232360839844 -0.4050999879837036
endloop
endfacet
facet normal -0.06812022877494717 -0.09728534753415716 0.9929225526629996
outer loop
vertex -61.80636978149414 -57.0002326965332 -0.5
vertex -61.30636978149414 -57.350337982177734 -0.5
vertex -60.90814971923828 -56.66059875488281 -0.4050999879837036
endloop
endfacet
facet normal -1 0 0
outer loop
vertex -61.80636978149414 -56.92213439941406 -1
vertex -61.80636978149414 -57.0002326965332 -0.5
vertex -61.80636978149414 -56.35934066772461 -0.4372060298919678
endloop
endfacet
facet normal -0.5735781035076711 -0.8191508769308272 0
outer loop
vertex -61.80636978149414 -57.0002326965332 -0.5
vertex -61.80636978149414 -57.0002326965332 -1.5
vertex -61.30636978149414 -57.350337982177734 -0.5
endloop
endfacet
facet normal -1 0 0
outer loop
vertex -61.80636978149414 -56.92213439941406 -1
vertex -61.80636978149414 -56.92213439941406 -1.5076520442962646
vertex -61.80636978149414 -57.0002326965332 -0.5
endloop
endfacet
facet normal -1 0 0
outer loop
vertex -61.80636978149414 -56.92213439941406 -1.5076520442962646
vertex -61.80636978149414 -57.0002326965332 -1.5
vertex -61.80636978149414 -57.0002326965332 -0.5
endloop
endfacet
facet normal -0.5735781035076711 -0.8191508769308272 0
outer loop
vertex -61.80636978149414 -57.0002326965332 -1.5
vertex -61.30636978149414 -57.350337982177734 -1.5
vertex -61.30636978149414 -57.350337982177734 -0.5
endloop
endfacet
facet normal -0.06812006188671474 -0.09728620318369842 -0.9929224802766077
outer loop
vertex -61.059146881103516 -56.92213439941406 -1.5589157342910767
vertex -61.80636978149414 -57.0002326965332 -1.5
vertex -61.80636978149414 -56.92213439941406 -1.5076520442962646
endloop
endfacet
facet normal -0.06812016722441129 -0.09728525963126279 -0.9929225654983354
outer loop
vertex -61.30636978149414 -57.350337982177734 -1.5
vertex -61.80636978149414 -57.0002326965332 -1.5
vertex -61.059146881103516 -56.92213439941406 -1.5589157342910767
endloop
endfacet
facet normal 0.04492985548786129 -0.09635231741218338 -0.9943327104219903
outer loop
vertex -54.9405632019043 -56.92213439941406 -1.6254053115844727
vertex -54.26545715332031 -56.92213439941406 -1.5949000120162964
vertex -54.84260940551758 -57.19126510620117 -1.5949000120162964
endloop
endfacet
facet normal 0.027515762057422326 -0.10269025122592364 -0.9943327386451459
outer loop
vertex -56.055484771728516 -57.51625442504883 -1.5949000120162964
vertex -56.16024398803711 -56.92213439941406 -1.6591570377349854
vertex -54.9405632019043 -56.92213439941406 -1.6254053115844727
endloop
endfacet
facet normal -0.05019158980055118 -0.10763653050107135 0.9929225456272937
outer loop
vertex -61.30636978149414 -57.350337982177734 -0.5
vertex -60.04253005981445 -57.939674377441406 -0.5
vertex -59.7701301574707 -57.19126510620117 -0.4050999879837036
endloop
endfacet
facet normal -0.05019160218279296 -0.10763641783310961 0.9929225572150029
outer loop
vertex -60.90814971923828 -56.66059875488281 -0.4050999879837036
vertex -61.30636978149414 -57.350337982177734 -0.5
vertex -59.7701301574707 -57.19126510620117 -0.4050999879837036
endloop
endfacet
facet normal -0.030738311135584232 -0.11471709384847671 0.992922526991654
outer loop
vertex -60.04253005981445 -57.939674377441406 -0.5
vertex -58.695556640625 -58.300594329833984 -0.5
vertex -58.557254791259766 -57.51625442504883 -0.4050999879837036
endloop
endfacet
facet normal -0.03073834974401115 -0.11471696157486275 0.9929225410786314
outer loop
vertex -59.7701301574707 -57.19126510620117 -0.4050999879837036
vertex -60.04253005981445 -57.939674377441406 -0.5
vertex -58.557254791259766 -57.51625442504883 -0.4050999879837036
endloop
endfacet
facet normal -0.044929807083696406 -0.09635244300050845 0.9943327004394735
outer loop
vertex -60.90814971923828 -56.66059875488281 -0.4050999879837036
vertex -59.7701301574707 -57.19126510620117 -0.4050999879837036
vertex -59.49734878540039 -56.44179916381836 -0.32014966011047363
endloop
endfacet
facet normal -0.027515666438836437 -0.10269062740612252 0.99433270244087
outer loop
vertex -59.49734878540039 -56.44179916381836 -0.32014966011047363
vertex -59.7701301574707 -57.19126510620117 -0.4050999879837036
vertex -58.418758392333984 -56.730804443359375 -0.32014966011047363
endloop
endfacet
facet normal -0.06097869187379306 -0.08708600113638566 0.9943327549384233
outer loop
vertex -60.688690185546875 -56.28048324584961 -0.3583499491214752
vertex -61.38424301147461 -56.327232360839844 -0.4050999879837036
vertex -60.90814971923828 -56.66059875488281 -0.4050999879837036
endloop
endfacet
facet normal -0.044929891497763864 -0.0963517703153302 0.9943327618091947
outer loop
vertex -59.925209045410156 -56.24228286743164 -0.32014966011047363
vertex -60.688690185546875 -56.28048324584961 -0.3583499491214752
vertex -60.90814971923828 -56.66059875488281 -0.4050999879837036
endloop
endfacet
facet normal -0.04492992894358144 -0.09635168368783294 0.9943327685114499
outer loop
vertex -59.925209045410156 -56.24228286743164 -0.32014966011047363
vertex -60.90814971923828 -56.66059875488281 -0.4050999879837036
vertex -59.49734878540039 -56.44179916381836 -0.32014966011047363
endloop
endfacet
facet normal -0.03966104510452103 -0.08505262666758792 0.9955867878784657
outer loop
vertex -59.41666793823242 -56.22013473510742 -0.2979988753795624
vertex -59.925209045410156 -56.24228286743164 -0.32014966011047363
vertex -59.49734878540039 -56.44179916381836 -0.32014966011047363
endloop
endfacet
facet normal -0.024288816462904723 -0.09064776995578805 0.9955867793401407
outer loop
vertex -59.41666793823242 -56.22013473510742 -0.2979988753795624
vertex -59.49734878540039 -56.44179916381836 -0.32014966011047363
vertex -58.418758392333984 -56.730804443359375 -0.32014966011047363
endloop
endfacet
facet normal -0.01035108629984877 -0.1183113605733453 0.9929225936454951
outer loop
vertex -58.695556640625 -58.300594329833984 -0.5
vertex -57.70637130737305 -58.38713836669922 -0.5
vertex -57.70637130737305 -57.590694427490234 -0.4050999879837036
endloop
endfacet
facet normal -0.010350592741722543 -0.11831203819884084 0.9929225180481762
outer loop
vertex -58.557254791259766 -57.51625442504883 -0.4050999879837036
vertex -58.695556640625 -58.300594329833984 -0.5
vertex -57.70637130737305 -57.590694427490234 -0.4050999879837036
endloop
endfacet
facet normal -0.027515798059301662 -0.10269024768597372 0.9943327380144704
outer loop
vertex -58.418758392333984 -56.730804443359375 -0.32014966011047363
vertex -59.7701301574707 -57.19126510620117 -0.4050999879837036
vertex -58.557254791259766 -57.51625442504883 -0.4050999879837036
endloop
endfacet
facet normal -0.009266141981937422 -0.1059081634642787 0.9943327408490551
outer loop
vertex -58.418758392333984 -56.730804443359375 -0.32014966011047363
vertex -58.557254791259766 -57.51625442504883 -0.4050999879837036
vertex -57.70637130737305 -56.79313278198242 -0.32014966011047363
endloop
endfacet
facet normal -0.009265498523907892 -0.10590891194792204 0.9943326671225836
outer loop
vertex -57.70637130737305 -56.79313278198242 -0.32014966011047363
vertex -58.557254791259766 -57.51625442504883 -0.4050999879837036
vertex -57.70637130737305 -57.590694427490234 -0.4050999879837036
endloop
endfacet
facet normal -0.024288788651439904 -0.09064771585197334 0.9955867849447709
outer loop
vertex -58.32353973388672 -56.190792083740234 -0.2686587870121002
vertex -59.41666793823242 -56.22013473510742 -0.2979988753795624
vertex -58.418758392333984 -56.730804443359375 -0.32014966011047363
endloop
endfacet
facet normal -0.00817913299765836 -0.09348827994818783 0.9955867834075219
outer loop
vertex -58.32353973388672 -56.190792083740234 -0.2686587870121002
vertex -58.418758392333984 -56.730804443359375 -0.32014966011047363
vertex -57.70637130737305 -56.18519592285156 -0.2630630135536194
endloop
endfacet
facet normal -0.008179461429818647 -0.09348785501534809 0.9955868206115163
outer loop
vertex -57.70637130737305 -56.18519592285156 -0.2630630135536194
vertex -58.418758392333984 -56.730804443359375 -0.32014966011047363
vertex -57.70637130737305 -56.79313278198242 -0.32014966011047363
endloop
endfacet
facet normal 0.0871572759617764 -0.9961945639517026 0
outer loop
vertex -56.906368255615234 -58.38713836669922 -0.5
vertex -56.906368255615234 -58.38713836669922 -1.5
vertex -55.91718292236328 -58.300594329833984 -0.5
endloop
endfacet
facet normal 0.06811967519349417 -0.09728557583658284 0.9929225682729129
outer loop
vertex -53.22849655151367 -56.327232360839844 -0.4050999879837036
vertex -52.80636978149414 -57.0002326965332 -0.5
vertex -52.80636978149414 -56.35934066772461 -0.4372060298919678
endloop
endfacet
facet normal 0.06097869187379306 -0.08708600113638566 0.9943327549384233
outer loop
vertex -53.924049377441406 -56.28048324584961 -0.3583499491214752
vertex -53.70458984375 -56.66059875488281 -0.4050999879837036
vertex -53.22849655151367 -56.327232360839844 -0.4050999879837036
endloop
endfacet
facet normal 0.044929891497763864 -0.0963517703153302 0.9943327618091947
outer loop
vertex -54.687530517578125 -56.24228286743164 -0.32014966011047363
vertex -53.70458984375 -56.66059875488281 -0.4050999879837036
vertex -53.924049377441406 -56.28048324584961 -0.3583499491214752
endloop
endfacet
facet normal 0.06812035060202727 -0.09728527699835236 0.99292255121596
outer loop
vertex -53.30636978149414 -57.350337982177734 -0.5
vertex -53.22849655151367 -56.327232360839844 -0.4050999879837036
vertex -53.70458984375 -56.66059875488281 -0.4050999879837036
endloop
endfacet
facet normal 0.0681201706765583 -0.09728526456141832 0.9929225647784481
outer loop
vertex -53.30636978149414 -57.350337982177734 -0.5
vertex -52.80636978149414 -57.0002326965332 -0.5
vertex -53.22849655151367 -56.327232360839844 -0.4050999879837036
endloop
endfacet
facet normal 0.044929699993177405 -0.09635221334376613 0.99433272753253
outer loop
vertex -54.687530517578125 -56.24228286743164 -0.32014966011047363
vertex -54.84260940551758 -57.19126510620117 -0.4050999879837036
vertex -53.70458984375 -56.66059875488281 -0.4050999879837036
endloop
endfacet
facet normal 0.05019155100262191 -0.10763644729839705 0.9929225566079818
outer loop
vertex -53.70458984375 -56.66059875488281 -0.4050999879837036
vertex -54.57020950317383 -57.939674377441406 -0.5
vertex -53.30636978149414 -57.350337982177734 -0.5
endloop
endfacet
facet normal 0.050191645270281575 -0.1076365102346813 0.9929225450202857
outer loop
vertex -54.84260940551758 -57.19126510620117 -0.4050999879837036
vertex -54.57020950317383 -57.939674377441406 -0.5
vertex -53.70458984375 -56.66059875488281 -0.4050999879837036
endloop
endfacet
facet normal 0.03966104510452103 -0.08505262666758792 0.9955867878784657
outer loop
vertex -55.19607162475586 -56.22013473510742 -0.2979988753795624
vertex -55.11539077758789 -56.44179916381836 -0.32014966011047363
vertex -54.687530517578125 -56.24228286743164 -0.32014966011047363
endloop
endfacet
facet normal 0.024288786752211557 -0.09064778074408432 0.9955867790827067
outer loop
vertex -56.28919982910156 -56.190792083740234 -0.2686587870121002
vertex -55.11539077758789 -56.44179916381836 -0.32014966011047363
vertex -55.19607162475586 -56.22013473510742 -0.2979988753795624
endloop
endfacet
facet normal 0.2588187189266581 -0.9659259136875683 0
outer loop
vertex -55.91718292236328 -58.300594329833984 -0.5
vertex -55.91718292236328 -58.300594329833984 -1.5
vertex -54.57020950317383 -57.939674377441406 -0.5
endloop
endfacet
facet normal 0.42261723351328206 -0.906308266506259 0
outer loop
vertex -54.57020950317383 -57.939674377441406 -0.5
vertex -54.57020950317383 -57.939674377441406 -1.5
vertex -53.30636978149414 -57.350337982177734 -0.5
endloop
endfacet
facet normal 0.00817913720974205 -0.09348785526328447 0.9955868232518826
outer loop
vertex -56.906368255615234 -56.18519592285156 -0.2630630135536194
vertex -56.906368255615234 -56.79313278198242 -0.32014966011047363
vertex -56.28919982910156 -56.190792083740234 -0.2686587870121002
endloop
endfacet
facet normal 0.04493021378317133 -0.09635229452285342 0.9943326964500261
outer loop
vertex -55.11539077758789 -56.44179916381836 -0.32014966011047363
vertex -54.84260940551758 -57.19126510620117 -0.4050999879837036
vertex -54.687530517578125 -56.24228286743164 -0.32014966011047363
endloop
endfacet
facet normal 0.02751557527983731 -0.10269028719358086 0.9943327400991679
outer loop
vertex -56.1939811706543 -56.730804443359375 -0.32014966011047363
vertex -56.055484771728516 -57.51625442504883 -0.4050999879837036
vertex -55.11539077758789 -56.44179916381836 -0.32014966011047363
endloop
endfacet
facet normal 0.027515879126116617 -0.10269055023112574 0.9943327045255755
outer loop
vertex -56.055484771728516 -57.51625442504883 -0.4050999879837036
vertex -54.84260940551758 -57.19126510620117 -0.4050999879837036
vertex -55.11539077758789 -56.44179916381836 -0.32014966011047363
endloop
endfacet
facet normal 0.030738282250328174 -0.11471698604708791 0.9929225403406711
outer loop
vertex -54.84260940551758 -57.19126510620117 -0.4050999879837036
vertex -55.91718292236328 -58.300594329833984 -0.5
vertex -54.57020950317383 -57.939674377441406 -0.5
endloop
endfacet
facet normal 0.03073838182294883 -0.11471708129496132 0.9929225262537212
outer loop
vertex -56.055484771728516 -57.51625442504883 -0.4050999879837036
vertex -55.91718292236328 -58.300594329833984 -0.5
vertex -54.84260940551758 -57.19126510620117 -0.4050999879837036
endloop
endfacet
facet normal 0.009265443751581892 -0.10590828587503061 0.9943327343173909
outer loop
vertex -56.1939811706543 -56.730804443359375 -0.32014966011047363
vertex -56.906368255615234 -57.590694427490234 -0.4050999879837036
vertex -56.055484771728516 -57.51625442504883 -0.4050999879837036
endloop
endfacet
facet normal 0.00926620740757514 -0.10590891125220897 0.9943326605908365
outer loop
vertex -56.906368255615234 -56.79313278198242 -0.32014966011047363
vertex -56.906368255615234 -57.590694427490234 -0.4050999879837036
vertex -56.1939811706543 -56.730804443359375 -0.32014966011047363
endloop
endfacet
facet normal 0.010351137245505982 -0.11831194287454977 0.9929225237303131
outer loop
vertex -56.055484771728516 -57.51625442504883 -0.4050999879837036
vertex -56.906368255615234 -58.38713836669922 -0.5
vertex -55.91718292236328 -58.300594329833984 -0.5
endloop
endfacet
facet normal 0.010350533518518402 -0.11831136125036402 0.9929225993273433
outer loop
vertex -56.906368255615234 -57.590694427490234 -0.4050999879837036
vertex -56.906368255615234 -58.38713836669922 -0.5
vertex -56.055484771728516 -57.51625442504883 -0.4050999879837036
endloop
endfacet
facet normal 1 0 0
outer loop
vertex -52.80636978149414 -57.0002326965332 -0.5
vertex -52.80636978149414 -56.92213439941406 -1
vertex -52.80636978149414 -56.35934066772461 -0.4372060298919678
endloop
endfacet
facet normal 0.5735781035076711 -0.8191508769308272 0
outer loop
vertex -53.30636978149414 -57.350337982177734 -0.5
vertex -53.30636978149414 -57.350337982177734 -1.5
vertex -52.80636978149414 -57.0002326965332 -0.5
endloop
endfacet
facet normal 0.027515835928854173 -0.10269038901691817 -0.9943327223704802
outer loop
vertex -56.055484771728516 -57.51625442504883 -1.5949000120162964
vertex -54.9405632019043 -56.92213439941406 -1.6254053115844727
vertex -54.84260940551758 -57.19126510620117 -1.5949000120162964
endloop
endfacet
facet normal 0.9807861986664705 0.19508570553829574 0
outer loop
vertex 35.592044830322266 -55.22213363647461 0
vertex 35.630104064941406 -55.413475036621094 0
vertex 35.630104064941406 -55.413475036621094 -4
endloop
endfacet
facet normal 1 0 0
outer loop
vertex 35.592044830322266 -54.782135009765625 0
vertex 35.592044830322266 -55.22213363647461 0
vertex 35.592044830322266 -54.782135009765625 -5
endloop
endfacet
facet normal 0 0 1
outer loop
vertex 35.592044830322266 -54.782135009765625 -5
vertex 35.592044830322266 -56.92213439941406 -5
vertex 47.592044830322266 -54.782135009765625 -5
endloop
endfacet
facet normal 0 0 1
outer loop
vertex 47.592044830322266 -54.782135009765625 -5
vertex 35.592044830322266 -56.92213439941406 -5
vertex 47.592044830322266 -56.92213439941406 -5
endloop
endfacet
facet normal -1 0 0
outer loop
vertex 47.592044830322266 -54.782135009765625 -5
vertex 47.592044830322266 -56.92213439941406 -5
vertex 47.592044830322266 -55.22213363647461 -4
endloop
endfacet
facet normal -1 0 0
outer loop
vertex 47.592044830322266 -55.22213363647461 -4
vertex 47.592044830322266 -56.92213439941406 -5
vertex 47.592044830322266 -56.92213439941406 -4
endloop
endfacet
facet normal 1 0 0
outer loop
vertex 35.592044830322266 -56.92213439941406 -4
vertex 35.592044830322266 -54.782135009765625 -5
vertex 35.592044830322266 -55.22213363647461 -4
endloop
endfacet
facet normal 1 0 0
outer loop
vertex 35.592044830322266 -56.92213439941406 -4
vertex 35.592044830322266 -56.92213439941406 -5
vertex 35.592044830322266 -54.782135009765625 -5
endloop
endfacet
facet normal -0.19508570553829574 0.9807861986664705 0
outer loop
vertex 47.28338623046875 -55.68407440185547 -4
vertex 47.092044830322266 -55.72213363647461 -4
vertex 47.092044830322266 -55.72213363647461 0
endloop
endfacet
facet normal -0.5555707707654927 0.8314692529919772 0
outer loop
vertex 47.44559860229492 -55.575687408447266 -4
vertex 47.28338623046875 -55.68407440185547 -4
vertex 47.28338623046875 -55.68407440185547 0
endloop
endfacet
facet normal -1 0 0
outer loop
vertex 41.992042541503906 -55.92213439941406 0
vertex 41.992042541503906 -56.92213439941406 -4
vertex 41.992042541503906 -56.18519592285156 -0.2630630135536194
endloop
endfacet
facet normal -1 0 0
outer loop
vertex 41.992042541503906 -55.92213439941406 0
vertex 41.992042541503906 -55.72213363647461 0
vertex 41.992042541503906 -55.72213363647461 -4
endloop
endfacet
facet normal 0 1 0
outer loop
vertex 47.092044830322266 -55.72213363647461 0
vertex 41.992042541503906 -55.72213363647461 -4
vertex 41.992042541503906 -55.72213363647461 0
endloop
endfacet
facet normal 1 0 0
outer loop
vertex 41.19204330444336 -58.38713836669922 -0.5
vertex 41.19204330444336 -58.38713836669922 -1.5
vertex 41.19204330444336 -57.590694427490234 -0.4050999879837036
endloop
endfacet
facet normal 1 0 0
outer loop
vertex 41.19204330444336 -57.590694427490234 -0.4050999879837036
vertex 41.19204330444336 -57.590694427490234 -1.5949000120162964
vertex 41.19204330444336 -56.79313278198242 -0.32014966011047363
endloop
endfacet
facet normal 1 0 0
outer loop
vertex 41.19204330444336 -56.79313278198242 -0.32014966011047363
vertex 41.19204330444336 -56.92213439941406 -1.6661099195480347
vertex 41.19204330444336 -56.18519592285156 -0.2630630135536194
endloop
endfacet
facet normal 1 0 0
outer loop
vertex 41.19204330444336 -56.18519592285156 -0.2630630135536194
vertex 41.19204330444336 -56.92213439941406 -1.6661099195480347
vertex 41.19204330444336 -55.92213439941406 0
endloop
endfacet
facet normal 1 0 0
outer loop
vertex 41.19204330444336 -55.92213439941406 0
vertex 41.19204330444336 -56.92213439941406 -1.6661099195480347
vertex 41.19204330444336 -55.72213363647461 0
endloop
endfacet
facet normal -1 0 0
outer loop
vertex 41.992042541503906 -57.590694427490234 -0.4050999879837036
vertex 41.992042541503906 -58.38713836669922 -1.5
vertex 41.992042541503906 -58.38713836669922 -0.5
endloop
endfacet
facet normal -1 0 0
outer loop
vertex 41.992042541503906 -56.92213439941406 -1.6661099195480347
vertex 41.992042541503906 -57.590694427490234 -0.4050999879837036
vertex 41.992042541503906 -56.79313278198242 -0.32014966011047363
endloop
endfacet
facet normal 0 1 0
outer loop
vertex 47.092044830322266 -55.72213363647461 -4
vertex 41.992042541503906 -55.72213363647461 -4
vertex 47.092044830322266 -55.72213363647461 0
endloop
endfacet
facet normal -1 0 0
outer loop
vertex 41.992042541503906 -56.18519592285156 -0.2630630135536194
vertex 41.992042541503906 -56.92213439941406 -1.6661099195480347
vertex 41.992042541503906 -56.79313278198242 -0.32014966011047363
endloop
endfacet
facet normal -0.19508570553829574 0.9807861986664705 0
outer loop
vertex 47.28338623046875 -55.68407440185547 0
vertex 47.28338623046875 -55.68407440185547 -4
vertex 47.092044830322266 -55.72213363647461 0
endloop
endfacet
facet normal -0.5555707707654927 0.8314692529919772 0
outer loop
vertex 47.44559860229492 -55.575687408447266 0
vertex 47.44559860229492 -55.575687408447266 -4
vertex 47.28338623046875 -55.68407440185547 0
endloop
endfacet
facet normal -0.8314692529919772 0.5555707707654927 0
outer loop
vertex 47.553985595703125 -55.413475036621094 0
vertex 47.553985595703125 -55.413475036621094 -4
vertex 47.44559860229492 -55.575687408447266 0
endloop
endfacet
facet normal -0.9807861986664705 0.19508570553829574 0
outer loop
vertex 47.592044830322266 -55.22213363647461 -4
vertex 47.553985595703125 -55.413475036621094 0
vertex 47.592044830322266 -55.22213363647461 0
endloop
endfacet
facet normal -0.8314692529919772 0.5555707707654927 0
outer loop
vertex 47.553985595703125 -55.413475036621094 -4
vertex 47.44559860229492 -55.575687408447266 -4
vertex 47.44559860229492 -55.575687408447266 0
endloop
endfacet
facet normal -1 0 0
outer loop
vertex 47.592044830322266 -55.22213363647461 -4
vertex 47.592044830322266 -54.782135009765625 0
vertex 47.592044830322266 -54.782135009765625 -5
endloop
endfacet
facet normal 0 0 -1
outer loop
vertex 47.592044830322266 -55.22213363647461 -4
vertex 47.592044830322266 -56.92213439941406 -4
vertex 47.553985595703125 -55.413475036621094 -4
endloop
endfacet
facet normal -1 0 0
outer loop
vertex 41.992042541503906 -56.92213439941406 -1.6661099195480347
vertex 41.992042541503906 -57.590694427490234 -1.5949000120162964
vertex 41.992042541503906 -57.590694427490234 -0.4050999879837036
endloop
endfacet
facet normal 0 0 -1
outer loop
vertex 47.592044830322266 -56.92213439941406 -4
vertex 47.44559860229492 -55.575687408447266 -4
vertex 47.553985595703125 -55.413475036621094 -4
endloop
endfacet
facet normal 0 0 -1
outer loop
vertex 47.592044830322266 -56.92213439941406 -4
vertex 47.28338623046875 -55.68407440185547 -4
vertex 47.44559860229492 -55.575687408447266 -4
endloop
endfacet
facet normal 0 0 -1
outer loop
vertex 47.592044830322266 -56.92213439941406 -4
vertex 47.092044830322266 -55.72213363647461 -4
vertex 47.28338623046875 -55.68407440185547 -4
endloop
endfacet
facet normal 1 0 0
outer loop
vertex 41.19204330444336 -58.38713836669922 -1.5
vertex 41.19204330444336 -57.590694427490234 -1.5949000120162964
vertex 41.19204330444336 -57.590694427490234 -0.4050999879837036
endloop
endfacet
facet normal -1 0 0
outer loop
vertex 41.992042541503906 -56.92213439941406 -4
vertex 41.992042541503906 -56.92213439941406 -1.6661099195480347
vertex 41.992042541503906 -56.18519592285156 -0.2630630135536194
endloop
endfacet
facet normal 1 0 0
outer loop
vertex 41.19204330444336 -56.92213439941406 -1.6661099195480347
vertex 41.19204330444336 -55.72213363647461 -4
vertex 41.19204330444336 -55.72213363647461 0
endloop
endfacet
facet normal 0 1 0
outer loop
vertex 41.19204330444336 -55.72213363647461 0
vertex 36.092044830322266 -55.72213363647461 -4
vertex 36.092044830322266 -55.72213363647461 0
endloop
endfacet
facet normal 0.5555707707654927 0.8314692529919772 0
outer loop
vertex 35.73849105834961 -55.575687408447266 0
vertex 35.90070343017578 -55.68407440185547 0
vertex 35.90070343017578 -55.68407440185547 -4
endloop
endfacet
facet normal 0.8314692529919772 0.5555707707654927 0
outer loop
vertex 35.73849105834961 -55.575687408447266 0
vertex 35.73849105834961 -55.575687408447266 -4
vertex 35.630104064941406 -55.413475036621094 0
endloop
endfacet
facet normal 0 0 -1
outer loop
vertex 47.592044830322266 -56.92213439941406 -4
vertex 41.992042541503906 -55.72213363647461 -4
vertex 47.092044830322266 -55.72213363647461 -4
endloop
endfacet
facet normal 0 0 -1
outer loop
vertex 41.992042541503906 -56.92213439941406 -4
vertex 41.992042541503906 -55.72213363647461 -4
vertex 47.592044830322266 -56.92213439941406 -4
endloop
endfacet
facet normal -1 0 0
outer loop
vertex 47.592044830322266 -54.782135009765625 0
vertex 47.592044830322266 -55.22213363647461 -4
vertex 47.592044830322266 -55.22213363647461 0
endloop
endfacet
facet normal 1 0 0
outer loop
vertex 41.19204330444336 -57.590694427490234 -1.5949000120162964
vertex 41.19204330444336 -56.92213439941406 -1.6661099195480347
vertex 41.19204330444336 -56.79313278198242 -0.32014966011047363
endloop
endfacet
facet normal -1 0 0
outer loop
vertex 41.992042541503906 -56.92213439941406 -4
vertex 41.992042541503906 -55.92213439941406 0
vertex 41.992042541503906 -55.72213363647461 -4
endloop
endfacet
facet normal 0 1 0
outer loop
vertex 41.19204330444336 -55.72213363647461 -4
vertex 36.092044830322266 -55.72213363647461 -4
vertex 41.19204330444336 -55.72213363647461 0
endloop
endfacet
facet normal 0.5555707707654927 0.8314692529919772 0
outer loop
vertex 35.90070343017578 -55.68407440185547 -4
vertex 35.73849105834961 -55.575687408447266 -4
vertex 35.73849105834961 -55.575687408447266 0
endloop
endfacet
facet normal 0.8314692529919772 0.5555707707654927 0
outer loop
vertex 35.73849105834961 -55.575687408447266 -4
vertex 35.630104064941406 -55.413475036621094 -4
vertex 35.630104064941406 -55.413475036621094 0
endloop
endfacet
facet normal 0.9807861986664705 0.19508570553829574 0
outer loop
vertex 35.630104064941406 -55.413475036621094 -4
vertex 35.592044830322266 -55.22213363647461 -4
vertex 35.592044830322266 -55.22213363647461 0
endloop
endfacet
facet normal 0.19508570553829574 0.9807861986664705 0
outer loop
vertex 36.092044830322266 -55.72213363647461 -4
vertex 35.90070343017578 -55.68407440185547 -4
vertex 35.90070343017578 -55.68407440185547 0
endloop
endfacet
facet normal 1 0 0
outer loop
vertex 35.592044830322266 -55.22213363647461 -4
vertex 35.592044830322266 -54.782135009765625 -5
vertex 35.592044830322266 -55.22213363647461 0
endloop
endfacet
facet normal 1 0 0
outer loop
vertex 41.19204330444336 -56.92213439941406 -1.6661099195480347
vertex 41.19204330444336 -56.92213439941406 -4
vertex 41.19204330444336 -55.72213363647461 -4
endloop
endfacet
facet normal 0 0 -1
outer loop
vertex 41.19204330444336 -56.92213439941406 -4
vertex 36.092044830322266 -55.72213363647461 -4
vertex 41.19204330444336 -55.72213363647461 -4
endloop
endfacet
facet normal 0 0 -1
outer loop
vertex 35.592044830322266 -56.92213439941406 -4
vertex 36.092044830322266 -55.72213363647461 -4
vertex 41.19204330444336 -56.92213439941406 -4
endloop
endfacet
facet normal 0 0 -1
outer loop
vertex 35.592044830322266 -56.92213439941406 -4
vertex 35.90070343017578 -55.68407440185547 -4
vertex 36.092044830322266 -55.72213363647461 -4
endloop
endfacet
facet normal 0 0 -1
outer loop
vertex 35.73849105834961 -55.575687408447266 -4
vertex 35.592044830322266 -56.92213439941406 -4
vertex 35.630104064941406 -55.413475036621094 -4
endloop
endfacet
facet normal 0 0 -1
outer loop
vertex 35.592044830322266 -56.92213439941406 -4
vertex 35.73849105834961 -55.575687408447266 -4
vertex 35.90070343017578 -55.68407440185547 -4
endloop
endfacet
facet normal 0 0 -1
outer loop
vertex 35.592044830322266 -56.92213439941406 -4
vertex 35.592044830322266 -55.22213363647461 -4
vertex 35.630104064941406 -55.413475036621094 -4
endloop
endfacet
facet normal 0.19508570553829574 0.9807861986664705 0
outer loop
vertex 36.092044830322266 -55.72213363647461 -4
vertex 35.90070343017578 -55.68407440185547 0
vertex 36.092044830322266 -55.72213363647461 0
endloop
endfacet
facet normal -0.9807861986664705 0.19508570553829574 0
outer loop
vertex 47.592044830322266 -55.22213363647461 -4
vertex 47.553985595703125 -55.413475036621094 -4
vertex 47.553985595703125 -55.413475036621094 0
endloop
endfacet
facet normal -1 0 0
outer loop
vertex 41.992042541503906 -57.590694427490234 -1.5949000120162964
vertex 41.992042541503906 -58.38713836669922 -1.5
vertex 41.992042541503906 -57.590694427490234 -0.4050999879837036
endloop
endfacet
facet normal 0.19508570553829574 0.9807861986664705 0
outer loop
vertex -62.997711181640625 -55.68407440185547 -4
vertex -62.997711181640625 -55.68407440185547 0
vertex -62.80636978149414 -55.72213363647461 -4
endloop
endfacet
facet normal 0.8314692529919772 0.5555707707654927 0
outer loop
vertex -63.1599235534668 -55.575687408447266 -4
vertex -63.268310546875 -55.413475036621094 -4
vertex -63.268310546875 -55.413475036621094 0
endloop
endfacet
facet normal 0.9807861986664705 0.19508570553829574 0
outer loop
vertex -63.268310546875 -55.413475036621094 -4
vertex -63.30636978149414 -55.22213363647461 -4
vertex -63.30636978149414 -55.22213363647461 0
endloop
endfacet
facet normal 0.5555707707654927 0.8314692529919772 0
outer loop
vertex -62.997711181640625 -55.68407440185547 -4
vertex -63.1599235534668 -55.575687408447266 -4
vertex -63.1599235534668 -55.575687408447266 0
endloop
endfacet
facet normal 1 0 0
outer loop
vertex -63.30636978149414 -55.22213363647461 0
vertex -63.30636978149414 -55.22213363647461 -4
vertex -63.30636978149414 -54.42213439941406 -4.099999904632568
endloop
endfacet
facet normal 0 0 -1
outer loop
vertex -62.80636978149414 -55.72213363647461 -4
vertex -57.70637130737305 -56.92213439941406 -4
vertex -63.30636978149414 -56.92213439941406 -4
endloop
endfacet
facet normal 0 0 -1
outer loop
vertex -57.70637130737305 -56.92213439941406 -4
vertex -62.80636978149414 -55.72213363647461 -4
vertex -57.70637130737305 -55.72213363647461 -4
endloop
endfacet
facet normal 1 0 0
outer loop
vertex -57.70637130737305 -55.72213363647461 -4
vertex -57.70637130737305 -56.92213439941406 -1.6661099195480347
vertex -57.70637130737305 -56.92213439941406 -4
endloop
endfacet
facet normal -1 0 0
outer loop
vertex -56.906368255615234 -56.92213439941406 -4
vertex -56.906368255615234 -56.92213439941406 -1.6661099195480347
vertex -56.906368255615234 -55.72213363647461 -4
endloop
endfacet
facet normal 0 0 -1
outer loop
vertex -56.906368255615234 -55.72213363647461 -4
vertex -51.30636978149414 -56.92213439941406 -4
vertex -56.906368255615234 -56.92213439941406 -4
endloop
endfacet
facet normal 0 0 -1
outer loop
vertex -51.30636978149414 -56.92213439941406 -4
vertex -56.906368255615234 -55.72213363647461 -4
vertex -51.80636978149414 -55.72213363647461 -4
endloop
endfacet
facet normal 0 1 0
outer loop
vertex -57.70637130737305 -55.72213363647461 -4
vertex -62.80636978149414 -55.72213363647461 -4
vertex -57.70637130737305 -55.72213363647461 0
endloop
endfacet
facet normal -1 0 0
outer loop
vertex -56.906368255615234 -56.92213439941406 -1.6661099195480347
vertex -56.906368255615234 -56.18519592285156 -0.2630630135536194
vertex -56.906368255615234 -55.92213439941406 0
endloop
endfacet
facet normal 0 0 -1
outer loop
vertex -63.30636978149414 -56.92213439941406 -4
vertex -62.997711181640625 -55.68407440185547 -4
vertex -62.80636978149414 -55.72213363647461 -4
endloop
endfacet
facet normal 0 0 -1
outer loop
vertex -63.30636978149414 -56.92213439941406 -4
vertex -63.1599235534668 -55.575687408447266 -4
vertex -62.997711181640625 -55.68407440185547 -4
endloop
endfacet
facet normal 0 0 -1
outer loop
vertex -63.268310546875 -55.413475036621094 -4
vertex -63.30636978149414 -56.92213439941406 -4
vertex -63.30636978149414 -55.22213363647461 -4
endloop
endfacet
facet normal 0 1 0
outer loop
vertex -51.80636978149414 -55.72213363647461 -4
vertex -56.906368255615234 -55.72213363647461 -4
vertex -51.80636978149414 -55.72213363647461 0
endloop
endfacet
facet normal 1 0 0
outer loop
vertex -63.30636978149414 -56.92213439941406 -5
vertex -63.30636978149414 -54.22213363647461 -5
vertex -63.30636978149414 -55.22213363647461 -4
endloop
endfacet
facet normal 0 0 -1
outer loop
vertex -63.30636978149414 -56.92213439941406 -4
vertex -63.268310546875 -55.413475036621094 -4
vertex -63.1599235534668 -55.575687408447266 -4
endloop
endfacet
facet normal -0.8314692529919772 -0.5555707707654927 0
outer loop
vertex -51.452816009521484 -53.86857986450195 -4.099999904632568
vertex -51.452816009521484 -53.86857986450195 -5
vertex -51.34442901611328 -54.030792236328125 -4.099999904632568
endloop
endfacet
facet normal -0.9807861986664705 -0.19508570553829574 0
outer loop
vertex -51.34442901611328 -54.030792236328125 -4.099999904632568
vertex -51.34442901611328 -54.030792236328125 -5
vertex -51.30636978149414 -54.22213363647461 -4.099999904632568
endloop
endfacet
facet normal 0.19508570553829574 0.9807861986664705 0
outer loop
vertex -62.80636978149414 -55.72213363647461 -4
vertex -62.997711181640625 -55.68407440185547 0
vertex -62.80636978149414 -55.72213363647461 0
endloop
endfacet
facet normal 0.9807861986664705 0.19508570553829574 0
outer loop
vertex -63.268310546875 -55.413475036621094 0
vertex -63.268310546875 -55.413475036621094 -4
vertex -63.30636978149414 -55.22213363647461 0
endloop
endfacet
facet normal 0.8314692529919772 0.5555707707654927 0
outer loop
vertex -63.1599235534668 -55.575687408447266 0
vertex -63.1599235534668 -55.575687408447266 -4
vertex -63.268310546875 -55.413475036621094 0
endloop
endfacet
facet normal 0.5555707707654927 0.8314692529919772 0
outer loop
vertex -62.997711181640625 -55.68407440185547 0
vertex -62.997711181640625 -55.68407440185547 -4
vertex -63.1599235534668 -55.575687408447266 0
endloop
endfacet
facet normal 1 0 0
outer loop
vertex -57.70637130737305 -55.92213439941406 0
vertex -57.70637130737305 -56.92213439941406 -1.6661099195480347
vertex -57.70637130737305 -55.72213363647461 0
endloop
endfacet
facet normal 1 0 0
outer loop
vertex -63.30636978149414 -55.22213363647461 0
vertex -63.30636978149414 -54.42213439941406 -4.099999904632568
vertex -63.30636978149414 -54.42213439941406 0
endloop
endfacet
facet normal 1 0 0
outer loop
vertex -57.70637130737305 -56.18519592285156 -0.2630630135536194
vertex -57.70637130737305 -56.92213439941406 -1.6661099195480347
vertex -57.70637130737305 -55.92213439941406 0
endloop
endfacet
facet normal -1 0 0
outer loop
vertex -51.30636978149414 -54.22213363647461 -4.099999904632568
vertex -51.30636978149414 -54.22213363647461 -5
vertex -51.30636978149414 -54.42213439941406 -4.099999904632568
endloop
endfacet
facet normal -1 0 0
outer loop
vertex -51.30636978149414 -54.22213363647461 -5
vertex -51.30636978149414 -55.22213363647461 -4
vertex -51.30636978149414 -54.42213439941406 -4.099999904632568
endloop
endfacet
facet normal 0 0 1
outer loop
vertex -62.997711181640625 -53.76019287109375 -5
vertex -63.30636978149414 -56.92213439941406 -5
vertex -62.80636978149414 -53.72213363647461 -5
endloop
endfacet
facet normal -0.5555707707654927 -0.8314692529919772 0
outer loop
vertex -51.615028381347656 -53.76019287109375 -4.099999904632568
vertex -51.615028381347656 -53.76019287109375 -5
vertex -51.452816009521484 -53.86857986450195 -4.099999904632568
endloop
endfacet
facet normal -0.19508570553829574 -0.9807861986664705 0
outer loop
vertex -51.80636978149414 -53.72213363647461 -4.099999904632568
vertex -51.80636978149414 -53.72213363647461 -5
vertex -51.615028381347656 -53.76019287109375 -4.099999904632568
endloop
endfacet
facet normal -1 0 0
outer loop
vertex -56.906368255615234 -55.72213363647461 0
vertex -56.906368255615234 -56.92213439941406 -1.6661099195480347
vertex -56.906368255615234 -55.92213439941406 0
endloop
endfacet
facet normal -0.8314692529919772 -0.5555707707654927 0
outer loop
vertex -51.452816009521484 -53.86857986450195 -5
vertex -51.34442901611328 -54.030792236328125 -5
vertex -51.34442901611328 -54.030792236328125 -4.099999904632568
endloop
endfacet
facet normal -1 0 0
outer loop
vertex -56.906368255615234 -56.92213439941406 -1.6661099195480347
vertex -56.906368255615234 -56.79313278198242 -0.32014966011047363
vertex -56.906368255615234 -56.18519592285156 -0.2630630135536194
endloop
endfacet
facet normal 1 0 0
outer loop
vertex -57.70637130737305 -56.79313278198242 -0.32014966011047363
vertex -57.70637130737305 -56.92213439941406 -1.6661099195480347
vertex -57.70637130737305 -56.18519592285156 -0.2630630135536194
endloop
endfacet
facet normal 1 0 0
outer loop
vertex -57.70637130737305 -57.590694427490234 -0.4050999879837036
vertex -57.70637130737305 -57.590694427490234 -1.5949000120162964
vertex -57.70637130737305 -56.79313278198242 -0.32014966011047363
endloop
endfacet
facet normal -0.9807861986664705 -0.19508570553829574 0
outer loop
vertex -51.34442901611328 -54.030792236328125 -5
vertex -51.30636978149414 -54.22213363647461 -5
vertex -51.30636978149414 -54.22213363647461 -4.099999904632568
endloop
endfacet
facet normal -1 0 0
outer loop
vertex -56.906368255615234 -56.92213439941406 -1.6661099195480347
vertex -56.906368255615234 -57.590694427490234 -0.4050999879837036
vertex -56.906368255615234 -56.79313278198242 -0.32014966011047363
endloop
endfacet
facet normal -1 0 0
outer loop
vertex -56.906368255615234 -57.590694427490234 -0.4050999879837036
vertex -56.906368255615234 -58.38713836669922 -1.5
vertex -56.906368255615234 -58.38713836669922 -0.5
endloop
endfacet
facet normal 1 0 0
outer loop
vertex -57.70637130737305 -58.38713836669922 -0.5
vertex -57.70637130737305 -58.38713836669922 -1.5
vertex -57.70637130737305 -57.590694427490234 -0.4050999879837036
endloop
endfacet
facet normal -0.5555707707654927 -0.8314692529919772 0
outer loop
vertex -51.615028381347656 -53.76019287109375 -5
vertex -51.452816009521484 -53.86857986450195 -5
vertex -51.452816009521484 -53.86857986450195 -4.099999904632568
endloop
endfacet
facet normal -0.19508570553829574 -0.9807861986664705 0
outer loop
vertex -51.80636978149414 -53.72213363647461 -5
vertex -51.615028381347656 -53.76019287109375 -5
vertex -51.615028381347656 -53.76019287109375 -4.099999904632568
endloop
endfacet
facet normal 0 0 1
outer loop
vertex -63.1599235534668 -53.86857986450195 -5
vertex -63.30636978149414 -56.92213439941406 -5
vertex -62.997711181640625 -53.76019287109375 -5
endloop
endfacet
facet normal -1 0 0
outer loop
vertex -51.30636978149414 -55.22213363647461 -4
vertex -51.30636978149414 -56.92213439941406 -5
vertex -51.30636978149414 -56.92213439941406 -4
endloop
endfacet
facet normal -1 0 0
outer loop
vertex -51.30636978149414 -54.22213363647461 -5
vertex -51.30636978149414 -56.92213439941406 -5
vertex -51.30636978149414 -55.22213363647461 -4
endloop
endfacet
facet normal 0 0 1
outer loop
vertex -63.268310546875 -54.030792236328125 -5
vertex -63.30636978149414 -56.92213439941406 -5
vertex -63.1599235534668 -53.86857986450195 -5
endloop
endfacet
facet normal 0 0 1
outer loop
vertex -63.30636978149414 -56.92213439941406 -5
vertex -63.268310546875 -54.030792236328125 -5
vertex -63.30636978149414 -54.22213363647461 -5
endloop
endfacet
facet normal 0 -1 0
outer loop
vertex -51.80636978149414 -53.72213363647461 -4.099999904632568
vertex -62.80636978149414 -53.72213363647461 -5
vertex -51.80636978149414 -53.72213363647461 -5
endloop
endfacet
facet normal 0 0 1
outer loop
vertex -51.452816009521484 -53.86857986450195 -5
vertex -63.30636978149414 -56.92213439941406 -5
vertex -51.34442901611328 -54.030792236328125 -5
endloop
endfacet
facet normal 0 0 1
outer loop
vertex -51.615028381347656 -53.76019287109375 -5
vertex -63.30636978149414 -56.92213439941406 -5
vertex -51.452816009521484 -53.86857986450195 -5
endloop
endfacet
facet normal 0 0 1
outer loop
vertex -63.30636978149414 -56.92213439941406 -5
vertex -51.30636978149414 -54.22213363647461 -5
vertex -51.34442901611328 -54.030792236328125 -5
endloop
endfacet
facet normal 1 0 0
outer loop
vertex -57.70637130737305 -56.92213439941406 -1.6661099195480347
vertex -57.70637130737305 -55.72213363647461 -4
vertex -57.70637130737305 -55.72213363647461 0
endloop
endfacet
facet normal -1 0 0
outer loop
vertex -56.906368255615234 -55.72213363647461 -4
vertex -56.906368255615234 -56.92213439941406 -1.6661099195480347
vertex -56.906368255615234 -55.72213363647461 0
endloop
endfacet
facet normal 0 0 1
outer loop
vertex -51.80636978149414 -53.72213363647461 -5
vertex -63.30636978149414 -56.92213439941406 -5
vertex -51.615028381347656 -53.76019287109375 -5
endloop
endfacet
facet normal 0 0 1
outer loop
vertex -51.30636978149414 -56.92213439941406 -5
vertex -51.30636978149414 -54.22213363647461 -5
vertex -63.30636978149414 -56.92213439941406 -5
endloop
endfacet
facet normal 0 -1 0
outer loop
vertex -62.80636978149414 -53.72213363647461 -4.099999904632568
vertex -62.80636978149414 -53.72213363647461 -5
vertex -51.80636978149414 -53.72213363647461 -4.099999904632568
endloop
endfacet
facet normal 0 0 1
outer loop
vertex -62.80636978149414 -53.72213363647461 -5
vertex -63.30636978149414 -56.92213439941406 -5
vertex -51.80636978149414 -53.72213363647461 -5
endloop
endfacet
facet normal 0.19508570553829574 -0.9807861986664705 0
outer loop
vertex -62.997711181640625 -53.76019287109375 -4.099999904632568
vertex -62.997711181640625 -53.76019287109375 -5
vertex -62.80636978149414 -53.72213363647461 -4.099999904632568
endloop
endfacet
facet normal 0.5555707707654927 -0.8314692529919772 0
outer loop
vertex -63.1599235534668 -53.86857986450195 -4.099999904632568
vertex -63.1599235534668 -53.86857986450195 -5
vertex -62.997711181640625 -53.76019287109375 -4.099999904632568
endloop
endfacet
facet normal 0.8314692529919772 -0.5555707707654927 0
outer loop
vertex -63.268310546875 -54.030792236328125 -4.099999904632568
vertex -63.268310546875 -54.030792236328125 -5
vertex -63.1599235534668 -53.86857986450195 -4.099999904632568
endloop
endfacet
facet normal 0.9807861986664705 -0.19508570553829574 0
outer loop
vertex -63.30636978149414 -54.22213363647461 -4.099999904632568
vertex -63.30636978149414 -54.22213363647461 -5
vertex -63.268310546875 -54.030792236328125 -4.099999904632568
endloop
endfacet
facet normal 1 0 0
outer loop
vertex -63.30636978149414 -54.42213439941406 -4.099999904632568
vertex -63.30636978149414 -54.22213363647461 -5
vertex -63.30636978149414 -54.22213363647461 -4.099999904632568
endloop
endfacet
facet normal 0 1 0
outer loop
vertex -51.80636978149414 -55.72213363647461 0
vertex -56.906368255615234 -55.72213363647461 -4
vertex -56.906368255615234 -55.72213363647461 0
endloop
endfacet
facet normal 1 0 0
outer loop
vertex -63.30636978149414 -56.92213439941406 -4
vertex -63.30636978149414 -56.92213439941406 -5
vertex -63.30636978149414 -55.22213363647461 -4
endloop
endfacet
facet normal 0.9807861986664705 -0.19508570553829574 0
outer loop
vertex -63.30636978149414 -54.22213363647461 -5
vertex -63.268310546875 -54.030792236328125 -5
vertex -63.268310546875 -54.030792236328125 -4.099999904632568
endloop
endfacet
facet normal 0.8314692529919772 -0.5555707707654927 0
outer loop
vertex -63.268310546875 -54.030792236328125 -5
vertex -63.1599235534668 -53.86857986450195 -5
vertex -63.1599235534668 -53.86857986450195 -4.099999904632568
endloop
endfacet
facet normal -1 0 0
outer loop
vertex -51.30636978149414 -54.42213439941406 0
vertex -51.30636978149414 -55.22213363647461 -4
vertex -51.30636978149414 -55.22213363647461 0
endloop
endfacet
facet normal -0.9807861986664705 0.19508570553829574 0
outer loop
vertex -51.30636978149414 -55.22213363647461 -4
vertex -51.34442901611328 -55.413475036621094 0
vertex -51.30636978149414 -55.22213363647461 0
endloop
endfacet
facet normal -0.8314692529919772 0.5555707707654927 0
outer loop
vertex -51.34442901611328 -55.413475036621094 0
vertex -51.34442901611328 -55.413475036621094 -4
vertex -51.452816009521484 -55.575687408447266 0
endloop
endfacet
facet normal -0.5555707707654927 0.8314692529919772 0
outer loop
vertex -51.452816009521484 -55.575687408447266 0
vertex -51.452816009521484 -55.575687408447266 -4
vertex -51.615028381347656 -55.68407440185547 0
endloop
endfacet
facet normal -0.19508570553829574 0.9807861986664705 0
outer loop
vertex -51.615028381347656 -55.68407440185547 0
vertex -51.615028381347656 -55.68407440185547 -4
vertex -51.80636978149414 -55.72213363647461 0
endloop
endfacet
facet normal -1 0 0
outer loop
vertex -51.30636978149414 -54.42213439941406 -4.099999904632568
vertex -51.30636978149414 -55.22213363647461 -4
vertex -51.30636978149414 -54.42213439941406 0
endloop
endfacet
facet normal -0.9807861986664705 0.19508570553829574 0
outer loop
vertex -51.30636978149414 -55.22213363647461 -4
vertex -51.34442901611328 -55.413475036621094 -4
vertex -51.34442901611328 -55.413475036621094 0
endloop
endfacet
facet normal -0.8314692529919772 0.5555707707654927 0
outer loop
vertex -51.34442901611328 -55.413475036621094 -4
vertex -51.452816009521484 -55.575687408447266 -4
vertex -51.452816009521484 -55.575687408447266 0
endloop
endfacet
facet normal -0.5555707707654927 0.8314692529919772 0
outer loop
vertex -51.452816009521484 -55.575687408447266 -4
vertex -51.615028381347656 -55.68407440185547 -4
vertex -51.615028381347656 -55.68407440185547 0
endloop
endfacet
facet normal 0 1 0
outer loop
vertex -57.70637130737305 -55.72213363647461 0
vertex -62.80636978149414 -55.72213363647461 -4
vertex -62.80636978149414 -55.72213363647461 0
endloop
endfacet
facet normal -0.19508570553829574 0.9807861986664705 0
outer loop
vertex -51.615028381347656 -55.68407440185547 -4
vertex -51.80636978149414 -55.72213363647461 -4
vertex -51.80636978149414 -55.72213363647461 0
endloop
endfacet
facet normal 0 0 -1
outer loop
vertex -51.30636978149414 -55.22213363647461 -4
vertex -51.30636978149414 -56.92213439941406 -4
vertex -51.34442901611328 -55.413475036621094 -4
endloop
endfacet
facet normal 0 0 -1
outer loop
vertex -51.30636978149414 -56.92213439941406 -4
vertex -51.452816009521484 -55.575687408447266 -4
vertex -51.34442901611328 -55.413475036621094 -4
endloop
endfacet
facet normal 0 0 -1
outer loop
vertex -51.30636978149414 -56.92213439941406 -4
vertex -51.615028381347656 -55.68407440185547 -4
vertex -51.452816009521484 -55.575687408447266 -4
endloop
endfacet
facet normal 1 0 0
outer loop
vertex -57.70637130737305 -58.38713836669922 -1.5
vertex -57.70637130737305 -57.590694427490234 -1.5949000120162964
vertex -57.70637130737305 -57.590694427490234 -0.4050999879837036
endloop
endfacet
facet normal -1 0 0
outer loop
vertex -56.906368255615234 -57.590694427490234 -1.5949000120162964
vertex -56.906368255615234 -58.38713836669922 -1.5
vertex -56.906368255615234 -57.590694427490234 -0.4050999879837036
endloop
endfacet
facet normal 1 0 0
outer loop
vertex -57.70637130737305 -57.590694427490234 -1.5949000120162964
vertex -57.70637130737305 -56.92213439941406 -1.6661099195480347
vertex -57.70637130737305 -56.79313278198242 -0.32014966011047363
endloop
endfacet
facet normal -1 0 0
outer loop
vertex -56.906368255615234 -57.590694427490234 -1.5949000120162964
vertex -56.906368255615234 -57.590694427490234 -0.4050999879837036
vertex -56.906368255615234 -56.92213439941406 -1.6661099195480347
endloop
endfacet
facet normal 0 0 -1
outer loop
vertex -51.30636978149414 -56.92213439941406 -4
vertex -51.80636978149414 -55.72213363647461 -4
vertex -51.615028381347656 -55.68407440185547 -4
endloop
endfacet
facet normal 1 0 0
outer loop
vertex -63.30636978149414 -55.22213363647461 -4
vertex -63.30636978149414 -54.22213363647461 -5
vertex -63.30636978149414 -54.42213439941406 -4.099999904632568
endloop
endfacet
facet normal 0.5555707707654927 -0.8314692529919772 0
outer loop
vertex -63.1599235534668 -53.86857986450195 -5
vertex -62.997711181640625 -53.76019287109375 -5
vertex -62.997711181640625 -53.76019287109375 -4.099999904632568
endloop
endfacet
facet normal 0.19508570553829574 -0.9807861986664705 0
outer loop
vertex -62.997711181640625 -53.76019287109375 -5
vertex -62.80636978149414 -53.72213363647461 -5
vertex -62.80636978149414 -53.72213363647461 -4.099999904632568
endloop
endfacet
facet normal 0.7730109746444841 0.6343926489794667 0
outer loop
vertex -58.01347732543945 24.02075958251953 -3.5
vertex -58.01347732543945 24.02075958251953 -8.770295143127441
vertex -58.137840270996094 24.17229652404785 -3.5
endloop
endfacet
facet normal 0 0 -1
outer loop
vertex -58.230247497558594 24.345182418823242 -3.5
vertex -58.28715515136719 24.53277587890625 -3.5
vertex -58.137840270996094 24.17229652404785 -3.5
endloop
endfacet
facet normal 0.634387877656003 0.773014890337251 0
outer loop
vertex -57.8619384765625 23.89639663696289 -3.5
vertex -57.8619384765625 23.89639663696289 -8.782708168029785
vertex -58.01347732543945 24.02075958251953 -3.5
endloop
endfacet
facet normal 0.2902868777571596 0.9569396682142505 0
outer loop
vertex -57.501461029052734 23.747079849243164 -3.5
vertex -57.501461029052734 23.747079849243164 -8.797612190246582
vertex -57.68905258178711 23.803985595703125 -3.5
endloop
endfacet
facet normal 0.09801622777686082 0.9951848165503704 0
outer loop
vertex -57.30636978149414 23.72786521911621 -3.5
vertex -57.30636978149414 23.72786521911621 -8.799530029296875
vertex -57.501461029052734 23.747079849243164 -3.5
endloop
endfacet
facet normal -0.09801622777686082 0.9951848165503704 0
outer loop
vertex -57.11127853393555 23.747079849243164 -3.5
vertex -57.11127853393555 23.747079849243164 -8.797612190246582
vertex -57.30636978149414 23.72786521911621 -3.5
endloop
endfacet
facet normal -0.2902868777571596 0.9569396682142505 0
outer loop
vertex -56.92368698120117 23.803985595703125 -3.5
vertex -56.92368698120117 23.803985595703125 -8.791932106018066
vertex -57.11127853393555 23.747079849243164 -3.5
endloop
endfacet
facet normal -0.47140310582223166 0.8819178600193751 0
outer loop
vertex -56.75080108642578 23.89639663696289 -3.5
vertex -56.75080108642578 23.89639663696289 -8.782708168029785
vertex -56.92368698120117 23.803985595703125 -3.5
endloop
endfacet
facet normal -0.6343878776560029 0.7730148903372509 0
outer loop
vertex -56.59926223754883 24.02075958251953 -3.5
vertex -56.59926223754883 24.02075958251953 -8.770295143127441
vertex -56.75080108642578 23.89639663696289 -3.5
endloop
endfacet
facet normal 0.8819259499769284 0.47138797052671194 0
outer loop
vertex -58.137840270996094 24.17229652404785 -3.5
vertex -58.137840270996094 24.17229652404785 -8.611848831176758
vertex -58.230247497558594 24.345182418823242 -3.5
endloop
endfacet
facet normal 0.956937785311714 0.29029308473112464 0
outer loop
vertex -58.230247497558594 24.345182418823242 -3.5
vertex -58.230247497558594 24.345182418823242 -8.400622367858887
vertex -58.28715515136719 24.53277587890625 -3.5
endloop
endfacet
facet normal 0.995184723074759 0.09801717685495265 0
outer loop
vertex -58.28715515136719 24.53277587890625 -3.5
vertex -58.28715515136719 24.53277587890625 -8.171428680419922
vertex -58.30636978149414 24.72786521911621 -3.5
endloop
endfacet
facet normal -0.7730109746444842 0.6343926489794668 0
outer loop
vertex -56.47489929199219 24.17229652404785 -3.5
vertex -56.47489929199219 24.17229652404785 -8.611848831176758
vertex -56.59926223754883 24.02075958251953 -3.5
endloop
endfacet
facet normal -0.8819259499769284 0.471387970526712 0
outer loop
vertex -56.38249206542969 24.345182418823242 -3.5
vertex -56.38249206542969 24.345182418823242 -8.400622367858887
vertex -56.47489929199219 24.17229652404785 -3.5
endloop
endfacet
facet normal -0.956937785311714 0.29029308473112464 0
outer loop
vertex -56.325584411621094 24.53277587890625 -3.5
vertex -56.325584411621094 24.53277587890625 -8.171428680419922
vertex -56.38249206542969 24.345182418823242 -3.5
endloop
endfacet
facet normal -0.995184723074759 0.09801717685495265 0
outer loop
vertex -56.325584411621094 24.53277587890625 -3.5
vertex -56.30636978149414 24.72786521911621 -3.5
vertex -56.30636978149414 24.72786521911621 -7.933074951171875
endloop
endfacet
facet normal 0 0 -1
outer loop
vertex -58.01347732543945 24.02075958251953 -3.5
vertex -58.137840270996094 24.17229652404785 -3.5
vertex -58.30636978149414 24.72786521911621 -3.5
endloop
endfacet
facet normal 0 0 -1
outer loop
vertex -57.8619384765625 23.89639663696289 -3.5
vertex -58.01347732543945 24.02075958251953 -3.5
vertex -58.30636978149414 24.72786521911621 -3.5
endloop
endfacet
facet normal 0.995184723074759 0.09801717685495265 0
outer loop
vertex -58.28715515136719 24.53277587890625 -8.171428680419922
vertex -58.30636978149414 24.72786521911621 -7.933074951171875
vertex -58.30636978149414 24.72786521911621 -3.5
endloop
endfacet
facet normal 0.956937785311714 0.29029308473112464 0
outer loop
vertex -58.230247497558594 24.345182418823242 -8.400622367858887
vertex -58.28715515136719 24.53277587890625 -8.171428680419922
vertex -58.28715515136719 24.53277587890625 -3.5
endloop
endfacet
facet normal -0.2902868777571596 0.9569396682142505 0
outer loop
vertex -56.92368698120117 23.803985595703125 -8.791932106018066
vertex -57.11127853393555 23.747079849243164 -8.797612190246582
vertex -57.11127853393555 23.747079849243164 -3.5
endloop
endfacet
facet normal -0.09801622777686082 0.9951848165503704 0
outer loop
vertex -57.11127853393555 23.747079849243164 -8.797612190246582
vertex -57.30636978149414 23.72786521911621 -8.799530029296875
vertex -57.30636978149414 23.72786521911621 -3.5
endloop
endfacet
facet normal 0.09801622777686082 0.9951848165503704 0
outer loop
vertex -57.30636978149414 23.72786521911621 -8.799530029296875
vertex -57.501461029052734 23.747079849243164 -8.797612190246582
vertex -57.501461029052734 23.747079849243164 -3.5
endloop
endfacet
facet normal 0.2902868777571596 0.9569396682142505 0
outer loop
vertex -57.501461029052734 23.747079849243164 -8.797612190246582
vertex -57.68905258178711 23.803985595703125 -8.791932106018066
vertex -57.68905258178711 23.803985595703125 -3.5
endloop
endfacet
facet normal 0.6343878776560029 0.7730148903372509 0
outer loop
vertex -57.8619384765625 23.89639663696289 -8.782708168029785
vertex -58.01347732543945 24.02075958251953 -8.770295143127441
vertex -58.01347732543945 24.02075958251953 -3.5
endloop
endfacet
facet normal 0.47140310582223166 0.8819178600193751 0
outer loop
vertex -57.68905258178711 23.803985595703125 -8.791932106018066
vertex -57.8619384765625 23.89639663696289 -8.782708168029785
vertex -57.8619384765625 23.89639663696289 -3.5
endloop
endfacet
facet normal 0.8819259499769284 0.471387970526712 0
outer loop
vertex -58.137840270996094 24.17229652404785 -8.611848831176758
vertex -58.230247497558594 24.345182418823242 -8.400622367858887
vertex -58.230247497558594 24.345182418823242 -3.5
endloop
endfacet
facet normal 0.7730109746444842 0.6343926489794668 0
outer loop
vertex -58.137840270996094 24.17229652404785 -3.5
vertex -58.01347732543945 24.02075958251953 -8.770295143127441
vertex -58.137840270996094 24.17229652404785 -8.611848831176758
endloop
endfacet
facet normal -0.634387877656003 0.773014890337251 0
outer loop
vertex -56.59926223754883 24.02075958251953 -8.770295143127441
vertex -56.75080108642578 23.89639663696289 -8.782708168029785
vertex -56.75080108642578 23.89639663696289 -3.5
endloop
endfacet
facet normal -0.7730109746444841 0.6343926489794667 0
outer loop
vertex -56.47489929199219 24.17229652404785 -8.611848831176758
vertex -56.59926223754883 24.02075958251953 -8.770295143127441
vertex -56.59926223754883 24.02075958251953 -3.5
endloop
endfacet
facet normal -0.8819259499769284 0.47138797052671194 0
outer loop
vertex -56.38249206542969 24.345182418823242 -8.400622367858887
vertex -56.47489929199219 24.17229652404785 -8.611848831176758
vertex -56.47489929199219 24.17229652404785 -3.5
endloop
endfacet
facet normal -0.956937785311714 0.29029308473112464 0
outer loop
vertex -56.325584411621094 24.53277587890625 -8.171428680419922
vertex -56.38249206542969 24.345182418823242 -8.400622367858887
vertex -56.38249206542969 24.345182418823242 -3.5
endloop
endfacet
facet normal -0.4714031058222316 0.881917860019375 0
outer loop
vertex -56.75080108642578 23.89639663696289 -8.782708168029785
vertex -56.92368698120117 23.803985595703125 -8.791932106018066
vertex -56.92368698120117 23.803985595703125 -3.5
endloop
endfacet
facet normal 0.4714031058222316 0.881917860019375 0
outer loop
vertex -57.68905258178711 23.803985595703125 -3.5
vertex -57.68905258178711 23.803985595703125 -8.791932106018066
vertex -57.8619384765625 23.89639663696289 -3.5
endloop
endfacet
facet normal 0 0 -1
outer loop
vertex -56.30636978149414 24.72786521911621 -3.5
vertex -56.325584411621094 24.53277587890625 -3.5
vertex -58.30636978149414 24.72786521911621 -3.5
endloop
endfacet
facet normal 0 0 -1
outer loop
vertex -56.325584411621094 24.53277587890625 -3.5
vertex -56.38249206542969 24.345182418823242 -3.5
vertex -58.30636978149414 24.72786521911621 -3.5
endloop
endfacet
facet normal 0 0 -1
outer loop
vertex -56.38249206542969 24.345182418823242 -3.5
vertex -56.47489929199219 24.17229652404785 -3.5
vertex -58.30636978149414 24.72786521911621 -3.5
endloop
endfacet
facet normal 0 0 -1
outer loop
vertex -56.47489929199219 24.17229652404785 -3.5
vertex -56.59926223754883 24.02075958251953 -3.5
vertex -58.30636978149414 24.72786521911621 -3.5
endloop
endfacet
facet normal 0 0 -1
outer loop
vertex -56.59926223754883 24.02075958251953 -3.5
vertex -56.75080108642578 23.89639663696289 -3.5
vertex -58.30636978149414 24.72786521911621 -3.5
endloop
endfacet
facet normal 0 0 -1
outer loop
vertex -56.75080108642578 23.89639663696289 -3.5
vertex -56.92368698120117 23.803985595703125 -3.5
vertex -58.30636978149414 24.72786521911621 -3.5
endloop
endfacet
facet normal 0 0 -1
outer loop
vertex -56.92368698120117 23.803985595703125 -3.5
vertex -57.11127853393555 23.747079849243164 -3.5
vertex -58.30636978149414 24.72786521911621 -3.5
endloop
endfacet
facet normal 0 0 -1
outer loop
vertex -57.68905258178711 23.803985595703125 -3.5
vertex -57.8619384765625 23.89639663696289 -3.5
vertex -58.30636978149414 24.72786521911621 -3.5
endloop
endfacet
facet normal 0 0 -1
outer loop
vertex -57.11127853393555 23.747079849243164 -3.5
vertex -57.30636978149414 23.72786521911621 -3.5
vertex -58.30636978149414 24.72786521911621 -3.5
endloop
endfacet
facet normal 0 0 -1
outer loop
vertex -57.30636978149414 23.72786521911621 -3.5
vertex -57.501461029052734 23.747079849243164 -3.5
vertex -58.30636978149414 24.72786521911621 -3.5
endloop
endfacet
facet normal 0 0 -1
outer loop
vertex -57.501461029052734 23.747079849243164 -3.5
vertex -57.68905258178711 23.803985595703125 -3.5
vertex -58.30636978149414 24.72786521911621 -3.5
endloop
endfacet
facet normal 0 0 -1
outer loop
vertex -58.30636978149414 24.72786521911621 -3.5
vertex -58.137840270996094 24.17229652404785 -3.5
vertex -58.28715515136719 24.53277587890625 -3.5
endloop
endfacet
facet normal -0.995184723074759 0.09801717685495265 0
outer loop
vertex -56.325584411621094 24.53277587890625 -8.171428680419922
vertex -56.325584411621094 24.53277587890625 -3.5
vertex -56.30636978149414 24.72786521911621 -7.933074951171875
endloop
endfacet
facet normal -0.9951848165503704 -0.09801622777686081 0
outer loop
vertex 42.57283020019531 50.92073059082031 -3.5
vertex 42.57283020019531 50.92073059082031 -5.5113911628723145
vertex 42.592044830322266 50.72563934326172 -3.5
endloop
endfacet
facet normal -0.9569402352389018 -0.29028500853629224 0
outer loop
vertex 42.517478942871094 51.10319900512695 -5.282066345214844
vertex 42.57283020019531 50.92073059082031 -3.5
vertex 42.517478942871094 51.10319900512695 -3.5
endloop
endfacet
facet normal 0 0 -1
outer loop
vertex 41.03647232055664 49.894168853759766 -3.5
vertex 40.76057434082031 50.17007064819336 -3.5
vertex 40.66816329956055 50.34295654296875 -3.5
endloop
endfacet
facet normal -0.9951848165503705 0.09801622777686082 0
outer loop
vertex 42.592044830322266 50.72563934326172 -3.5
vertex 42.592044830322266 50.72563934326172 -5.7397894859313965
vertex 42.57283020019531 50.530548095703125 -3.5
endloop
endfacet
facet normal -0.9569369653840533 0.2902957875711588 0
outer loop
vertex 42.57283020019531 50.530548095703125 -3.5
vertex 42.57283020019531 50.530548095703125 -5.952045917510986
vertex 42.51592254638672 50.34295654296875 -3.5
endloop
endfacet
facet normal -0.8819259499769253 0.47138797052671033 -8.514622919040616e-8
outer loop
vertex 42.51592254638672 50.34295654296875 -3.5
vertex 42.513938903808594 50.3392448425293 -6.1433610916137695
vertex 42.42351531982422 50.17007064819336 -3.5
endloop
endfacet
facet normal -0.7730148903372509 0.6343878776560029 0
outer loop
vertex 42.42351531982422 50.17007064819336 -3.5
vertex 42.42351531982422 50.17007064819336 -6.160247325897217
vertex 42.29915237426758 50.018531799316406 -3.5
endloop
endfacet
facet normal -0.6343878776560029 0.7730148903372509 0
outer loop
vertex 42.29915237426758 50.018531799316406 -3.5
vertex 42.29915237426758 50.018531799316406 -6.17537260055542
vertex 42.147613525390625 49.894168853759766 -3.5
endloop
endfacet
facet normal -0.47140310582223166 0.881917860019375 0
outer loop
vertex 42.147613525390625 49.894168853759766 -3.5
vertex 42.147613525390625 49.894168853759766 -6.187785625457764
vertex 41.974727630615234 49.8017578125 -3.5
endloop
endfacet
facet normal 0.881917860019375 0.47140310582223166 0
outer loop
vertex 40.76057434082031 50.17007064819336 -3.5
vertex 40.76057434082031 50.17007064819336 -5.59794282913208
vertex 40.66816329956055 50.34295654296875 -3.5
endloop
endfacet
facet normal 0.7730148903372509 0.634387877656003 0
outer loop
vertex 40.88493728637695 50.018531799316406 -3.5
vertex 40.88493728637695 50.018531799316406 -5.821319103240967
vertex 40.76057434082031 50.17007064819336 -3.5
endloop
endfacet
facet normal 0.47139501592801786 0.8819221841853303 0
outer loop
vertex 41.2093620300293 49.8017578125 -3.5
vertex 41.2093620300293 49.8017578125 -6.197009086608887
vertex 41.03647232055664 49.894168853759766 -3.5
endloop
endfacet
facet normal 0.6343974203505326 0.7730070588633648 0
outer loop
vertex 41.03647232055664 49.894168853759766 -3.5
vertex 41.03647232055664 49.894168853759766 -6.025420665740967
vertex 40.88493728637695 50.018531799316406 -3.5
endloop
endfacet
facet normal -0.9569402352389018 -0.2902850085362922 0
outer loop
vertex 42.57283020019531 50.92073059082031 -5.5113911628723145
vertex 42.57283020019531 50.92073059082031 -3.5
vertex 42.517478942871094 51.10319900512695 -5.282066345214844
endloop
endfacet
facet normal -0.9951848165503705 -0.09801622777686082 0
outer loop
vertex 42.592044830322266 50.72563934326172 -5.7397894859313965
vertex 42.592044830322266 50.72563934326172 -3.5
vertex 42.57283020019531 50.92073059082031 -5.5113911628723145
endloop
endfacet
facet normal -0.9951848165503705 0.09801622777686082 0
outer loop
vertex 42.57283020019531 50.530548095703125 -5.952045917510986
vertex 42.57283020019531 50.530548095703125 -3.5
vertex 42.592044830322266 50.72563934326172 -5.7397894859313965
endloop
endfacet
facet normal -0.9558241720162324 0.2939388702551536 0.00030453671027691937
outer loop
vertex 42.513938903808594 50.3392448425293 -6.1433610916137695
vertex 42.51592254638672 50.34295654296875 -3.5
vertex 42.57283020019531 50.530548095703125 -5.952045917510986
endloop
endfacet
facet normal 0.8846596969427408 0.4662369804538144 0.0005465002172474308
outer loop
vertex 40.76057434082031 50.17007064819336 -5.59794282913208
vertex 40.66661071777344 50.348079681396484 -5.357437610626221
vertex 40.66816329956055 50.34295654296875 -3.5
endloop
endfacet
facet normal 0.773014890337251 0.634387877656003 0
outer loop
vertex 40.88493728637695 50.018531799316406 -5.821319103240967
vertex 40.76057434082031 50.17007064819336 -5.59794282913208
vertex 40.76057434082031 50.17007064819336 -3.5
endloop
endfacet
facet normal 0.6343974203505326 0.7730070588633648 0
outer loop
vertex 41.03647232055664 49.894168853759766 -6.025420665740967
vertex 40.88493728637695 50.018531799316406 -5.821319103240967
vertex 40.88493728637695 50.018531799316406 -3.5
endloop
endfacet
facet normal -0.881925396883349 0.47138900531529954 0
outer loop
vertex 42.513938903808594 50.3392448425293 -6.1433610916137695
vertex 42.42351531982422 50.17007064819336 -6.160247325897217
vertex 42.42351531982422 50.17007064819336 -3.5
endloop
endfacet
facet normal -0.7730148903372509 0.6343878776560029 0
outer loop
vertex 42.42351531982422 50.17007064819336 -6.160247325897217
vertex 42.29915237426758 50.018531799316406 -6.17537260055542
vertex 42.29915237426758 50.018531799316406 -3.5
endloop
endfacet
facet normal -0.634387877656003 0.773014890337251 0
outer loop
vertex 42.29915237426758 50.018531799316406 -6.17537260055542
vertex 42.147613525390625 49.894168853759766 -6.187785625457764
vertex 42.147613525390625 49.894168853759766 -3.5
endloop
endfacet
facet normal -0.4714031058222316 0.8819178600193749 0
outer loop
vertex 42.147613525390625 49.894168853759766 -6.187785625457764
vertex 41.974727630615234 49.8017578125 -6.197009086608887
vertex 41.974727630615234 49.8017578125 -3.5
endloop
endfacet
facet normal 0.4713950159280179 0.8819221841853304 0
outer loop
vertex 41.2093620300293 49.8017578125 -6.197009086608887
vertex 41.03647232055664 49.894168853759766 -6.025420665740967
vertex 41.03647232055664 49.894168853759766 -3.5
endloop
endfacet
facet normal 0 0 -1
outer loop
vertex 41.2093620300293 49.8017578125 -3.5
vertex 41.03647232055664 49.894168853759766 -3.5
vertex 40.66816329956055 50.34295654296875 -3.5
endloop
endfacet
facet normal 0 0 -1
outer loop
vertex 41.39695358276367 49.74485397338867 -3.5
vertex 41.2093620300293 49.8017578125 -3.5
vertex 40.66816329956055 50.34295654296875 -3.5
endloop
endfacet
facet normal -0.2902779678676651 0.9569423709767579 0
outer loop
vertex 41.974727630615234 49.8017578125 -6.197009086608887
vertex 41.78713607788086 49.74485397338867 -3.5
vertex 41.974727630615234 49.8017578125 -3.5
endloop
endfacet
facet normal -0.09801622777686082 0.9951848165503705 0
outer loop
vertex 41.78713607788086 49.74485397338867 -3.5
vertex 41.78713607788086 49.74485397338867 -6.202689170837402
vertex 41.592044830322266 49.72563934326172 -3.5
endloop
endfacet
facet normal 0.09801622777686082 0.9951848165503705 0
outer loop
vertex 41.592044830322266 49.72563934326172 -3.5
vertex 41.592044830322266 49.72563934326172 -6.204607009887695
vertex 41.39695358276367 49.74485397338867 -3.5
endloop
endfacet
facet normal 0.290277967867665 0.9569423709767578 0
outer loop
vertex 41.39695358276367 49.74485397338867 -3.5
vertex 41.39695358276367 49.74485397338867 -6.202689170837402
vertex 41.2093620300293 49.8017578125 -3.5
endloop
endfacet
facet normal -0.290277967867665 0.9569423709767578 0
outer loop
vertex 41.974727630615234 49.8017578125 -6.197009086608887
vertex 41.78713607788086 49.74485397338867 -6.202689170837402
vertex 41.78713607788086 49.74485397338867 -3.5
endloop
endfacet
facet normal -0.09801622777686082 0.9951848165503705 0
outer loop
vertex 41.78713607788086 49.74485397338867 -6.202689170837402
vertex 41.592044830322266 49.72563934326172 -6.204607009887695
vertex 41.592044830322266 49.72563934326172 -3.5
endloop
endfacet
facet normal 0.09801622777686082 0.9951848165503705 0
outer loop
vertex 41.592044830322266 49.72563934326172 -6.204607009887695
vertex 41.39695358276367 49.74485397338867 -6.202689170837402
vertex 41.39695358276367 49.74485397338867 -3.5
endloop
endfacet
facet normal 0.2902779678676651 0.9569423709767579 0
outer loop
vertex 41.39695358276367 49.74485397338867 -6.202689170837402
vertex 41.2093620300293 49.8017578125 -6.197009086608887
vertex 41.2093620300293 49.8017578125 -3.5
endloop
endfacet
facet normal 0 0 -1
outer loop
vertex 40.88493728637695 50.018531799316406 -3.5
vertex 40.76057434082031 50.17007064819336 -3.5
vertex 41.03647232055664 49.894168853759766 -3.5
endloop
endfacet
facet normal 0 0 -1
outer loop
vertex 41.592044830322266 49.72563934326172 -3.5
vertex 41.39695358276367 49.74485397338867 -3.5
vertex 40.66816329956055 50.34295654296875 -3.5
endloop
endfacet
facet normal 0 0 -1
outer loop
vertex 41.78713607788086 49.74485397338867 -3.5
vertex 41.592044830322266 49.72563934326172 -3.5
vertex 40.66816329956055 50.34295654296875 -3.5
endloop
endfacet
facet normal 0 0 -1
outer loop
vertex 41.974727630615234 49.8017578125 -3.5
vertex 41.78713607788086 49.74485397338867 -3.5
vertex 40.66816329956055 50.34295654296875 -3.5
endloop
endfacet
facet normal 0 0 -1
outer loop
vertex 42.147613525390625 49.894168853759766 -3.5
vertex 41.974727630615234 49.8017578125 -3.5
vertex 40.66816329956055 50.34295654296875 -3.5
endloop
endfacet
facet normal 0 0 -1
outer loop
vertex 42.29915237426758 50.018531799316406 -3.5
vertex 42.147613525390625 49.894168853759766 -3.5
vertex 40.66816329956055 50.34295654296875 -3.5
endloop
endfacet
facet normal 0 0 -1
outer loop
vertex 42.42351531982422 50.17007064819336 -3.5
vertex 42.29915237426758 50.018531799316406 -3.5
vertex 40.66816329956055 50.34295654296875 -3.5
endloop
endfacet
facet normal 0 0 -1
outer loop
vertex 42.51592254638672 50.34295654296875 -3.5
vertex 42.42351531982422 50.17007064819336 -3.5
vertex 40.66816329956055 50.34295654296875 -3.5
endloop
endfacet
facet normal 0 0 -1
outer loop
vertex 42.51592254638672 50.34295654296875 -3.5
vertex 40.66816329956055 50.34295654296875 -3.5
vertex 42.57283020019531 50.92073059082031 -3.5
endloop
endfacet
facet normal 0 0 -1
outer loop
vertex 42.57283020019531 50.530548095703125 -3.5
vertex 42.51592254638672 50.34295654296875 -3.5
vertex 42.592044830322266 50.72563934326172 -3.5
endloop
endfacet
facet normal 0 0 -1
outer loop
vertex 42.592044830322266 50.72563934326172 -3.5
vertex 42.51592254638672 50.34295654296875 -3.5
vertex 42.57283020019531 50.92073059082031 -3.5
endloop
endfacet
facet normal 0 0 -1
outer loop
vertex 42.517478942871094 51.10319900512695 -3.5
vertex 42.57283020019531 50.92073059082031 -3.5
vertex 40.66816329956055 50.34295654296875 -3.5
endloop
endfacet
facet normal 0 0.12403444341732411 -0.9922779131101098
outer loop
vertex -58.506370544433594 24.72786521911621 -2.5
vertex -56.30636978149414 25.52786636352539 -2.4000000953674316
vertex -56.10636901855469 24.72786521911621 -2.5
endloop
endfacet
facet normal 0 1 0
outer loop
vertex -56.30636978149414 25.52786636352539 -2.4000000953674316
vertex -58.30636978149414 25.52786636352539 -2.4000000953674316
vertex -56.30636978149414 25.52786636352539 -1.2000000476837158
endloop
endfacet
facet normal 0 1 0
outer loop
vertex -56.30636978149414 25.52786636352539 -1.2000000476837158
vertex -58.30636978149414 25.52786636352539 -2.4000000953674316
vertex -58.30636978149414 25.52786636352539 -1.2000000476837158
endloop
endfacet
facet normal -0.9701423640865715 0.2425361692707256 0
outer loop
vertex -58.30636978149414 25.52786636352539 -2.4000000953674316
vertex -58.506370544433594 24.72786521911621 -1.100000023841858
vertex -58.30636978149414 25.52786636352539 -1.2000000476837158
endloop
endfacet
facet normal 0 0.12403458900327029 0.9922778949118991
outer loop
vertex -58.30636978149414 25.52786636352539 -1.2000000476837158
vertex -58.506370544433594 24.72786521911621 -1.100000023841858
vertex -56.10636901855469 24.72786521911621 -1.100000023841858
endloop
endfacet
facet normal 0 0.12403458900327029 0.992277894911899
outer loop
vertex -58.30636978149414 25.52786636352539 -1.2000000476837158
vertex -56.10636901855469 24.72786521911621 -1.100000023841858
vertex -56.30636978149414 25.52786636352539 -1.2000000476837158
endloop
endfacet
facet normal 0.9701423640865715 0.2425361692707256 0
outer loop
vertex -56.30636978149414 25.52786636352539 -1.2000000476837158
vertex -56.10636901855469 24.72786521911621 -2.5
vertex -56.30636978149414 25.52786636352539 -2.4000000953674316
endloop
endfacet
facet normal 0.9701423640865716 0.24253616927072563 0
outer loop
vertex -56.10636901855469 24.72786521911621 -2.5
vertex -56.30636978149414 25.52786636352539 -1.2000000476837158
vertex -56.10636901855469 24.72786521911621 -1.100000023841858
endloop
endfacet
facet normal -0.9701423640865716 0.24253616927072563 0
outer loop
vertex -58.30636978149414 25.52786636352539 -2.4000000953674316
vertex -58.506370544433594 24.72786521911621 -2.5
vertex -58.506370544433594 24.72786521911621 -1.100000023841858
endloop
endfacet
facet normal 0 0.12403444341732411 -0.9922779131101098
outer loop
vertex -56.30636978149414 25.52786636352539 -2.4000000953674316
vertex -58.506370544433594 24.72786521911621 -2.5
vertex -58.30636978149414 25.52786636352539 -2.4000000953674316
endloop
endfacet
facet normal -0.04685448871517145 0.11484484658431544 0.9922778431972896
outer loop
vertex 40.36393356323242 51.0886116027832 -1.2000000476837158
vertex 42.70313262939453 51.1789436340332 -1.100000023841858
vertex 42.21574783325195 51.8441162109375 -1.2000000476837158
endloop
endfacet
facet normal -0.04685447167222143 0.11484433936943705 0.9922779027062502
outer loop
vertex 42.70313262939453 51.1789436340332 -1.100000023841858
vertex 40.36393356323242 51.0886116027832 -1.2000000476837158
vertex 40.48095703125 50.272335052490234 -1.100000023841858
endloop
endfacet
facet normal -0.9898793347211003 -0.14191160168256767 0
outer loop
vertex 40.36393356323242 51.0886116027832 -2.4000000953674316
vertex 40.48095703125 50.272335052490234 -1.100000023841858
vertex 40.36393356323242 51.0886116027832 -1.2000000476837158
endloop
endfacet
facet normal 0.8066411251913376 0.5910415342004762 0
outer loop
vertex 42.21574783325195 51.8441162109375 -1.2000000476837158
vertex 42.70313262939453 51.1789436340332 -2.5
vertex 42.21574783325195 51.8441162109375 -2.4000000953674316
endloop
endfacet
facet normal 0.8066411251913376 0.5910415342004762 0
outer loop
vertex 42.70313262939453 51.1789436340332 -2.5
vertex 42.21574783325195 51.8441162109375 -1.2000000476837158
vertex 42.70313262939453 51.1789436340332 -1.100000023841858
endloop
endfacet
facet normal -0.37775214808488694 0.9259067526577683 0
outer loop
vertex 42.21574783325195 51.8441162109375 -1.2000000476837158
vertex 40.36393356323242 51.0886116027832 -2.4000000953674316
vertex 40.36393356323242 51.0886116027832 -1.2000000476837158
endloop
endfacet
facet normal -0.37775214808488694 0.9259067526577683 0
outer loop
vertex 42.21574783325195 51.8441162109375 -2.4000000953674316
vertex 40.36393356323242 51.0886116027832 -2.4000000953674316
vertex 42.21574783325195 51.8441162109375 -1.2000000476837158
endloop
endfacet
facet normal -0.9898793347211003 -0.14191160168256767 0
outer loop
vertex 40.36393356323242 51.0886116027832 -2.4000000953674316
vertex 40.48095703125 50.272335052490234 -2.5
vertex 40.48095703125 50.272335052490234 -1.100000023841858
endloop
endfacet
facet normal -0.046854580165074766 0.11484460529475055 -0.9922778668055876
outer loop
vertex 40.48095703125 50.272335052490234 -2.5
vertex 42.21574783325195 51.8441162109375 -2.4000000953674316
vertex 42.70313262939453 51.1789436340332 -2.5
endloop
endfacet
facet normal -0.0468542375341869 0.11484423091562657 -0.99227792631424
outer loop
vertex 42.21574783325195 51.8441162109375 -2.4000000953674316
vertex 40.48095703125 50.272335052490234 -2.5
vertex 40.36393356323242 51.0886116027832 -2.4000000953674316
endloop
endfacet
endsolid auto-kdk-case
