solid auto-kdk-case
facet normal 0.3858184786826756 0.9225442043174489 -0.007502838614224773
outer loop
vertex -40.702449798583984 50.261680603027344 -3.5
vertex -42.54698181152344 51.033084869384766 -3.5
vertex -42.728599548339844 51.11717224121094 -2.5
endloop
endfacet
facet normal 0.3889760019643407 0.9212478873221752 -5.154375968813111e-7
outer loop
vertex -39.08930969238281 49.580570220947266 -1
vertex -39.129547119140625 49.597557067871094 -5.455532073974609
vertex -40.702449798583984 50.261680603027344 -3.5
endloop
endfacet
facet normal 0.3889714612092639 0.9212498045351788 0.0000029368455263768655
outer loop
vertex -39.08930969238281 49.580570220947266 -1
vertex -40.702449798583984 50.261680603027344 -3.5
vertex -40.51760482788086 50.183631896972656 -2.5
endloop
endfacet
facet normal 0 0 1
outer loop
vertex -60.4962158203125 54.66115951538086 0
vertex -59.441375732421875 53.583621978759766 0
vertex -59.24299240112305 53.77870559692383 0
endloop
endfacet
facet normal 0.12011097433609856 0.9927604714253693 0.000014809178833867225
outer loop
vertex -21.073209762573242 45.58293914794922 -1
vertex -21.317659378051758 45.612586975097656 -5.869234561920166
vertex -21.316967010498047 45.612430572509766 -1
endloop
endfacet
facet normal 0 -1 0
outer loop
vertex 52.77531051635742 -56.92265319824219 -1.5076520442962646
vertex -10.78315544128418 -56.92265319824219 -4.949999809265137
vertex 53.52253341674805 -56.92265319824219 -1.5589157342910767
endloop
endfacet
facet normal 0 0 1
outer loop
vertex 67.4352798461914 20.752290725708008 0
vertex 67.5418472290039 20.495010375976562 0
vertex 66.96488952636719 23.36324119567871 0
endloop
endfacet
facet normal 0 0 1
outer loop
vertex 65.80950927734375 22.227344512939453 0
vertex 66.06678771972656 22.120777130126953 0
vertex 66.96488952636719 23.36324119567871 0
endloop
endfacet
facet normal -0.7071067811865475 -0.7071067811865475 0
outer loop
vertex -53.97502899169922 -54.10898208618164 -15.446803092956543
vertex -51.60667037963867 -56.47734069824219 -15.678267478942871
vertex -51.54195785522461 -56.54205322265625 -15.652363777160645
endloop
endfacet
facet normal 0 0 1
outer loop
vertex -57.40386962890625 56.01015853881836 0
vertex -57.17253494262695 54.50206756591797 0
vertex -39.860103607177734 47.18085479736328 0
endloop
endfacet
facet normal 0 0 1
outer loop
vertex -56.84611892700195 55.99247360229492 0
vertex -57.40386962890625 56.01015853881836 0
vertex -39.47706985473633 48.66220474243164 0
endloop
endfacet
facet normal 0.3889748901313578 0.9212483567633297 -0.0000028570986256048795
outer loop
vertex -56.62850570678711 56.9860725402832 -1
vertex -39.08930969238281 49.580570220947266 -1
vertex -42.728599548339844 51.11717224121094 -1.100000023841858
endloop
endfacet
facet normal 0 0 1
outer loop
vertex -39.47706985473633 48.66220474243164 0
vertex -57.40386962890625 56.01015853881836 0
vertex -39.860103607177734 47.18085479736328 0
endloop
endfacet
facet normal 0 0 1
outer loop
vertex -39.74808120727539 47.14501190185547 0
vertex -39.17698669433594 48.56166076660156 0
vertex -39.860103607177734 47.18085479736328 0
endloop
endfacet
facet normal 0 0 1
outer loop
vertex -39.47706985473633 48.66220474243164 0
vertex -39.860103607177734 47.18085479736328 0
vertex -39.39263153076172 48.63050842285156 0
endloop
endfacet
facet normal 0.21681403019476017 0.9762129257034807 3.9516235164515583e-7
outer loop
vertex -21.316967010498047 45.612430572509766 -1
vertex -38.742454528808594 49.482582092285156 -5.456604480743408
vertex -38.8736686706543 49.511722564697266 -1
endloop
endfacet
facet normal 0.21681399800369672 0.9762129328529586 5.272392590139857e-7
outer loop
vertex -21.317659378051758 45.612586975097656 -5.869234561920166
vertex -38.742454528808594 49.482582092285156 -5.456604480743408
vertex -21.316967010498047 45.612430572509766 -1
endloop
endfacet
facet normal 0.022277933940003616 0.9997518160320384 -7.791252571472521e-8
outer loop
vertex 0.12134730070829391 45.11064910888672 -5.898594379425049
vertex -20.881732940673828 45.578670501708984 -5.856729507446289
vertex 0.17272131145000458 45.10950469970703 -1
endloop
endfacet
facet normal 0 0 1
outer loop
vertex -39.08985900878906 48.53831481933594 0
vertex -39.74808120727539 47.14501190185547 0
vertex -21.62874412536621 43.10729217529297 0
endloop
endfacet
facet normal 0 0 1
outer loop
vertex -39.08985900878906 48.53831481933594 0
vertex -21.62874412536621 43.10729217529297 0
vertex -21.533159255981445 44.63902282714844 0
endloop
endfacet
facet normal 0.38938587202074876 0.9210747215457826 0
outer loop
vertex -42.54698181152344 51.033084869384766 -5.313694477081299
vertex -56.62850570678711 56.9860725402832 -4.693887710571289
vertex -42.54698181152344 51.033084869384766 -3.5
endloop
endfacet
facet normal 0 0 1
outer loop
vertex -21.498302459716797 43.09178924560547 0
vertex -21.437091827392578 44.61967468261719 0
vertex -21.62874412536621 43.10729217529297 0
endloop
endfacet
facet normal 0 0 1
outer loop
vertex -21.533159255981445 44.63902282714844 0
vertex -21.62874412536621 43.10729217529297 0
vertex -21.490615844726562 44.62762451171875 0
endloop
endfacet
facet normal 0 0 1
outer loop
vertex -21.490615844726562 44.62762451171875 0
vertex -21.62874412536621 43.10729217529297 0
vertex -21.437091827392578 44.61967468261719 0
endloop
endfacet
facet normal 0 0 1
outer loop
vertex -21.437091827392578 44.61967468261719 0
vertex -21.498302459716797 43.09178924560547 0
vertex -21.192943572998047 44.593414306640625 0
endloop
endfacet
facet normal 0 0 1
outer loop
vertex -21.192943572998047 44.593414306640625 0
vertex -21.498302459716797 43.09178924560547 0
vertex -21.095489501953125 44.583187103271484 0
endloop
endfacet
facet normal 0.022287741436494927 0.9997515974389137 0
outer loop
vertex -20.881732940673828 45.578670501708984 -5.856729507446289
vertex -21.073209762573242 45.58293914794922 -5.872570514678955
vertex -21.073209762573242 45.58293914794922 -1
endloop
endfacet
facet normal 0.12011259828241186 0.9927602750583082 0
outer loop
vertex -21.073209762573242 45.58293914794922 -5.872570514678955
vertex -21.26862907409668 45.60658264160156 -5.865168571472168
vertex -21.073209762573242 45.58293914794922 -1
endloop
endfacet
facet normal 0.12155842703457781 0.9925842761922745 -0.000058929939053313067
outer loop
vertex -21.26862907409668 45.60658264160156 -5.865168571472168
vertex -21.317659378051758 45.612586975097656 -5.869234561920166
vertex -21.073209762573242 45.58293914794922 -1
endloop
endfacet
facet normal 0 0 1
outer loop
vertex -39.39263153076172 48.63050842285156 0
vertex -39.860103607177734 47.18085479736328 0
vertex -39.17698669433594 48.56166076660156 0
endloop
endfacet
facet normal 0.3041446279638798 0.9526258684713078 0
outer loop
vertex -38.8736686706543 49.511722564697266 -1
vertex -39.08930969238281 49.580570220947266 -5.458759307861328
vertex -39.08930969238281 49.580570220947266 -1
endloop
endfacet
facet normal 0.38897654583054597 0.9212476576869747 0
outer loop
vertex -39.129547119140625 49.597557067871094 -5.455532073974609
vertex -40.702449798583984 50.261680603027344 -5.385471343994141
vertex -40.702449798583984 50.261680603027344 -3.5
endloop
endfacet
facet normal -0.32982442311279053 0.9440422924038863 0.000008433877496394957
outer loop
vertex -60.45286560058594 56.00419235229492 -4.797408580780029
vertex -60.56333923339844 55.96559524536133 -4.750087738037109
vertex -57.55809020996094 57.01555252075195 -4.696461200714111
endloop
endfacet
facet normal -0.6818094820363343 0.7315297874134441 0.0000182259912859747
outer loop
vertex -60.56333923339844 55.96559524536133 -4.750087738037109
vertex -61.19989013671875 55.372310638427734 -4.809305191040039
vertex -61.331695556640625 55.24946212768555 -4.745667457580566
endloop
endfacet
facet normal -0.7071067811865475 -0.7071067811865475 0
outer loop
vertex -51.54195785522461 -56.54205322265625 -15.652363777160645
vertex -53.97502899169922 -54.10898208618164 -1
vertex -53.97502899169922 -54.10898208618164 -15.446803092956543
endloop
endfacet
facet normal -0.9228259377308607 -0.38521719672301524 -1.3881983559657955e-7
outer loop
vertex -53.97502899169922 -54.10898208618164 -15.446803092956543
vertex -54.355403900146484 -53.19776153564453 -1
vertex -54.04021453857422 -53.952823638916016 -15.489151954650879
endloop
endfacet
facet normal -0.9228249907567466 -0.38521946528545326 0
outer loop
vertex -54.355403900146484 -53.19776153564453 -15.413786888122559
vertex -54.04021453857422 -53.952823638916016 -15.489151954650879
vertex -54.355403900146484 -53.19776153564453 -1
endloop
endfacet
facet normal -0.3826837420781726 -0.9238794042238666 0
outer loop
vertex -50.67241668701172 -56.90222930908203 -15.688313484191895
vertex -51.54195785522461 -56.54205322265625 -1
vertex -51.54195785522461 -56.54205322265625 -15.652363777160645
endloop
endfacet
facet normal -0.3826260479706352 -0.923903299809218 0.000004001413786884647
outer loop
vertex -50.67241668701172 -56.90222930908203 -15.688313484191895
vertex -50.62310028076172 -56.92265319824219 -15.677558898925781
vertex -51.54195785522461 -56.54205322265625 -1
endloop
endfacet
facet normal 0 -1 0
outer loop
vertex -50.62310028076172 -56.92265319824219 -15.677558898925781
vertex -35.62310028076172 -56.92265319824219 -5
vertex -47.62310028076172 -56.92265319824219 -5
endloop
endfacet
facet normal 0 -1 0
outer loop
vertex -35.62310028076172 -56.92265319824219 -5
vertex -50.62310028076172 -56.92265319824219 -15.677558898925781
vertex -25.78315544128418 -56.92265319824219 -4.949999809265137
endloop
endfacet
facet normal 0.022278089103868675 0.9997518125743684 -3.8073281814532343e-7
outer loop
vertex -21.073209762573242 45.58293914794922 -1
vertex -7.255908966064453 45.27503967285156 -1
vertex -20.881732940673828 45.578670501708984 -5.856729507446289
endloop
endfacet
facet normal 0.022277847214833713 0.9997518179645305 2.982372637048944e-7
outer loop
vertex -7.255908966064453 45.27503967285156 -1
vertex 0.17272131145000458 45.10950469970703 -1
vertex -20.881732940673828 45.578670501708984 -5.856729507446289
endloop
endfacet
facet normal -0.9998829205464663 -0.004034303608021517 -0.014760406290725246
outer loop
vertex -54.355403900146484 -52.99961853027344 -15.46794319152832
vertex -54.355403900146484 -53.19776153564453 -15.413786888122559
vertex -54.774009704589844 22.996654510498047 -7.8824639320373535
endloop
endfacet
facet normal -0.918531137269032 0.395348643239393 -0.000012491181212311471
outer loop
vertex -70.0214614868164 35.06007766723633 -6.760835647583008
vertex -70.1028823852539 34.87091064453125 -6.704422473907471
vertex -61.331695556640625 55.24946212768555 -4.745667457580566
endloop
endfacet
facet normal -0.39688629703051076 -0.917867783087199 0
outer loop
vertex -68.37223052978516 30.15401840209961 -6.999962329864502
vertex -56.21003723144531 24.895082473754883 -7.527486324310303
vertex -68.37223052978516 30.15401840209961 -1
endloop
endfacet
facet normal -0.9993693904102386 0.03550804853928086 0
outer loop
vertex -70.1028823852539 34.87091064453125 -6.704422473907471
vertex -70.13619232177734 33.933406829833984 -6.727372169494629
vertex -70.1028823852539 34.87091064453125 -1
endloop
endfacet
facet normal -0.9442766433189078 -0.32915288375217994 0
outer loop
vertex -70.13619232177734 33.933406829833984 -6.727372169494629
vertex -69.13959503173828 31.074359893798828 -7.010022163391113
vertex -70.13619232177734 33.933406829833984 -1
endloop
endfacet
facet normal -0.9442772548902829 -0.3291511292643478 -9.360453726888389e-7
outer loop
vertex -69.08659362792969 30.92230796813965 -6.964144229888916
vertex -70.13619232177734 33.933406829833984 -1
vertex -69.13959503173828 31.074359893798828 -7.010022163391113
endloop
endfacet
facet normal -0.7323381600320464 -0.6809411276757245 7.677699601647424e-7
outer loop
vertex -68.45625305175781 30.244382858276367 -7.031810283660889
vertex -68.37223052978516 30.15401840209961 -6.999962329864502
vertex -69.08659362792969 30.92230796813965 -1
endloop
endfacet
facet normal -0.7323415666166451 -0.6809374639461968 0
outer loop
vertex -69.08659362792969 30.92230796813965 -6.964144229888916
vertex -68.45625305175781 30.244382858276367 -7.031810283660889
vertex -69.08659362792969 30.92230796813965 -1
endloop
endfacet
facet normal -0.999369386700126 0.03550815270415937 -0.00000426055998018729
outer loop
vertex -70.12908935546875 34.1333122253418 -6.778016567230225
vertex -70.13619232177734 33.933406829833984 -6.727372169494629
vertex -70.1028823852539 34.87091064453125 -6.704422473907471
endloop
endfacet
facet normal 0 0 1
outer loop
vertex -21.095489501953125 44.583187103271484 0
vertex -21.498302459716797 43.09178924560547 0
vertex -0.655535876750946 42.73036575317383 0
endloop
endfacet
facet normal 0 0 1
outer loop
vertex -21.095489501953125 44.583187103271484 0
vertex -0.655535876750946 42.73036575317383 0
vertex -0.05739159137010574 44.114383697509766 0
endloop
endfacet
facet normal 0 0 1
outer loop
vertex -0.05739159137010574 44.114383697509766 0
vertex -0.655535876750946 42.73036575317383 0
vertex -0.4025609493255615 42.6217041015625 0
endloop
endfacet
facet normal 0 -1 0
outer loop
vertex -12.28315544128418 -56.92265319824219 -11.449999809265137
vertex -24.28315544128418 -56.92265319824219 -11.449999809265137
vertex 66.27531433105469 -56.92265319824219 -15.677558898925781
endloop
endfacet
facet normal 0 -1 0
outer loop
vertex -11.70913028717041 -56.92265319824219 -11.335819244384766
vertex -12.28315544128418 -56.92265319824219 -11.449999809265137
vertex 66.27531433105469 -56.92265319824219 -15.677558898925781
endloop
endfacet
facet normal 0 -1 0
outer loop
vertex -11.222495079040527 -56.92265319824219 -11.010660171508789
vertex -11.70913028717041 -56.92265319824219 -11.335819244384766
vertex 66.27531433105469 -56.92265319824219 -15.677558898925781
endloop
endfacet
facet normal 0 0 1
outer loop
vertex -52.2900505065918 25.923784255981445 0
vertex -53.94194412231445 23.93985939025879 0
vertex -51.858154296875 25.271259307861328 0
endloop
endfacet
facet normal 0 0 1
outer loop
vertex -54.765480041503906 25.179462432861328 0
vertex -53.94194412231445 23.93985939025879 0
vertex -52.2900505065918 25.923784255981445 0
endloop
endfacet
facet normal 0 0 1
outer loop
vertex -55.09682083129883 25.495954513549805 0
vertex -54.95403289794922 25.395973205566406 0
vertex -52.2900505065918 25.923784255981445 0
endloop
endfacet
facet normal 0 -1 0
outer loop
vertex -24.28315544128418 -56.92265319824219 -11.449999809265137
vertex -24.857179641723633 -56.92265319824219 -11.335819244384766
vertex -50.62310028076172 -56.92265319824219 -15.677558898925781
endloop
endfacet
facet normal 0 -1 0
outer loop
vertex -24.857179641723633 -56.92265319824219 -11.335819244384766
vertex -25.343814849853516 -56.92265319824219 -11.010660171508789
vertex -50.62310028076172 -56.92265319824219 -15.677558898925781
endloop
endfacet
facet normal 0 0 1
outer loop
vertex -54.95403289794922 25.395973205566406 0
vertex -54.83077621459961 25.272716522216797 0
vertex -52.2900505065918 25.923784255981445 0
endloop
endfacet
facet normal 0 0 1
outer loop
vertex -52.2900505065918 25.923784255981445 0
vertex -55.201290130615234 25.544668197631836 0
vertex -55.09682083129883 25.495954513549805 0
endloop
endfacet
facet normal 0 0 1
outer loop
vertex -54.83077621459961 25.272716522216797 0
vertex -54.765480041503906 25.179462432861328 0
vertex -52.2900505065918 25.923784255981445 0
endloop
endfacet
facet normal 0 -1 0
outer loop
vertex -10.89733600616455 -56.92265319824219 -10.524024963378906
vertex -11.222495079040527 -56.92265319824219 -11.010660171508789
vertex 66.27531433105469 -56.92265319824219 -15.677558898925781
endloop
endfacet
facet normal 0 0 1
outer loop
vertex -53.94194412231445 23.93985939025879 0
vertex -53.776641845703125 23.3939151763916 0
vertex -51.858154296875 25.271259307861328 0
endloop
endfacet
facet normal 0 -1 0
outer loop
vertex -10.78315544128418 -56.92265319824219 -9.949999809265137
vertex -10.89733600616455 -56.92265319824219 -10.524024963378906
vertex 66.27531433105469 -56.92265319824219 -15.677558898925781
endloop
endfacet
facet normal 0 0 1
outer loop
vertex -52.2900505065918 25.923784255981445 0
vertex -66.703369140625 32.04187774658203 0
vertex -55.201290130615234 25.544668197631836 0
endloop
endfacet
facet normal -0.8342179355512829 -0.551434888272909 0
outer loop
vertex -55.59682083129883 24.629928588867188 -1
vertex -54.776161193847656 23.388423919677734 -7.880535125732422
vertex -54.776161193847656 23.388423919677734 -1
endloop
endfacet
facet normal -0.39688623254673483 -0.9178678109699886 1.4261201107179572e-7
outer loop
vertex -56.21003723144531 24.895082473754883 -7.527486324310303
vertex -55.59682083129883 24.629928588867188 -1
vertex -68.37223052978516 30.15401840209961 -1
endloop
endfacet
facet normal 0.0016578031545951967 0.9999986248301006 0.000045017866191987805
outer loop
vertex 56.075313568115234 24.637348175048828 -1.100000023841858
vertex 66.59876251220703 24.619897842407227 -1
vertex 58.475311279296875 24.63336944580078 -1.100000023841858
endloop
endfacet
facet normal -0.39688159446050525 -0.9178698164655416 0
outer loop
vertex -55.907020568847656 24.764057159423828 -7.5653486251831055
vertex -55.59682083129883 24.629928588867188 -7.665507793426514
vertex -55.59682083129883 24.629928588867188 -1
endloop
endfacet
facet normal 0 -1 0
outer loop
vertex -24.28315544128418 -56.92265319824219 -11.449999809265137
vertex -50.62310028076172 -56.92265319824219 -15.677558898925781
vertex 66.27531433105469 -56.92265319824219 -15.677558898925781
endloop
endfacet
facet normal 0 -1 0
outer loop
vertex -25.343814849853516 -56.92265319824219 -11.010660171508789
vertex -25.668973922729492 -56.92265319824219 -10.524024963378906
vertex -50.62310028076172 -56.92265319824219 -15.677558898925781
endloop
endfacet
facet normal 0 -1 0
outer loop
vertex -25.668973922729492 -56.92265319824219 -10.524024963378906
vertex -25.78315544128418 -56.92265319824219 -9.949999809265137
vertex -50.62310028076172 -56.92265319824219 -15.677558898925781
endloop
endfacet
facet normal 0.0016583573265641948 0.9999986249245434 0
outer loop
vertex 66.59876251220703 24.619897842407227 -1
vertex 58.475311279296875 24.63336944580078 -2.5
vertex 58.475311279296875 24.63336944580078 -1.100000023841858
endloop
endfacet
facet normal -0.8342052278199995 -0.551454112214047 0
outer loop
vertex -55.59682083129883 24.629928588867188 -7.665507793426514
vertex -55.57271194458008 24.59345817565918 -7.656929016113281
vertex -55.59682083129883 24.629928588867188 -1
endloop
endfacet
facet normal -0.3968883524756814 -0.9178668943092979 3.7900183462371904e-7
outer loop
vertex -55.907020568847656 24.764057159423828 -7.5653486251831055
vertex -55.59682083129883 24.629928588867188 -1
vertex -56.21003723144531 24.895082473754883 -7.527486324310303
endloop
endfacet
facet normal 0.7406006636016406 0.6719454271537306 0
outer loop
vertex 69.70697021484375 21.829208374023438 -1
vertex 67.5636215209961 24.191551208496094 -7.907674789428711
vertex 67.5636215209961 24.191551208496094 -1
endloop
endfacet
facet normal 0.9331605349730814 0.3594598947987834 0
outer loop
vertex 70.04251861572266 20.95812225341797 -1
vertex 69.70697021484375 21.829208374023438 -8.073683738708496
vertex 69.70697021484375 21.829208374023438 -1
endloop
endfacet
facet normal 0 -1 0
outer loop
vertex -25.78315544128418 -56.92265319824219 -4.949999809265137
vertex -50.62310028076172 -56.92265319824219 -15.677558898925781
vertex -25.78315544128418 -56.92265319824219 -9.949999809265137
endloop
endfacet
facet normal 0.40575906516085275 0.9139800769381086 0
outer loop
vertex 66.59876251220703 24.619897842407227 -7.9225754737854
vertex 66.59876251220703 24.619897842407227 -1
vertex 67.5636215209961 24.191551208496094 -1
endloop
endfacet
facet normal 0.0016583500914684913 0.9999986249365417 0
outer loop
vertex 66.59876251220703 24.619897842407227 -7.9225754737854
vertex 58.275150299072266 24.63370132446289 -3.5
vertex 66.59876251220703 24.619897842407227 -1
endloop
endfacet
facet normal 0.0021742716392938507 0.9999937329021579 -0.0027940471088033917
outer loop
vertex 66.59876251220703 24.619897842407227 -1
vertex 56.27531051635742 24.635358810424805 -3.5
vertex 58.475311279296875 24.63336944580078 -2.5
endloop
endfacet
facet normal -0.9999849208277632 -0.005491640655762985 0
outer loop
vertex -54.776161193847656 23.388423919677734 -7.880535125732422
vertex -54.774009704589844 22.996654510498047 -7.8824639320373535
vertex -54.776161193847656 23.388423919677734 -1
endloop
endfacet
facet normal -0.8342114326940194 -0.5514447257521579 0.000001648931053850215
outer loop
vertex -55.18867492675781 24.012475967407227 -7.678102493286133
vertex -54.99085235595703 23.713214874267578 -7.739492416381836
vertex -55.59682083129883 24.629928588867188 -1
endloop
endfacet
facet normal 0.0008288059299502292 0.9999958424687867 0.002761906202561728
outer loop
vertex 58.275150299072266 24.63370132446289 -3.5
vertex 56.27531051635742 24.635358810424805 -3.5
vertex 66.59876251220703 24.619897842407227 -1
endloop
endfacet
facet normal 0.0016578008781914827 0.9999972516872295 -0.0016578040401957212
outer loop
vertex 56.27531051635742 24.635358810424805 -3.5
vertex 56.075313568115234 24.637348175048828 -2.5
vertex 58.475311279296875 24.63336944580078 -2.5
endloop
endfacet
facet normal 0 0 1
outer loop
vertex 66.38597869873047 23.620248794555664 0
vertex 1.803367257118225 22.227344512939453 0
vertex 65.80950927734375 22.227344512939453 0
endloop
endfacet
facet normal -0.8342225055033281 -0.551427974727169 -2.057691547377921e-7
outer loop
vertex -55.57271194458008 24.59345817565918 -7.656929016113281
vertex -55.356136322021484 24.26581382751465 -7.652815818786621
vertex -55.59682083129883 24.629928588867188 -1
endloop
endfacet
facet normal -0.8342179841114163 -0.5514348148103947 3.321691201799937e-7
outer loop
vertex -55.356136322021484 24.26581382751465 -7.652815818786621
vertex -55.18867492675781 24.012475967407227 -7.678102493286133
vertex -55.59682083129883 24.629928588867188 -1
endloop
endfacet
facet normal 0.0016583077822061706 0.9999986249740102 -0.000008086325032940186
outer loop
vertex 5.00338077545166 24.722042083740234 -1
vertex 66.59876251220703 24.619897842407227 -1
vertex 56.075313568115234 24.637348175048828 -1.100000023841858
endloop
endfacet
facet normal -0.8342207719827026 -0.5514305972571216 -0.0000011125676675200607
outer loop
vertex -54.99085235595703 23.713214874267578 -7.739492416381836
vertex -54.776161193847656 23.388423919677734 -7.880535125732422
vertex -55.59682083129883 24.629928588867188 -1
endloop
endfacet
facet normal 0.001658309067291445 0.9999986250045734 0
outer loop
vertex 5.833359241485596 24.720664978027344 -7.934250831604004
vertex 56.075313568115234 24.637348175048828 -1.100000023841858
vertex 56.075313568115234 24.637348175048828 -2.5
endloop
endfacet
facet normal 0.7405977417649666 0.6719486475115727 0
outer loop
vertex 69.70697021484375 21.829208374023438 -8.073683738708496
vertex 69.58235168457031 21.9665584564209 -8.129758834838867
vertex 69.70697021484375 21.829208374023438 -1
endloop
endfacet
facet normal 0.7406008380149914 0.6719452349198394 -1.1985957772255634e-7
outer loop
vertex 69.58235168457031 21.9665584564209 -8.129758834838867
vertex 67.5636215209961 24.191551208496094 -7.907674789428711
vertex 69.70697021484375 21.829208374023438 -1
endloop
endfacet
facet normal 0.9331615610176021 0.35945723116811856 -3.76683408405094e-7
outer loop
vertex 70.04251861572266 20.95812225341797 -1
vertex 69.96821594238281 21.1510066986084 -8.141376495361328
vertex 69.70697021484375 21.829208374023438 -8.073683738708496
endloop
endfacet
facet normal 0.9331568829075572 0.3594693754442117 0
outer loop
vertex 70.04251861572266 20.95812225341797 -8.085688591003418
vertex 69.96821594238281 21.1510066986084 -8.141376495361328
vertex 70.04251861572266 20.95812225341797 -1
endloop
endfacet
facet normal 0 -1 0
outer loop
vertex -10.78315544128418 -56.92265319824219 -9.949999809265137
vertex 66.27531433105469 -56.92265319824219 -15.677558898925781
vertex 51.27531051635742 -56.92265319824219 -5
endloop
endfacet
facet normal 0.36008605799602306 -0.9329190912597324 0
outer loop
vertex 66.32205200195312 -56.90461349487305 -15.687027931213379
vertex 66.27531433105469 -56.92265319824219 -1
vertex 66.27531433105469 -56.92265319824219 -15.677558898925781
endloop
endfacet
facet normal 0.3601396159164132 -0.932898417325027 1.9582750984258543e-7
outer loop
vertex 66.32205200195312 -56.90461349487305 -15.687027931213379
vertex 67.14440155029297 -56.58715057373047 -15.655341148376465
vertex 66.27531433105469 -56.92265319824219 -1
endloop
endfacet
facet normal 0.671938312116158 -0.7406071189979804 0
outer loop
vertex 67.14440155029297 -56.58715057373047 -15.655341148376465
vertex 67.20780181884766 -56.52962875366211 -15.67806625366211
vertex 67.14440155029297 -56.58715057373047 -1
endloop
endfacet
facet normal 0.6719466574810835 -0.7405995473263502 6.571946834953476e-8
outer loop
vertex 67.14440155029297 -56.58715057373047 -1
vertex 67.20780181884766 -56.52962875366211 -15.67806625366211
vertex 69.50614929199219 -54.4443359375 -15.474428176879883
endloop
endfacet
facet normal 0.9140074204032209 -0.4056974678844443 0
outer loop
vertex 69.50614929199219 -54.4443359375 -15.474428176879883
vertex 69.56671905517578 -54.30787658691406 -15.517459869384766
vertex 69.50614929199219 -54.4443359375 -1
endloop
endfacet
facet normal 0.9140213573607235 -0.40566606745984535 3.533014597923645e-7
outer loop
vertex 69.50614929199219 -54.4443359375 -1
vertex 69.56671905517578 -54.30787658691406 -15.517459869384766
vertex 69.93450927734375 -53.47919464111328 -15.43809986114502
endloop
endfacet
facet normal 0.9999989839133996 -0.001425542762658285 0
outer loop
vertex 69.93450927734375 -53.47919464111328 -15.43809986114502
vertex 69.9347915649414 -53.28117370605469 -15.495743751525879
vertex 69.93450927734375 -53.47919464111328 -1
endloop
endfacet
facet normal 0 0 1
outer loop
vertex -35.62310028076172 -55.22265625 0
vertex -35.661163330078125 -55.413997650146484 0
vertex 56.87531280517578 -55.92265319824219 0
endloop
endfacet
facet normal 0 0 1
outer loop
vertex -35.661163330078125 -55.413997650146484 0
vertex -35.76955032348633 -55.576210021972656 0
vertex 56.87531280517578 -55.92265319824219 0
endloop
endfacet
facet normal 0 0 1
outer loop
vertex -35.76955032348633 -55.576210021972656 0
vertex -35.931758880615234 -55.684593200683594 0
vertex 56.87531280517578 -55.92265319824219 0
endloop
endfacet
facet normal 0 0 1
outer loop
vertex -35.931758880615234 -55.684593200683594 0
vertex -41.22310256958008 -55.92265319824219 0
vertex 56.87531280517578 -55.92265319824219 0
endloop
endfacet
facet normal 0 -1 0
outer loop
vertex -24.28315544128418 -56.92265319824219 -3.450000047683716
vertex 52.77531051635742 -56.92265319824219 -1
vertex -37.12310028076172 -56.92265319824219 -1
endloop
endfacet
facet normal 0 -1 0
outer loop
vertex 51.27531051635742 -56.92265319824219 -5
vertex 66.27531433105469 -56.92265319824219 -15.677558898925781
vertex 63.27531051635742 -56.92265319824219 -5
endloop
endfacet
facet normal 0 0 1
outer loop
vertex -35.62310028076172 -54.78265380859375 0
vertex -35.62310028076172 -55.22265625 0
vertex -10.78315544128418 -54.78265380859375 0
endloop
endfacet
facet normal 0 -1 0
outer loop
vertex -37.12310028076172 -56.92265319824219 -1
vertex -37.12310028076172 -56.92265319824219 -1.5076520442962646
vertex -24.28315544128418 -56.92265319824219 -3.450000047683716
endloop
endfacet
facet normal 0 -1 0
outer loop
vertex -24.28315544128418 -56.92265319824219 -3.450000047683716
vertex -41.22310256958008 -56.92265319824219 -1.6661099195480347
vertex -24.857179641723633 -56.92265319824219 -3.564180612564087
endloop
endfacet
facet normal 0 -1 0
outer loop
vertex -25.343814849853516 -56.92265319824219 -3.8893399238586426
vertex -24.857179641723633 -56.92265319824219 -3.564180612564087
vertex -41.22310256958008 -56.92265319824219 -1.6661099195480347
endloop
endfacet
facet normal 0 -1 0
outer loop
vertex -37.12310028076172 -56.92265319824219 -1.5076520442962646
vertex -37.87032699584961 -56.92265319824219 -1.5589157342910767
vertex -24.28315544128418 -56.92265319824219 -3.450000047683716
endloop
endfacet
facet normal 0 -1 0
outer loop
vertex -37.87032699584961 -56.92265319824219 -1.5589157342910767
vertex -38.58218765258789 -56.92265319824219 -1.5949000120162964
vertex -24.28315544128418 -56.92265319824219 -3.450000047683716
endloop
endfacet
facet normal 0 -1 0
outer loop
vertex -38.58218765258789 -56.92265319824219 -1.5949000120162964
vertex -39.257293701171875 -56.92265319824219 -1.6254053115844727
vertex -24.28315544128418 -56.92265319824219 -3.450000047683716
endloop
endfacet
facet normal 0 -1 0
outer loop
vertex -39.257293701171875 -56.92265319824219 -1.6254053115844727
vertex -40.47697830200195 -56.92265319824219 -1.6591570377349854
vertex -24.28315544128418 -56.92265319824219 -3.450000047683716
endloop
endfacet
facet normal 0.4057714536522867 0.9139745769992238 0
outer loop
vertex 67.5636215209961 24.191551208496094 -7.907674789428711
vertex 67.44285583496094 24.245166778564453 -7.9599785804748535
vertex 67.5636215209961 24.191551208496094 -1
endloop
endfacet
facet normal 0.4057573035823436 0.9139808589842019 2.939168685977633e-7
outer loop
vertex 67.44285583496094 24.245166778564453 -7.9599785804748535
vertex 66.59876251220703 24.619897842407227 -7.9225754737854
vertex 67.5636215209961 24.191551208496094 -1
endloop
endfacet
facet normal 0.0016515412854521217 0.9999986361226527 -0.000012814708456177723
outer loop
vertex 66.5512466430664 24.619976043701172 -7.943897247314453
vertex 58.275150299072266 24.63370132446289 -3.5
vertex 66.59876251220703 24.619897842407227 -7.9225754737854
endloop
endfacet
facet normal 0.0016584221976712124 0.9999986248169616 0
outer loop
vertex 58.275150299072266 24.63370132446289 -7.9425272941589355
vertex 58.275150299072266 24.63370132446289 -3.5
vertex 66.5512466430664 24.619976043701172 -7.943897247314453
endloop
endfacet
facet normal 0.0018338096611122247 0.9999970021474184 -0.0016226023243220786
outer loop
vertex 56.27531051635742 24.635358810424805 -3.5
vertex 5.833359241485596 24.720664978027344 -7.934250831604004
vertex 56.075313568115234 24.637348175048828 -2.5
endloop
endfacet
facet normal 0.0016583667324049328 0.9999985552757834 0.00037318377098128367
outer loop
vertex 56.275474548339844 24.63701629638672 -7.942196369171143
vertex 5.833359241485596 24.720664978027344 -7.934250831604004
vertex 56.27531051635742 24.635358810424805 -3.5
endloop
endfacet
facet normal 0 0 1
outer loop
vertex -0.05739159137010574 44.114383697509766 0
vertex -0.4025609493255615 42.6217041015625 0
vertex 0.5089167952537537 43.853145599365234 0
endloop
endfacet
facet normal 0 0 1
outer loop
vertex -0.4025609493255615 42.6217041015625 0
vertex 2.3449394702911377 41.79594421386719 0
vertex 0.5089167952537537 43.853145599365234 0
endloop
endfacet
facet normal 0 -1 0
outer loop
vertex -25.668973922729492 -56.92265319824219 -4.375974655151367
vertex -25.343814849853516 -56.92265319824219 -3.8893399238586426
vertex -41.22310256958008 -56.92265319824219 -1.6661099195480347
endloop
endfacet
facet normal 0.21680123962143064 0.9762157663644914 0
outer loop
vertex -38.742454528808594 49.482582092285156 -5.456604480743408
vertex -38.8736686706543 49.511722564697266 -5.46966552734375
vertex -38.8736686706543 49.511722564697266 -1
endloop
endfacet
facet normal 0.38892756098216513 0.9212683389265389 0
outer loop
vertex -39.08930969238281 49.580570220947266 -1
vertex -39.08930969238281 49.580570220947266 -5.458759307861328
vertex -39.129547119140625 49.597557067871094 -5.455532073974609
endloop
endfacet
facet normal 0.3041446279638798 0.9526258684713077 0
outer loop
vertex -38.8736686706543 49.511722564697266 -5.46966552734375
vertex -39.08930969238281 49.580570220947266 -5.458759307861328
vertex -38.8736686706543 49.511722564697266 -1
endloop
endfacet
facet normal 0.3889749075777823 0.9212483494014281 0
outer loop
vertex -56.62850570678711 56.9860725402832 -4.693887710571289
vertex -42.728599548339844 51.11717224121094 -1.100000023841858
vertex -42.728599548339844 51.11717224121094 -2.5
endloop
endfacet
facet normal 0.38897490757778225 0.921248349401428 0
outer loop
vertex -42.728599548339844 51.11717224121094 -1.100000023841858
vertex -56.62850570678711 56.9860725402832 -4.693887710571289
vertex -56.62850570678711 56.9860725402832 -1
endloop
endfacet
facet normal 0.4188807433104723 0.9080412561572664 0
outer loop
vertex 1.1165685653686523 44.67410659790039 -1
vertex 0.17272131145000458 45.10950469970703 -5.8759846687316895
vertex 0.17272131145000458 45.10950469970703 -1
endloop
endfacet
facet normal 0 -1 0
outer loop
vertex -41.22310256958008 -56.92265319824219 -1.6661099195480347
vertex -35.62310028076172 -56.92265319824219 -4
vertex -25.78315544128418 -56.92265319824219 -4.949999809265137
endloop
endfacet
facet normal 0.7460754772306641 0.6658613836790933 0
outer loop
vertex 3.2136693000793457 42.32437515258789 -1
vertex 1.1165685653686523 44.67410659790039 -5.861836910247803
vertex 1.1165685653686523 44.67410659790039 -1
endloop
endfacet
facet normal 0.3898539905864175 0.9208528328031792 -0.0066276950899549145
outer loop
vertex -42.54698181152344 51.033084869384766 -3.5
vertex -56.62850570678711 56.9860725402832 -4.693887710571289
vertex -42.728599548339844 51.11717224121094 -2.5
endloop
endfacet
facet normal 0 0 1
outer loop
vertex 0.9375863671302795 41.25811767578125 0
vertex 1.0418448448181152 41.0032958984375 0
vertex 2.3449394702911377 41.79594421386719 0
endloop
endfacet
facet normal 0 -1 0
outer loop
vertex -25.78315544128418 -56.92265319824219 -4.949999809265137
vertex -25.668973922729492 -56.92265319824219 -4.375974655151367
vertex -41.22310256958008 -56.92265319824219 -1.6661099195480347
endloop
endfacet
facet normal 0 -1 0
outer loop
vertex -10.78315544128418 -56.92265319824219 -4.949999809265137
vertex -10.78315544128418 -56.92265319824219 -9.949999809265137
vertex 54.90950393676758 -56.92265319824219 -1.6254053115844727
endloop
endfacet
facet normal 0 0 1
outer loop
vertex 0.9375863671302795 41.25811767578125 0
vertex 2.3449394702911377 41.79594421386719 0
vertex -0.4025609493255615 42.6217041015625 0
endloop
endfacet
facet normal 0 -1 0
outer loop
vertex -10.78315544128418 -56.92265319824219 -9.949999809265137
vertex 51.27531051635742 -56.92265319824219 -5
vertex 51.27531051635742 -56.92265319824219 -4
endloop
endfacet
facet normal 0 -1 0
outer loop
vertex -10.78315544128418 -56.92265319824219 -9.949999809265137
vertex 51.27531051635742 -56.92265319824219 -4
vertex 56.87531280517578 -56.92265319824219 -1.6661099195480347
endloop
endfacet
facet normal 0 -1 0
outer loop
vertex 54.90950393676758 -56.92265319824219 -1.6254053115844727
vertex -10.78315544128418 -56.92265319824219 -9.949999809265137
vertex 56.12918472290039 -56.92265319824219 -1.6591570377349854
endloop
endfacet
facet normal 0 -1 0
outer loop
vertex 56.12918472290039 -56.92265319824219 -1.6591570377349854
vertex -10.78315544128418 -56.92265319824219 -9.949999809265137
vertex 56.87531280517578 -56.92265319824219 -1.6661099195480347
endloop
endfacet
facet normal 0 -1 0
outer loop
vertex -24.28315544128418 -56.92265319824219 -3.450000047683716
vertex -12.28315544128418 -56.92265319824219 -3.450000047683716
vertex 52.77531051635742 -56.92265319824219 -1.5076520442962646
endloop
endfacet
facet normal 0 -1 0
outer loop
vertex -10.89733600616455 -56.92265319824219 -4.375974655151367
vertex -10.78315544128418 -56.92265319824219 -4.949999809265137
vertex 52.77531051635742 -56.92265319824219 -1.5076520442962646
endloop
endfacet
facet normal 0 -1 0
outer loop
vertex -11.222495079040527 -56.92265319824219 -3.8893399238586426
vertex -10.89733600616455 -56.92265319824219 -4.375974655151367
vertex 52.77531051635742 -56.92265319824219 -1.5076520442962646
endloop
endfacet
facet normal 0 -1 0
outer loop
vertex -11.70913028717041 -56.92265319824219 -3.564180612564087
vertex -11.222495079040527 -56.92265319824219 -3.8893399238586426
vertex 52.77531051635742 -56.92265319824219 -1.5076520442962646
endloop
endfacet
facet normal 0 0 1
outer loop
vertex 2.3449394702911377 41.79594421386719 0
vertex 2.5418448448181152 26.186002731323242 0
vertex 2.5418448448181152 41.27960205078125 0
endloop
endfacet
facet normal 0 -1 0
outer loop
vertex 52.77531051635742 -56.92265319824219 -1.5076520442962646
vertex -12.28315544128418 -56.92265319824219 -3.450000047683716
vertex -11.70913028717041 -56.92265319824219 -3.564180612564087
endloop
endfacet
facet normal 0 0 1
outer loop
vertex -10.78315544128418 -54.78265380859375 0
vertex -35.62310028076172 -55.22265625 0
vertex 51.421756744384766 -55.576210021972656 0
endloop
endfacet
facet normal 1 0 0
outer loop
vertex 3.5418448448181152 26.186002731323242 -1
vertex 3.5418448448181152 26.39765167236328 -7.708644866943359
vertex 3.5418448448181152 26.81365203857422 -7.540896415710449
endloop
endfacet
facet normal 0 -1 0
outer loop
vertex 53.52253341674805 -56.92265319824219 -1.5589157342910767
vertex -10.78315544128418 -56.92265319824219 -4.949999809265137
vertex 54.234397888183594 -56.92265319824219 -1.5949000120162964
endloop
endfacet
facet normal 0 -1 0
outer loop
vertex 54.234397888183594 -56.92265319824219 -1.5949000120162964
vertex -10.78315544128418 -56.92265319824219 -4.949999809265137
vertex 54.90950393676758 -56.92265319824219 -1.6254053115844727
endloop
endfacet
facet normal -0.7323411500700867 -0.6809379119376615 0
outer loop
vertex -69.08659362792969 30.92230796813965 -1
vertex -68.37223052978516 30.15401840209961 -6.999962329864502
vertex -68.37223052978516 30.15401840209961 -1
endloop
endfacet
facet normal 0 0 1
outer loop
vertex 51.421756744384766 -55.576210021972656 0
vertex -35.62310028076172 -55.22265625 0
vertex 51.58396911621094 -55.684593200683594 0
endloop
endfacet
facet normal 0 0 1
outer loop
vertex 51.58396911621094 -55.684593200683594 0
vertex -35.62310028076172 -55.22265625 0
vertex 51.77531051635742 -55.72265625 0
endloop
endfacet
facet normal 0 0 1
outer loop
vertex 51.77531051635742 -55.72265625 0
vertex -35.62310028076172 -55.22265625 0
vertex 56.87531280517578 -55.92265319824219 0
endloop
endfacet
facet normal -0.9442766747212792 -0.329152793664771 0
outer loop
vertex -69.08659362792969 30.92230796813965 -6.964144229888916
vertex -69.08659362792969 30.92230796813965 -1
vertex -70.07085418701172 33.74596405029297 -1
endloop
endfacet
facet normal 0 -1 0
outer loop
vertex 52.77531051635742 -56.92265319824219 -1
vertex -24.28315544128418 -56.92265319824219 -3.450000047683716
vertex 52.77531051635742 -56.92265319824219 -1.5076520442962646
endloop
endfacet
facet normal 0 0 1
outer loop
vertex 50.21684646606445 -54.78265380859375 0
vertex -10.78315544128418 -54.78265380859375 0
vertex 51.27531051635742 -55.22265625 0
endloop
endfacet
facet normal 0 0 1
outer loop
vertex 51.27531051635742 -55.22265625 0
vertex -10.78315544128418 -54.78265380859375 0
vertex 51.31337356567383 -55.413997650146484 0
endloop
endfacet
facet normal 0 0 1
outer loop
vertex 51.31337356567383 -55.413997650146484 0
vertex -10.78315544128418 -54.78265380859375 0
vertex 51.421756744384766 -55.576210021972656 0
endloop
endfacet
facet normal 0 -1 0
outer loop
vertex 63.27531051635742 -56.92265319824219 -5
vertex 66.27531433105469 -56.92265319824219 -15.677558898925781
vertex 63.27531051635742 -56.92265319824219 -4
endloop
endfacet
facet normal 0 -1 0
outer loop
vertex 63.27531051635742 -56.92265319824219 -4
vertex 66.27531433105469 -56.92265319824219 -15.677558898925781
vertex 66.27531433105469 -56.92265319824219 -1
endloop
endfacet
facet normal 0.36013674198925194 -0.9328995267816181 0
outer loop
vertex 66.27531433105469 -56.92265319824219 -1
vertex 67.14440155029297 -56.58715057373047 -15.655341148376465
vertex 67.14440155029297 -56.58715057373047 -1
endloop
endfacet
facet normal 0.6719464365641501 -0.7405997477644322 0
outer loop
vertex 67.14440155029297 -56.58715057373047 -1
vertex 69.50614929199219 -54.4443359375 -15.474428176879883
vertex 69.50614929199219 -54.4443359375 -1
endloop
endfacet
facet normal 0 -1 0
outer loop
vertex -35.62310028076172 -56.92265319824219 -4
vertex -35.62310028076172 -56.92265319824219 -5
vertex -25.78315544128418 -56.92265319824219 -4.949999809265137
endloop
endfacet
facet normal 0.9140193976542822 -0.405670482918961 0
outer loop
vertex 69.50614929199219 -54.4443359375 -1
vertex 69.93450927734375 -53.47919464111328 -15.43809986114502
vertex 69.93450927734375 -53.47919464111328 -1
endloop
endfacet
facet normal 0 0 1
outer loop
vertex 51.27531051635742 -55.22265625 0
vertex 51.27531051635742 -54.42265319824219 0
vertex 50.21684646606445 -54.78265380859375 0
endloop
endfacet
facet normal 0 0 1
outer loop
vertex 50.21684646606445 -54.42265319824219 0
vertex 50.21684646606445 -54.78265380859375 0
vertex 51.27531051635742 -54.42265319824219 0
endloop
endfacet
facet normal 0 -1 0
outer loop
vertex 56.87531280517578 -56.92265319824219 -1.6661099195480347
vertex 51.27531051635742 -56.92265319824219 -4
vertex 56.87531280517578 -56.92265319824219 -4
endloop
endfacet
facet normal 0 -1 0
outer loop
vertex 57.67531204223633 -56.92265319824219 -4
vertex 58.42143630981445 -56.92265319824219 -1.6591570377349854
vertex 57.67531204223633 -56.92265319824219 -1.6661099195480347
endloop
endfacet
facet normal 0 0 1
outer loop
vertex -51.858154296875 25.271259307861328 0
vertex -53.12828063964844 -53.5415153503418 0
vertex -51.858154296875 -52.6903190612793 0
endloop
endfacet
facet normal 0 0 1
outer loop
vertex -53.776641845703125 23.3939151763916 0
vertex -53.12828063964844 -53.5415153503418 0
vertex -51.858154296875 25.271259307861328 0
endloop
endfacet
facet normal 0 -1 0
outer loop
vertex 58.42143630981445 -56.92265319824219 -1.6591570377349854
vertex 57.67531204223633 -56.92265319824219 -4
vertex 59.641117095947266 -56.92265319824219 -1.6254053115844727
endloop
endfacet
facet normal 0 0 1
outer loop
vertex -53.776641845703125 23.3939151763916 0
vertex -53.35650634765625 -52.99478530883789 0
vertex -53.12828063964844 -53.5415153503418 0
endloop
endfacet
facet normal 0 -1 0
outer loop
vertex 59.641117095947266 -56.92265319824219 -1.6254053115844727
vertex 57.67531204223633 -56.92265319824219 -4
vertex 60.31622314453125 -56.92265319824219 -1.5949000120162964
endloop
endfacet
facet normal -0.9999849087109346 -0.005493846591215039 1.2557190368174686e-7
outer loop
vertex -54.774009704589844 22.996654510498047 -7.8824639320373535
vertex -54.355403900146484 -53.19776153564453 -15.413786888122559
vertex -54.776161193847656 23.388423919677734 -1
endloop
endfacet
facet normal -0.9999849088407767 -0.0054938229588586815 0
outer loop
vertex -54.355403900146484 -53.19776153564453 -15.413786888122559
vertex -54.355403900146484 -53.19776153564453 -1
vertex -54.776161193847656 23.388423919677734 -1
endloop
endfacet
facet normal 0 -1 0
outer loop
vertex 60.31622314453125 -56.92265319824219 -1.5949000120162964
vertex 57.67531204223633 -56.92265319824219 -4
vertex 61.0280876159668 -56.92265319824219 -1.5589157342910767
endloop
endfacet
facet normal 0 0 1
outer loop
vertex -41.22310256958008 -55.72265625 0
vertex -41.22310256958008 -55.92265319824219 0
vertex -35.931758880615234 -55.684593200683594 0
endloop
endfacet
facet normal 0 -1 0
outer loop
vertex 61.0280876159668 -56.92265319824219 -1.5589157342910767
vertex 57.67531204223633 -56.92265319824219 -4
vertex 61.77531051635742 -56.92265319824219 -1.5076520442962646
endloop
endfacet
facet normal 0 -1 0
outer loop
vertex 57.67531204223633 -56.92265319824219 -4
vertex 63.27531051635742 -56.92265319824219 -4
vertex 66.27531433105469 -56.92265319824219 -1
endloop
endfacet
facet normal 0 -1 0
outer loop
vertex 61.77531051635742 -56.92265319824219 -1.5076520442962646
vertex 57.67531204223633 -56.92265319824219 -4
vertex 66.27531433105469 -56.92265319824219 -1
endloop
endfacet
facet normal 0 0 1
outer loop
vertex 56.87531280517578 -55.72265625 0
vertex 51.77531051635742 -55.72265625 0
vertex 56.87531280517578 -55.92265319824219 0
endloop
endfacet
facet normal -0.9442767375810871 -0.32915261333188556 -9.575027977375765e-8
outer loop
vertex -69.08659362792969 30.92230796813965 -6.964144229888916
vertex -70.07085418701172 33.74596405029297 -1
vertex -70.13619232177734 33.933406829833984 -1
endloop
endfacet
facet normal 0 0 1
outer loop
vertex 57.67531204223633 -55.72265625 0
vertex 57.67531204223633 -55.92265319824219 0
vertex 62.966651916503906 -55.684593200683594 0
endloop
endfacet
facet normal -0.9228251553361314 -0.38521907102173003 0
outer loop
vertex -54.355403900146484 -53.19776153564453 -1
vertex -53.97502899169922 -54.10898208618164 -15.446803092956543
vertex -53.97502899169922 -54.10898208618164 -1
endloop
endfacet
facet normal 0 -1 0
outer loop
vertex -47.62310028076172 -56.92265319824219 -5
vertex -47.62310028076172 -56.92265319824219 -4
vertex -50.62310028076172 -56.92265319824219 -15.677558898925781
endloop
endfacet
facet normal 0 -1 0
outer loop
vertex -47.62310028076172 -56.92265319824219 -4
vertex -50.62310028076172 -56.92265319824219 -1
vertex -50.62310028076172 -56.92265319824219 -15.677558898925781
endloop
endfacet
facet normal -0.38268060569214735 -0.9238807033524898 0
outer loop
vertex -51.54195785522461 -56.54205322265625 -1
vertex -50.62310028076172 -56.92265319824219 -15.677558898925781
vertex -50.62310028076172 -56.92265319824219 -1
endloop
endfacet
facet normal -0.7071067811865476 -0.7071067811865476 0
outer loop
vertex -53.97502899169922 -54.10898208618164 -1
vertex -51.54195785522461 -56.54205322265625 -15.652363777160645
vertex -51.54195785522461 -56.54205322265625 -1
endloop
endfacet
facet normal -0.9993693904102386 0.03550804853928086 0
outer loop
vertex -70.1028823852539 34.87091064453125 -1
vertex -70.13619232177734 33.933406829833984 -6.727372169494629
vertex -70.13619232177734 33.933406829833984 -1
endloop
endfacet
facet normal 0 0 1
outer loop
vertex 66.06678771972656 22.120777130126953 0
vertex 67.4352798461914 20.752290725708008 0
vertex 66.96488952636719 23.36324119567871 0
endloop
endfacet
facet normal 0 0 1
outer loop
vertex 66.38597869873047 23.620248794555664 0
vertex 65.80950927734375 22.227344512939453 0
vertex 66.96488952636719 23.36324119567871 0
endloop
endfacet
facet normal 0 0 1
outer loop
vertex 1.0418448448181152 41.0032958984375 0
vertex 1.0418448448181152 22.988866806030273 0
vertex 2.3449394702911377 41.79594421386719 0
endloop
endfacet
facet normal 0 0 1
outer loop
vertex -60.03519821166992 55.09083938598633 0
vertex -57.17253494262695 54.50206756591797 0
vertex -57.40386962890625 56.01015853881836 0
endloop
endfacet
facet normal 0 0 1
outer loop
vertex 1.0418448448181152 22.988866806030273 0
vertex 2.5418448448181152 26.186002731323242 0
vertex 2.3449394702911377 41.79594421386719 0
endloop
endfacet
facet normal 0 0 1
outer loop
vertex -60.03519821166992 55.09083938598633 0
vertex -57.45075988769531 54.504215240478516 0
vertex -57.17253494262695 54.50206756591797 0
endloop
endfacet
facet normal 0 -1 0
outer loop
vertex 61.77531051635742 -56.92265319824219 -1
vertex 61.77531051635742 -56.92265319824219 -1.5076520442962646
vertex 66.27531433105469 -56.92265319824219 -1
endloop
endfacet
facet normal 0.3889753045520487 0.9212481817861201 0.000002099769477633348
outer loop
vertex -40.702449798583984 50.261680603027344 -3.5
vertex -42.728599548339844 51.11717224121094 -2.5
vertex -40.51760482788086 50.183631896972656 -2.5
endloop
endfacet
facet normal -0.9185315733382977 0.395347630296011 0
outer loop
vertex -61.331695556640625 55.24946212768555 -1
vertex -70.1028823852539 34.87091064453125 -6.704422473907471
vertex -70.1028823852539 34.87091064453125 -1
endloop
endfacet
facet normal 0 0 1
outer loop
vertex -42.023101806640625 -55.72265625 0
vertex -47.12310028076172 -55.72265625 0
vertex -42.023101806640625 -55.92265319824219 0
endloop
endfacet
facet normal 0.9343649667993477 0.356317427047926 0
outer loop
vertex 3.5418448448181152 41.46380615234375 -1
vertex 3.2136693000793457 42.32437515258789 -6.027316093444824
vertex 3.2136693000793457 42.32437515258789 -1
endloop
endfacet
facet normal 0 0 1
outer loop
vertex 62.966651916503906 -55.684593200683594 0
vertex 57.67531204223633 -55.92265319824219 0
vertex 66.0889892578125 -55.92265319824219 0
endloop
endfacet
facet normal 0 0 1
outer loop
vertex 63.12886428833008 -55.576210021972656 0
vertex 62.966651916503906 -55.684593200683594 0
vertex 66.61044311523438 -55.721351623535156 0
endloop
endfacet
facet normal 0 0 1
outer loop
vertex 63.23725128173828 -55.413997650146484 0
vertex 63.12886428833008 -55.576210021972656 0
vertex 66.61044311523438 -55.721351623535156 0
endloop
endfacet
facet normal 1 0 0
outer loop
vertex 3.5418448448181152 26.186002731323242 -1
vertex 3.5418448448181152 41.46380615234375 -6.039239883422852
vertex 3.5418448448181152 41.46380615234375 -1
endloop
endfacet
facet normal 0 0 1
outer loop
vertex 63.27531051635742 -55.22265625 0
vertex 63.23725128173828 -55.413997650146484 0
vertex 66.61044311523438 -55.721351623535156 0
endloop
endfacet
facet normal 0.7460755276003049 0.6658613272415844 -4.9002713236852994e-8
outer loop
vertex 3.2136693000793457 42.32437515258789 -1
vertex 3.089885950088501 42.463069915771484 -6.082528114318848
vertex 1.1165685653686523 44.67410659790039 -5.861836910247803
endloop
endfacet
facet normal 0.4188805168342589 0.9080413606310366 0
outer loop
vertex 1.1165685653686523 44.67410659790039 -5.861836910247803
vertex 0.9948921799659729 44.7302360534668 -5.9138407707214355
vertex 1.1165685653686523 44.67410659790039 -1
endloop
endfacet
facet normal 0 0 1
outer loop
vertex 66.61044311523438 -55.721351623535156 0
vertex 62.966651916503906 -55.684593200683594 0
vertex 66.0889892578125 -55.92265319824219 0
endloop
endfacet
facet normal 0 0 1
outer loop
vertex 66.61044311523438 -55.721351623535156 0
vertex 65.80950927734375 -54.42265319824219 0
vertex 63.27531051635742 -55.22265625 0
endloop
endfacet
facet normal 0 0 1
outer loop
vertex 63.27531051635742 -54.42265319824219 0
vertex 63.27531051635742 -55.22265625 0
vertex 65.80950927734375 -54.42265319824219 0
endloop
endfacet
facet normal 0.3889753044701507 0.9212481815921532 -0.000020627767889018875
outer loop
vertex -42.728599548339844 51.11717224121094 -1.100000023841858
vertex -39.08930969238281 49.580570220947266 -1
vertex -40.51760482788086 50.183631896972656 -1.100000023841858
endloop
endfacet
facet normal 0 -1 0
outer loop
vertex -50.62310028076172 -56.92265319824219 -1
vertex -47.62310028076172 -56.92265319824219 -4
vertex -42.023101806640625 -56.92265319824219 -4
endloop
endfacet
facet normal 0.41888077653150296 0.9080412408323563 -7.799043242432152e-9
outer loop
vertex 0.9948921799659729 44.7302360534668 -5.9138407707214355
vertex 0.17272131145000458 45.10950469970703 -5.8759846687316895
vertex 1.1165685653686523 44.67410659790039 -1
endloop
endfacet
facet normal 0.02227050854088579 0.9997519814680691 0
outer loop
vertex 0.12134730070829391 45.11064910888672 -5.898594379425049
vertex 0.17272131145000458 45.10950469970703 -1
vertex 0.17272131145000458 45.10950469970703 -5.8759846687316895
endloop
endfacet
facet normal 0 0 1
outer loop
vertex 66.06678771972656 -54.31608581542969 0
vertex 65.80950927734375 -54.42265319824219 0
vertex 66.61044311523438 -55.721351623535156 0
endloop
endfacet
facet normal 0.934365244465962 0.35631669892673073 -1.427644310033605e-7
outer loop
vertex 3.468238115310669 41.656822204589844 -6.09394645690918
vertex 3.2136693000793457 42.32437515258789 -6.027316093444824
vertex 3.5418448448181152 41.46380615234375 -1
endloop
endfacet
facet normal 0.9343639900683002 0.3563199883021516 0
outer loop
vertex 3.5418448448181152 41.46380615234375 -6.039239883422852
vertex 3.468238115310669 41.656822204589844 -6.09394645690918
vertex 3.5418448448181152 41.46380615234375 -1
endloop
endfacet
facet normal 0 -1 0
outer loop
vertex -50.62310028076172 -56.92265319824219 -1
vertex -42.023101806640625 -56.92265319824219 -4
vertex -46.12310028076172 -56.92265319824219 -1.5076520442962646
endloop
endfacet
facet normal 0 -1 0
outer loop
vertex -46.12310028076172 -56.92265319824219 -1.5076520442962646
vertex -42.023101806640625 -56.92265319824219 -4
vertex -45.375877380371094 -56.92265319824219 -1.5589157342910767
endloop
endfacet
facet normal 0 -1 0
outer loop
vertex -45.375877380371094 -56.92265319824219 -1.5589157342910767
vertex -42.023101806640625 -56.92265319824219 -4
vertex -44.66401290893555 -56.92265319824219 -1.5949000120162964
endloop
endfacet
facet normal 0.7460746355152852 0.6658623267919085 0
outer loop
vertex 3.2136693000793457 42.32437515258789 -6.027316093444824
vertex 3.089885950088501 42.463069915771484 -6.082528114318848
vertex 3.2136693000793457 42.32437515258789 -1
endloop
endfacet
facet normal 1 0 0
outer loop
vertex 3.5418448448181152 26.186002731323242 -1
vertex 3.5418448448181152 27.205617904663086 -7.462396144866943
vertex 3.5418448448181152 41.46380615234375 -6.039239883422852
endloop
endfacet
facet normal -3.9104854245244185e-14 1.8131135358928702e-12 1
outer loop
vertex 5.00172233581543 23.722043991088867 -2.5849886467477212e-12
vertex 1.803367257118225 22.227344512939453 0
vertex 66.38597869873047 23.620248794555664 0
endloop
endfacet
facet normal 0 0 1
outer loop
vertex -57.45075988769531 54.504215240478516 0
vertex -60.4962158203125 54.66115951538086 0
vertex -59.24299240112305 53.77870559692383 0
endloop
endfacet
facet normal 0.38897407884204094 0.9212486993146779 0
outer loop
vertex -39.08930969238281 49.580570220947266 -1
vertex -40.51760482788086 50.183631896972656 -2.5
vertex -40.51760482788086 50.183631896972656 -1.100000023841858
endloop
endfacet
facet normal 0.001658323408987947 0.9999986249807846 -1.0543318688346159e-7
outer loop
vertex 56.075313568115234 24.637348175048828 -1.100000023841858
vertex 5.833359241485596 24.720664978027344 -7.934250831604004
vertex 5.00338077545166 24.722042083740234 -1
endloop
endfacet
facet normal 0 -1 0
outer loop
vertex -41.22310256958008 -56.92265319824219 -1.6661099195480347
vertex -41.22310256958008 -56.92265319824219 -4
vertex -35.62310028076172 -56.92265319824219 -4
endloop
endfacet
facet normal 0 0 1
outer loop
vertex -60.03519821166992 55.09083938598633 0
vertex -60.4962158203125 54.66115951538086 0
vertex -57.45075988769531 54.504215240478516 0
endloop
endfacet
facet normal 0 0 1
outer loop
vertex 66.96488952636719 23.36324119567871 0
vertex 69.04225158691406 20.772876739501953 0
vertex 68.8409194946289 21.295528411865234 0
endloop
endfacet
facet normal 0 -1 0
outer loop
vertex -44.66401290893555 -56.92265319824219 -1.5949000120162964
vertex -42.023101806640625 -56.92265319824219 -4
vertex -43.98890686035156 -56.92265319824219 -1.6254053115844727
endloop
endfacet
facet normal 0 -1 0
outer loop
vertex -43.98890686035156 -56.92265319824219 -1.6254053115844727
vertex -42.023101806640625 -56.92265319824219 -4
vertex -42.76922607421875 -56.92265319824219 -1.6591570377349854
endloop
endfacet
facet normal 0 -1 0
outer loop
vertex -42.76922607421875 -56.92265319824219 -1.6591570377349854
vertex -42.023101806640625 -56.92265319824219 -4
vertex -42.023101806640625 -56.92265319824219 -1.6661099195480347
endloop
endfacet
facet normal 0 0 1
outer loop
vertex -39.74808120727539 47.14501190185547 0
vertex -39.08985900878906 48.53831481933594 0
vertex -39.17698669433594 48.56166076660156 0
endloop
endfacet
facet normal 0 0 1
outer loop
vertex -69.13016510009766 34.08539581298828 0
vertex -68.21138000488281 31.4495849609375 0
vertex -67.6211166381836 34.313377380371094 0
endloop
endfacet
facet normal 0 0 1
outer loop
vertex 66.06678771972656 -54.31608581542969 0
vertex 66.61044311523438 -55.721351623535156 0
vertex 68.67780303955078 -53.84564208984375 0
endloop
endfacet
facet normal 0 0 1
outer loop
vertex -60.4962158203125 54.66115951538086 0
vertex -67.6211166381836 34.313377380371094 0
vertex -59.441375732421875 53.583621978759766 0
endloop
endfacet
facet normal 0 -1 0
outer loop
vertex -41.22310256958008 -56.92265319824219 -1.6661099195480347
vertex -24.28315544128418 -56.92265319824219 -3.450000047683716
vertex -40.47697830200195 -56.92265319824219 -1.6591570377349854
endloop
endfacet
facet normal 0 0 1
outer loop
vertex 67.4352798461914 -52.947601318359375 0
vertex 66.06678771972656 -54.31608581542969 0
vertex 68.934814453125 -53.26655578613281 0
endloop
endfacet
facet normal 0 0 1
outer loop
vertex -68.21138000488281 31.4495849609375 0
vertex -66.8985595703125 32.24050521850586 0
vertex -67.62354278564453 34.034912109375 0
endloop
endfacet
facet normal 0 0 1
outer loop
vertex 68.934814453125 -53.26655578613281 0
vertex 66.06678771972656 -54.31608581542969 0
vertex 68.67780303955078 -53.84564208984375 0
endloop
endfacet
facet normal 0 0 1
outer loop
vertex 67.5418472290039 -52.6903190612793 0
vertex 67.4352798461914 -52.947601318359375 0
vertex 68.934814453125 -53.26655578613281 0
endloop
endfacet
facet normal 0.999998947237558 -0.0014510422648854882 -3.4833987922580256e-7
outer loop
vertex 69.93450927734375 -53.47919464111328 -1
vertex 69.9347915649414 -53.28117370605469 -15.495743751525879
vertex 70.04251861572266 20.95812225341797 -8.085688591003418
endloop
endfacet
facet normal 0.03169713700379538 0.9994975195095597 0
outer loop
vertex -57.55809020996094 57.01555252075195 -4.696461200714111
vertex -57.55809020996094 57.01555252075195 -1
vertex -56.62850570678711 56.9860725402832 -1
endloop
endfacet
facet normal -0.3298242889995892 0.9440423392972983 0
outer loop
vertex -60.56333923339844 55.96559524536133 -4.750087738037109
vertex -60.56333923339844 55.96559524536133 -1
vertex -57.55809020996094 57.01555252075195 -1
endloop
endfacet
facet normal 0 -1 0
outer loop
vertex -50.62310028076172 -56.92265319824219 -1
vertex -46.12310028076172 -56.92265319824219 -1.5076520442962646
vertex -46.12310028076172 -56.92265319824219 -1
endloop
endfacet
facet normal 0 0 1
outer loop
vertex 2.6758193969726562 25.686002731323242 0
vertex 1.0418448448181152 22.988866806030273 0
vertex 2.7758004665374756 25.543214797973633 0
endloop
endfacet
facet normal 0 0 1
outer loop
vertex 1.0418448448181152 22.988866806030273 0
vertex 2.8341519832611084 25.479482650756836 0
vertex 2.7758004665374756 25.543214797973633 0
endloop
endfacet
facet normal -0.6818095382598405 0.7315297352383586 0
outer loop
vertex -60.56333923339844 55.96559524536133 -1
vertex -61.331695556640625 55.24946212768555 -4.745667457580566
vertex -61.331695556640625 55.24946212768555 -1
endloop
endfacet
facet normal 0 0 1
outer loop
vertex -66.703369140625 32.04187774658203 0
vertex -66.8985595703125 32.24050521850586 0
vertex -68.21138000488281 31.4495849609375 0
endloop
endfacet
facet normal 0 0 1
outer loop
vertex 68.934814453125 -53.26655578613281 0
vertex 69.04225158691406 20.772876739501953 0
vertex 67.5418472290039 -52.6903190612793 0
endloop
endfacet
facet normal 0.9999989472857324 -0.001451009106480434 0
outer loop
vertex 69.93450927734375 -53.47919464111328 -1
vertex 70.04251861572266 20.95812225341797 -8.085688591003418
vertex 70.04251861572266 20.95812225341797 -1
endloop
endfacet
facet normal 0.03171382466197467 0.9994969901532018 0
outer loop
vertex -56.62850570678711 56.9860725402832 -4.693887710571289
vertex -56.67695617675781 56.98760986328125 -4.713052272796631
vertex -56.62850570678711 56.9860725402832 -1
endloop
endfacet
facet normal 0.031696986969818354 0.9994975242675624 2.1993097443545802e-7
outer loop
vertex -56.67695617675781 56.98760986328125 -4.713052272796631
vertex -57.52366638183594 57.014461517333984 -4.710372447967529
vertex -56.62850570678711 56.9860725402832 -1
endloop
endfacet
facet normal 0 0 1
outer loop
vertex 1.0418448448181152 22.988866806030273 0
vertex 2.557037115097046 26.01235580444336 0
vertex 2.5418448448181152 26.186002731323242 0
endloop
endfacet
facet normal 0 0 1
outer loop
vertex 1.0418448448181152 22.988866806030273 0
vertex 2.6021523475646973 25.843982696533203 0
vertex 2.557037115097046 26.01235580444336 0
endloop
endfacet
facet normal 0 0 1
outer loop
vertex 1.0418448448181152 22.988866806030273 0
vertex 2.6758193969726562 25.686002731323242 0
vertex 2.6021523475646973 25.843982696533203 0
endloop
endfacet
facet normal 0.03167918177894804 0.9994980887532436 0.000004519912195628821
outer loop
vertex -57.52366638183594 57.014461517333984 -4.710372447967529
vertex -57.55809020996094 57.01555252075195 -4.696461200714111
vertex -56.62850570678711 56.9860725402832 -1
endloop
endfacet
facet normal -0.32982428899958927 0.9440423392972984 0
outer loop
vertex -57.55809020996094 57.01555252075195 -4.696461200714111
vertex -60.56333923339844 55.96559524536133 -4.750087738037109
vertex -57.55809020996094 57.01555252075195 -1
endloop
endfacet
facet normal -0.6818095382598405 0.7315297352383586 0
outer loop
vertex -60.56333923339844 55.96559524536133 -4.750087738037109
vertex -61.331695556640625 55.24946212768555 -4.745667457580566
vertex -60.56333923339844 55.96559524536133 -1
endloop
endfacet
facet normal 0 0 1
outer loop
vertex -67.6211166381836 34.313377380371094 0
vertex -68.21138000488281 31.4495849609375 0
vertex -67.62354278564453 34.034912109375 0
endloop
endfacet
facet normal 0 0 1
outer loop
vertex 67.5418472290039 20.495010375976562 0
vertex 67.5418472290039 -52.6903190612793 0
vertex 69.04225158691406 20.772876739501953 0
endloop
endfacet
facet normal 0 0 1
outer loop
vertex 66.96488952636719 23.36324119567871 0
vertex 67.5418472290039 20.495010375976562 0
vertex 69.04225158691406 20.772876739501953 0
endloop
endfacet
facet normal -1.5050103933971831e-12 4.949855399107928e-12 1
outer loop
vertex 4.829732418060303 23.737234115600586 -2.9190241803561667e-12
vertex 1.803367257118225 22.227344512939453 0
vertex 5.00172233581543 23.722043991088867 -2.5849886467477212e-12
endloop
endfacet
facet normal -1.5049868328750945e-12 4.949811318374598e-12 1
outer loop
vertex 4.50338077545166 23.856016159057617 -3.9981325541949e-12
vertex 1.803367257118225 22.227344512939453 0
vertex 4.661360740661621 23.7823486328125 -3.3957344314911042e-12
endloop
endfacet
facet normal 0 0 1
outer loop
vertex -50.975502014160156 -55.69429397583008 0
vertex -50.424190521240234 -55.92265319824219 0
vertex -50.38309860229492 -54.31608581542969 0
endloop
endfacet
facet normal 0 0 1
outer loop
vertex -50.38309860229492 -54.31608581542969 0
vertex -50.424190521240234 -55.92265319824219 0
vertex -50.12582015991211 -54.42265319824219 0
endloop
endfacet
facet normal 0 0 1
outer loop
vertex -50.12582015991211 -54.42265319824219 0
vertex -50.424190521240234 -55.92265319824219 0
vertex -48.78315353393555 -54.78265380859375 0
endloop
endfacet
facet normal 0 0 1
outer loop
vertex -50.424190521240234 -55.92265319824219 0
vertex -47.3144416809082 -55.684593200683594 0
vertex -47.476654052734375 -55.576210021972656 0
endloop
endfacet
facet normal 0 0 1
outer loop
vertex -47.12310028076172 -55.72265625 0
vertex -47.3144416809082 -55.684593200683594 0
vertex -50.424190521240234 -55.92265319824219 0
endloop
endfacet
facet normal 0 0 1
outer loop
vertex -48.78315353393555 -54.78265380859375 0
vertex -50.424190521240234 -55.92265319824219 0
vertex -47.58504104614258 -55.413997650146484 0
endloop
endfacet
facet normal 0 0 1
outer loop
vertex -47.58504104614258 -55.413997650146484 0
vertex -50.424190521240234 -55.92265319824219 0
vertex -47.476654052734375 -55.576210021972656 0
endloop
endfacet
facet normal 0 0 1
outer loop
vertex -51.7515869140625 -52.947601318359375 0
vertex -51.858154296875 -52.6903190612793 0
vertex -53.12828063964844 -53.5415153503418 0
endloop
endfacet
facet normal 0 0 1
outer loop
vertex -50.38309860229492 -54.31608581542969 0
vertex -51.7515869140625 -52.947601318359375 0
vertex -53.12828063964844 -53.5415153503418 0
endloop
endfacet
facet normal 0 0 1
outer loop
vertex -50.38309860229492 -54.31608581542969 0
vertex -53.12828063964844 -53.5415153503418 0
vertex -50.975502014160156 -55.69429397583008 0
endloop
endfacet
facet normal 0 0 1
outer loop
vertex -48.78315353393555 -54.42265319824219 0
vertex -50.12582015991211 -54.42265319824219 0
vertex -48.78315353393555 -54.78265380859375 0
endloop
endfacet
facet normal -1.505005718300416e-12 4.949846028522188e-12 1
outer loop
vertex 1.803367257118225 22.227344512939453 0
vertex 4.829732418060303 23.737234115600586 -2.9190241803561667e-12
vertex 4.661360740661621 23.7823486328125 -3.3957344314911042e-12
endloop
endfacet
facet normal -1.5049851800724568e-12 4.949808578356697e-12 1
outer loop
vertex 4.360592842102051 23.955997467041016 -4.707914613710784e-12
vertex 1.803367257118225 22.227344512939453 0
vertex 4.50338077545166 23.856016159057617 -3.9981325541949e-12
endloop
endfacet
facet normal -1.505008206787695e-12 4.949842642166443e-12 1
outer loop
vertex 4.298380374908447 24.01820945739746 -5.109484450122048e-12
vertex 1.803367257118225 22.227344512939453 0
vertex 4.360592842102051 23.955997467041016 -4.707914613710784e-12
endloop
endfacet
facet normal 2.6509894295070667e-12 -8.402470305077687e-13 1
outer loop
vertex 2.8341519832611084 25.479482650756836 0
vertex 1.803367257118225 22.227344512939453 0
vertex 4.298380374908447 24.01820945739746 -5.109484450122048e-12
endloop
endfacet
facet normal 0 0 1
outer loop
vertex 1.0418448448181152 22.988866806030273 0
vertex 1.803367257118225 22.227344512939453 0
vertex 2.8341519832611084 25.479482650756836 0
endloop
endfacet
facet normal -0.9185315733382977 0.39534763029601094 0
outer loop
vertex -61.331695556640625 55.24946212768555 -4.745667457580566
vertex -70.1028823852539 34.87091064453125 -6.704422473907471
vertex -61.331695556640625 55.24946212768555 -1
endloop
endfacet
facet normal 0 0 1
outer loop
vertex -47.58504104614258 -55.413997650146484 0
vertex -47.62310028076172 -55.22265625 0
vertex -48.78315353393555 -54.78265380859375 0
endloop
endfacet
facet normal 0 0 1
outer loop
vertex -47.62310028076172 -54.78265380859375 0
vertex -48.78315353393555 -54.78265380859375 0
vertex -47.62310028076172 -55.22265625 0
endloop
endfacet
facet normal 0 0 1
outer loop
vertex -60.4962158203125 54.66115951538086 0
vertex -69.13016510009766 34.08539581298828 0
vertex -67.6211166381836 34.313377380371094 0
endloop
endfacet
facet normal 0 0 1
outer loop
vertex -69.11017608642578 34.64789962768555 0
vertex -69.13016510009766 34.08539581298828 0
vertex -60.4962158203125 54.66115951538086 0
endloop
endfacet
facet normal 1 0 0
outer loop
vertex 3.5418448448181152 26.186002731323242 -7.836047172546387
vertex 3.5418448448181152 26.39765167236328 -7.708644866943359
vertex 3.5418448448181152 26.186002731323242 -1
endloop
endfacet
facet normal 0 0 1
outer loop
vertex -47.12310028076172 -55.72265625 0
vertex -50.424190521240234 -55.92265319824219 0
vertex -42.023101806640625 -55.92265319824219 0
endloop
endfacet
facet normal 0.7076900980005097 0.7065229827761279 0.0000010733419055914876
outer loop
vertex 3.716284990310669 26.011274337768555 -7.778161525726318
vertex 3.5418448448181152 26.186002731323242 -7.836047172546387
vertex 5.00338077545166 24.722042083740234 -1
endloop
endfacet
facet normal 0.7076944095213061 0.7065186641073034 -5.667941911225465e-7
outer loop
vertex 4.015292644500732 25.711769104003906 -7.764714241027832
vertex 3.716284990310669 26.011274337768555 -7.778161525726318
vertex 5.00338077545166 24.722042083740234 -1
endloop
endfacet
facet normal 0.7076923905085166 0.7065206864744533 9.144726085665716e-8
outer loop
vertex 3.5418448448181152 26.186002731323242 -7.836047172546387
vertex 3.883467197418213 25.843812942504883 -1
vertex 5.00338077545166 24.722042083740234 -1
endloop
endfacet
facet normal 0.707693303945088 0.7065197715218486 0
outer loop
vertex 3.5418448448181152 26.186002731323242 -7.836047172546387
vertex 3.5418448448181152 26.186002731323242 -1
vertex 3.883467197418213 25.843812942504883 -1
endloop
endfacet
facet normal 0.7076925306418852 0.7065205461086635 -1.7005105989731466e-8
outer loop
vertex 5.00338077545166 24.722042083740234 -1
vertex 4.310510635375977 25.416061401367188 -7.794229984283447
vertex 4.015292644500732 25.711769104003906 -7.764714241027832
endloop
endfacet
facet normal 0.7076935478266299 0.7065195272350984 -2.2481303657861966e-7
outer loop
vertex 5.00338077545166 24.722042083740234 -1
vertex 4.615532398223877 25.110532760620117 -7.87119722366333
vertex 4.310510635375977 25.416061401367188 -7.794229984283447
endloop
endfacet
facet normal 0.0016591599989885762 0.9999986235931015 -5.2992844230422265e-9
outer loop
vertex 5.833359241485596 24.720664978027344 -7.934250831604004
vertex 5.394217491149902 24.721393585205078 -7.981647491455078
vertex 5.00338077545166 24.722042083740234 -1
endloop
endfacet
facet normal 0 0 1
outer loop
vertex -66.703369140625 32.04187774658203 0
vertex -68.21138000488281 31.4495849609375 0
vertex -55.201290130615234 25.544668197631836 0
endloop
endfacet
facet normal 0 0 1
outer loop
vertex -67.78276062011719 30.988611221313477 0
vertex -55.201290130615234 25.544668197631836 0
vertex -68.21138000488281 31.4495849609375 0
endloop
endfacet
facet normal 0.0016592546616250588 0.9999986234360364 0
outer loop
vertex 5.394217491149902 24.721393585205078 -7.981647491455078
vertex 5.00338077545166 24.722042083740234 -8.107619285583496
vertex 5.00338077545166 24.722042083740234 -1
endloop
endfacet
facet normal 0.7076940019214354 0.7065190723854688 0
outer loop
vertex 5.00338077545166 24.722042083740234 -8.107619285583496
vertex 4.9388651847839355 24.786664962768555 -8.052667617797852
vertex 5.00338077545166 24.722042083740234 -1
endloop
endfacet
facet normal 0.7076910873674488 0.7065219917742654 5.3411489300811894e-8
outer loop
vertex 4.9388651847839355 24.786664962768555 -8.052667617797852
vertex 4.615532398223877 25.110532760620117 -7.87119722366333
vertex 5.00338077545166 24.722042083740234 -1
endloop
endfacet
facet normal 1 0 0
outer loop
vertex 3.5418448448181152 26.186002731323242 -1
vertex 3.5418448448181152 26.81365203857422 -7.540896415710449
vertex 3.5418448448181152 27.205617904663086 -7.462396144866943
endloop
endfacet
facet normal -0.0000011191707734914146 0.09931851037186012 -0.9950556936655668
outer loop
vertex 66.38818359375 23.936931610107422 -8.778716087341309
vertex 66.97196960449219 23.677757263183594 -8.804585456848145
vertex 68.85274505615234 21.60481834411621 -9.011491775512695
endloop
endfacet
facet normal 4.5936180241905827e-8 0.09931975836644502 -0.9950555691005547
outer loop
vertex 68.94963836669922 -52.97570037841797 -16.455617904663086
vertex 66.38818359375 23.936931610107422 -8.778716087341309
vertex 69.05709075927734 21.07434844970703 -9.06443977355957
endloop
endfacet
facet normal -0.000001324428073033374 0.0993182384502823 -0.9950557208063169
outer loop
vertex -53.13971710205078 -53.258506774902344 -16.483844757080078
vertex -53.37131118774414 -52.703704833984375 -16.428468704223633
vertex -50.426239013671875 -55.64636993408203 -16.722185134887695
endloop
endfacet
facet normal 2.8017057576287744e-7 0.09931997459880222 -0.9950555475176323
outer loop
vertex 69.05709075927734 21.07434844970703 -9.06443977355957
vertex 66.38818359375 23.936931610107422 -8.778716087341309
vertex 68.85274505615234 21.60481834411621 -9.011491775512695
endloop
endfacet
facet normal 0.000005524545813406209 0.09932594459006905 -0.9950549515985386
outer loop
vertex -50.98209762573242 -55.4161262512207 -16.69920539855957
vertex -53.13971710205078 -53.258506774902344 -16.483844757080078
vertex -50.426239013671875 -55.64636993408203 -16.722185134887695
endloop
endfacet
facet normal 1.107140126946651e-7 0.09931966059811659 -0.9950555788591222
outer loop
vertex -50.426239013671875 -55.64636993408203 -16.722185134887695
vertex -53.37131118774414 -52.703704833984375 -16.428468704223633
vertex -37.78315353393555 -36.28265380859375 -14.789429664611816
endloop
endfacet
facet normal -5.290298502716676e-9 0.0993197451928428 -0.9950555704154561
outer loop
vertex 68.94963836669922 -52.97570037841797 -16.455617904663086
vertex -57.40544509887695 56.326900482177734 -5.545767784118652
vertex 3.4247214794158936 25.210697174072266 -8.651577949523926
endloop
endfacet
facet normal 0.0000014541057700698764 0.09931839792406706 -0.9950557048887676
outer loop
vertex -37.78315353393555 -36.28265380859375 -14.789429664611816
vertex -53.37131118774414 -52.703704833984375 -16.428468704223633
vertex -37.9744987487793 -36.24459457397461 -14.78563117980957
endloop
endfacet
facet normal 0.0000016138253958918304 0.09931827670776998 -0.9950557169873426
outer loop
vertex -53.37131118774414 -52.703704833984375 -16.428468704223633
vertex -38.245094299316406 -35.973995208740234 -14.758622169494629
vertex -38.1367073059082 -36.136207580566406 -14.774812698364258
endloop
endfacet
facet normal 2.0951290056734075e-8 0.09931978481225774 -0.995055566460912
outer loop
vertex 2.556678056716919 41.58104705810547 -7.017599105834961
vertex -20.898672103881836 44.901283264160156 -6.6861958503723145
vertex 2.3568220138549805 42.105125427246094 -6.965289115905762
endloop
endfacet
facet normal -8.234172420507749e-8 0.0993198210289815 -0.9950555628459973
outer loop
vertex -37.9744987487793 -36.24459457397461 -14.78563117980957
vertex -53.37131118774414 -52.703704833984375 -16.428468704223633
vertex -38.1367073059082 -36.136207580566406 -14.774812698364258
endloop
endfacet
facet normal 5.816820265684092e-7 0.0993192007178638 -0.995055624760961
outer loop
vertex -38.245094299316406 -35.973995208740234 -14.758622169494629
vertex -53.37131118774414 -52.703704833984375 -16.428468704223633
vertex -38.28315353393555 -35.78265380859375 -14.739523887634277
endloop
endfacet
facet normal -1.3807422530429602e-8 0.09931949857757731 -0.9950555950309
outer loop
vertex -20.898672103881836 44.901283264160156 -6.6861958503723145
vertex -0.05500021204352379 44.43102264404297 -6.7331342697143555
vertex 2.3568220138549805 42.105125427246094 -6.965289115905762
endloop
endfacet
facet normal 1.939426623362111e-8 0.0993197739213803 -0.9950555675479664
outer loop
vertex 2.556678056716919 27.303462982177734 -8.442691802978516
vertex -20.898672103881836 44.901283264160156 -6.6861958503723145
vertex 2.556678056716919 41.58104705810547 -7.017599105834961
endloop
endfacet
facet normal -1.7660264873244718e-7 0.09931951526276067 -0.9950555933654858
outer loop
vertex 2.614037275314331 26.723966598510742 -8.500533103942871
vertex -20.898672103881836 44.901283264160156 -6.6861958503723145
vertex 2.556678056716919 27.303462982177734 -8.442691802978516
endloop
endfacet
facet normal 8.799001475178694e-7 0.09932086838861764 -0.9950554583045894
outer loop
vertex 2.7839105129241943 26.166738510131836 -8.55615234375
vertex -20.898672103881836 44.901283264160156 -6.6861958503723145
vertex 2.614037275314331 26.723966598510742 -8.500533103942871
endloop
endfacet
facet normal 4.3051290914928365e-7 0.09932030591615884 -0.9950555144475787
outer loop
vertex 2.7839105129241943 26.166738510131836 -8.55615234375
vertex -21.41434669494629 44.95182418823242 -6.681151390075684
vertex -20.898672103881836 44.901283264160156 -6.6861958503723145
endloop
endfacet
facet normal -4.98676456787442e-7 0.09931912077573447 -0.9950556327402436
outer loop
vertex 2.7839105129241943 26.166738510131836 -8.55615234375
vertex -21.478395462036133 44.96522903442383 -6.679813385009766
vertex -21.41434669494629 44.95182418823242 -6.681151390075684
endloop
endfacet
facet normal -3.879443298320179e-7 0.09931932480447886 -0.9950556123756258
outer loop
vertex -41.42801284790039 49.66961669921875 -6.21025276184082
vertex -41.225650787353516 49.73441696166992 -6.203784942626953
vertex -39.42473220825195 48.97857666015625 -6.279228210449219
endloop
endfacet
facet normal -1.9613752079512712e-7 0.09931987535509629 -0.9950555574235088
outer loop
vertex -41.62310028076172 49.6504020690918 -6.212170600891113
vertex -41.42801284790039 49.66961669921875 -6.21025276184082
vertex -39.42473220825195 48.97857666015625 -6.279228210449219
endloop
endfacet
facet normal -6.291983915847747e-7 0.09931859637225628 -0.9950556850821209
outer loop
vertex 3.05976939201355 25.653194427490234 -8.607410430908203
vertex -39.42473220825195 48.97857666015625 -6.279228210449219
vertex 2.7839105129241943 26.166738510131836 -8.55615234375
endloop
endfacet
facet normal -1.1738618324010237e-7 0.09931981791389498 -0.9950555631569209
outer loop
vertex -38.28315353393555 -35.78265380859375 -14.739523887634277
vertex -53.37131118774414 -52.703704833984375 -16.428468704223633
vertex -38.28315353393555 -21.782655715942383 -13.342137336730957
endloop
endfacet
facet normal 0 0.09931973217316253 -0.9950555717149928
outer loop
vertex -50.426239013671875 -55.64636993408203 -16.722185134887695
vertex -37.78315353393555 -36.28265380859375 -14.789429664611816
vertex -18.78315544128418 -36.28265380859375 -14.789429664611816
endloop
endfacet
facet normal -3.603294820866827e-7 0.09931894033356077 -0.9950556507506948
outer loop
vertex -56.843326568603516 56.30907440185547 -5.547546863555908
vertex -42.33020782470703 49.943294525146484 -6.182936191558838
vertex -42.178672790527344 49.818931579589844 -6.195349216461182
endloop
endfacet
facet normal 7.331498585621764e-7 0.09932140872687661 -0.9950554043710185
outer loop
vertex -56.843326568603516 56.30907440185547 -5.547546863555908
vertex -42.45457077026367 50.09483337402344 -6.167810440063477
vertex -42.33020782470703 49.943294525146484 -6.182936191558838
endloop
endfacet
facet normal -7.714636360108807e-7 0.09931795923779298 -0.9950557486755428
outer loop
vertex -56.843326568603516 56.30907440185547 -5.547546863555908
vertex -42.554962158203125 50.29402542114258 -6.147928714752197
vertex -42.45457077026367 50.09483337402344 -6.167810440063477
endloop
endfacet
facet normal 9.688738773931679e-7 0.09932147836463641 -0.9950553974199248
outer loop
vertex -39.42473220825195 48.97857666015625 -6.279228210449219
vertex 3.05976939201355 25.653194427490234 -8.607410430908203
vertex 3.4247214794158936 25.210697174072266 -8.651577949523926
endloop
endfacet
facet normal 3.7748326761599185e-7 0.0993204861088769 -0.9950554964618576
outer loop
vertex -56.843326568603516 56.30907440185547 -5.547546863555908
vertex 3.4247214794158936 25.210697174072266 -8.651577949523926
vertex -57.40544509887695 56.326900482177734 -5.545767784118652
endloop
endfacet
facet normal -2.578679307981498e-7 0.09932018464006963 -0.9950555265526623
outer loop
vertex -57.40544509887695 56.326900482177734 -5.545767784118652
vertex -60.50743103027344 54.97152328491211 -5.681052207946777
vertex -60.04125213623047 55.4060173034668 -5.637683868408203
endloop
endfacet
facet normal 1.7717359569726832e-8 0.099319752639419 -0.9950555696721889
outer loop
vertex -38.28315353393555 -21.782655715942383 -13.342137336730957
vertex -53.37131118774414 -52.703704833984375 -16.428468704223633
vertex -53.789329528808594 23.099863052368164 -8.862266540527344
endloop
endfacet
facet normal 0.000006004254936861596 0.09932869996805913 -0.9950546765512961
outer loop
vertex -55.281883239746094 25.806774139404297 -8.592081069946289
vertex -55.752464294433594 26.05706214904785 -8.567099571228027
vertex -69.12482452392578 34.950286865234375 -7.679437637329102
endloop
endfacet
facet normal 4.803640581971412e-8 0.09931985394537228 -0.9950555595605041
outer loop
vertex 3.4247214794158936 25.210697174072266 -8.651577949523926
vertex -56.843326568603516 56.30907440185547 -5.547546863555908
vertex -42.178672790527344 49.818931579589844 -6.195349216461182
endloop
endfacet
facet normal -2.5709572516175002e-8 0.09931972518974687 -0.9950555724120298
outer loop
vertex 2.7839105129241943 26.166738510131836 -8.55615234375
vertex -38.908870697021484 48.812355041503906 -6.29581880569458
vertex -21.478395462036133 44.96522903442383 -6.679813385009766
endloop
endfacet
facet normal -2.109481679831674e-7 0.09931944662797859 -0.9950556002161224
outer loop
vertex -55.752464294433594 26.05706214904785 -8.567099571228027
vertex -69.14514923095703 34.37771224975586 -7.736588001251221
vertex -69.12482452392578 34.950286865234375 -7.679437637329102
endloop
endfacet
facet normal 0.00000252156917136515 0.09932436871411424 -0.9950551089126594
outer loop
vertex -39.42473220825195 48.97857666015625 -6.279228210449219
vertex -38.908870697021484 48.812355041503906 -6.29581880569458
vertex 2.7839105129241943 26.166738510131836 -8.55615234375
endloop
endfacet
facet normal 1.984570741092038e-8 0.09931981444290448 -0.9950555635033788
outer loop
vertex -55.752464294433594 26.05706214904785 -8.567099571228027
vertex -67.78971099853516 31.26697540283203 -8.047080993652344
vertex -69.14514923095703 34.37771224975586 -7.736588001251221
endloop
endfacet
facet normal -0.0000028877671327304714 0.09931856000874542 -0.9950556887076472
outer loop
vertex -67.78971099853516 31.26697540283203 -8.047080993652344
vertex -68.22340393066406 31.733413696289062 -8.000523567199707
vertex -69.14514923095703 34.37771224975586 -7.736588001251221
endloop
endfacet
facet normal 4.64636861800351e-7 0.09931998980297846 -0.9950555459999809
outer loop
vertex 2.3568220138549805 42.105125427246094 -6.965289115905762
vertex -0.05500021204352379 44.43102264404297 -6.7331342697143555
vertex 0.5161367058753967 44.16755294799805 -6.759431838989258
endloop
endfacet
facet normal -0.0000030438387179860515 0.09931870535512585 -0.9950556741998494
outer loop
vertex -38.245094299316406 -21.591312408447266 -13.323039054870605
vertex -38.28315353393555 -21.782655715942383 -13.342137336730957
vertex -53.789329528808594 23.099863052368164 -8.862266540527344
endloop
endfacet
facet normal -0.0000013800317047345016 0.09931927834310758 -0.9950556170121848
outer loop
vertex -38.1367073059082 -21.429101943969727 -13.306848526000977
vertex -38.245094299316406 -21.591312408447266 -13.323039054870605
vertex -53.789329528808594 23.099863052368164 -8.862266540527344
endloop
endfacet
facet normal 3.923285187430759e-8 0.09931988490658555 -0.9950555564701606
outer loop
vertex 66.09090423583984 -55.64636993408203 -16.722185134887695
vertex -18.591814041137695 -36.24459457397461 -14.78563117980957
vertex -18.429601669311523 -36.136207580566406 -14.774812698364258
endloop
endfacet
facet normal -5.064857598854586e-7 0.09931754410453505 -0.9950557901106788
outer loop
vertex 66.09090423583984 -55.64636993408203 -16.722185134887695
vertex -18.429601669311523 -36.136207580566406 -14.774812698364258
vertex -18.32121467590332 -35.973995208740234 -14.758622169494629
endloop
endfacet
facet normal -1.3716887810163017e-7 0.09931911317306266 -0.9950556334992017
outer loop
vertex 66.09090423583984 -55.64636993408203 -16.722185134887695
vertex -18.32121467590332 -35.973995208740234 -14.758622169494629
vertex -18.28315544128418 -35.78265380859375 -14.739523887634277
endloop
endfacet
facet normal 1.0076373593721717e-7 0.09931979373113997 -0.9950555655706839
outer loop
vertex -37.9744987487793 -21.320714950561523 -13.296030044555664
vertex -38.1367073059082 -21.429101943969727 -13.306848526000977
vertex -53.789329528808594 23.099863052368164 -8.862266540527344
endloop
endfacet
facet normal -0.0000016131335246917042 0.09931918956010283 -0.9950556258735098
outer loop
vertex -37.78315353393555 -21.282655715942383 -13.292231559753418
vertex -37.9744987487793 -21.320714950561523 -13.296030044555664
vertex -53.789329528808594 23.099863052368164 -8.862266540527344
endloop
endfacet
facet normal 0 0.09931976558431434 -0.9950555683801164
outer loop
vertex -37.78315353393555 -21.282655715942383 -13.292231559753418
vertex -53.789329528808594 23.099863052368164 -8.862266540527344
vertex -18.78315544128418 -21.282655715942383 -13.292231559753418
endloop
endfacet
facet normal -0.0000025515264395706346 0.09932386060113277 -0.995055159631252
outer loop
vertex -50.426239013671875 -55.64636993408203 -16.722185134887695
vertex -18.78315544128418 -36.28265380859375 -14.789429664611816
vertex -18.591814041137695 -36.24459457397461 -14.78563117980957
endloop
endfacet
facet normal 0.000004711820937920627 0.09932841149869134 -0.9950547053539044
outer loop
vertex -42.178672790527344 49.818931579589844 -6.195349216461182
vertex -42.00578689575195 49.726524353027344 -6.204572677612305
vertex 3.4247214794158936 25.210697174072266 -8.651577949523926
endloop
endfacet
facet normal 3.03972767488087e-8 0.0993198179138956 -0.9950555631569272
outer loop
vertex 66.09090423583984 -55.64636993408203 -16.722185134887695
vertex -18.28315544128418 -35.78265380859375 -14.739523887634277
vertex -18.28315544128418 -21.782655715942383 -13.342137336730957
endloop
endfacet
facet normal -7.633434994056692e-7 0.09931786029401757 -0.9950557585512659
outer loop
vertex -18.32121467590332 -21.591312408447266 -13.323039054870605
vertex -18.429601669311523 -21.429101943969727 -13.306848526000977
vertex 66.09090423583984 -55.64636993408203 -16.722185134887695
endloop
endfacet
facet normal 2.2388549858420988e-7 0.09932027480600412 -0.9950555175528698
outer loop
vertex 66.09090423583984 -55.64636993408203 -16.722185134887695
vertex -18.429601669311523 -21.429101943969727 -13.306848526000977
vertex -18.591814041137695 -21.320714950561523 -13.296030044555664
endloop
endfacet
facet normal -7.211418389437368e-7 0.09931796386723958 -0.9950557482135087
outer loop
vertex 66.09090423583984 -55.64636993408203 -16.722185134887695
vertex -18.28315544128418 -21.782655715942383 -13.342137336730957
vertex -18.32121467590332 -21.591312408447266 -13.323039054870605
endloop
endfacet
facet normal -7.624388992904732e-7 0.09931861814720626 -0.9950556829086241
outer loop
vertex 66.09090423583984 -55.64636993408203 -16.722185134887695
vertex -55.281883239746094 25.806774139404297 -8.592081069946289
vertex 66.61656188964844 -55.443443298339844 -16.70193099975586
endloop
endfacet
facet normal 2.8065346828456024e-8 0.09931979242958971 -0.9950555657006007
outer loop
vertex 66.61656188964844 -55.443443298339844 -16.70193099975586
vertex -55.281883239746094 25.806774139404297 -8.592081069946289
vertex 68.68887329101562 -53.563236236572266 -16.51426124572754
endloop
endfacet
facet normal -4.504226927749316e-7 0.09931905243492034 -0.9950556395615405
outer loop
vertex 68.68887329101562 -53.563236236572266 -16.51426124572754
vertex -55.281883239746094 25.806774139404297 -8.592081069946289
vertex 68.94963836669922 -52.97570037841797 -16.455617904663086
endloop
endfacet
facet normal 0 0.09931971535655743 -0.9950555733935127
outer loop
vertex -18.591814041137695 -36.24459457397461 -14.78563117980957
vertex 66.09090423583984 -55.64636993408203 -16.722185134887695
vertex -50.426239013671875 -55.64636993408203 -16.722185134887695
endloop
endfacet
facet normal 0.000002504155974331939 0.09932182962475743 -0.9950553623561454
outer loop
vertex 68.94963836669922 -52.97570037841797 -16.455617904663086
vertex 3.7199394702911377 24.914989471435547 -8.681093215942383
vertex 4.178593158721924 24.537952423095703 -8.71872615814209
endloop
endfacet
facet normal 0.000006007252711112714 0.09932473435795802 -0.9950550723998316
outer loop
vertex 68.94963836669922 -52.97570037841797 -16.455617904663086
vertex 3.4247214794158936 25.210697174072266 -8.651577949523926
vertex 3.7199394702911377 24.914989471435547 -8.681093215942383
endloop
endfacet
facet normal 1.8557524884511057e-7 0.0993199113117392 -0.9950555538345554
outer loop
vertex 68.94963836669922 -52.97570037841797 -16.455617904663086
vertex 4.178593158721924 24.537952423095703 -8.71872615814209
vertex 4.69468879699707 24.263458251953125 -8.746124267578125
endloop
endfacet
facet normal 0.0000012872484268109636 0.0993208033364254 -0.9950554647972897
outer loop
vertex 68.94963836669922 -52.97570037841797 -16.455617904663086
vertex 5.254685878753662 24.094425201416016 -8.762996673583984
vertex 5.832088947296143 24.0378360748291 -8.768644332885742
endloop
endfacet
facet normal -0.0000015733015658042147 0.09931846254252955 -0.9950556984388931
outer loop
vertex 5.254685878753662 24.094425201416016 -8.762996673583984
vertex 68.94963836669922 -52.97570037841797 -16.455617904663086
vertex 4.69468879699707 24.263458251953125 -8.746124267578125
endloop
endfacet
facet normal -4.4259812211863216e-8 0.09931970058801354 -0.9950555748676079
outer loop
vertex 68.94963836669922 -52.97570037841797 -16.455617904663086
vertex -60.50743103027344 54.97152328491211 -5.681052207946777
vertex -57.40544509887695 56.326900482177734 -5.545767784118652
endloop
endfacet
facet normal 8.977744918669557e-9 0.09931976380402409 -0.9950555685578132
outer loop
vertex 68.94963836669922 -52.97570037841797 -16.455617904663086
vertex -69.12482452392578 34.950286865234375 -7.679437637329102
vertex -60.50743103027344 54.97152328491211 -5.681052207946777
endloop
endfacet
facet normal -9.031461531444541e-7 0.099318345580592 -0.9950557101139204
outer loop
vertex -69.12482452392578 34.950286865234375 -7.679437637329102
vertex 68.94963836669922 -52.97570037841797 -16.455617904663086
vertex -55.281883239746094 25.806774139404297 -8.592081069946289
endloop
endfacet
facet normal -0.0000012556707012622628 0.09931877306986069 -0.995055667444953
outer loop
vertex -53.8450813293457 23.663129806518555 -8.806045532226562
vertex -18.591814041137695 -21.320714950561523 -13.296030044555664
vertex -53.789329528808594 23.099863052368164 -8.862266540527344
endloop
endfacet
facet normal -5.237117924346316e-7 0.09931881403001808 -0.9950556633572799
outer loop
vertex -41.62310028076172 49.6504020690918 -6.212170600891113
vertex -39.42473220825195 48.97857666015625 -6.279228210449219
vertex 3.4247214794158936 25.210697174072266 -8.651577949523926
endloop
endfacet
facet normal 2.2681185137679273e-7 0.0993201837661136 -0.9950555266399027
outer loop
vertex 3.4247214794158936 25.210697174072266 -8.651577949523926
vertex -41.81819152832031 49.66961669921875 -6.21025276184082
vertex -41.62310028076172 49.6504020690918 -6.212170600891113
endloop
endfacet
facet normal 6.747843896884786e-7 0.0993210042296886 -0.9950554447458447
outer loop
vertex -42.00578689575195 49.726524353027344 -6.204572677612305
vertex -41.81819152832031 49.66961669921875 -6.21025276184082
vertex 3.4247214794158936 25.210697174072266 -8.651577949523926
endloop
endfacet
facet normal -3.017888498186546e-9 0.09931975631146749 -0.9950555693056699
outer loop
vertex 68.94963836669922 -52.97570037841797 -16.455617904663086
vertex 5.832088947296143 24.0378360748291 -8.768644332885742
vertex 56.54768753051758 23.953250885009766 -8.777087211608887
endloop
endfacet
facet normal 0.000004237885961306064 0.09932041973196917 -0.9950555030782483
outer loop
vertex 68.94963836669922 -52.97570037841797 -16.455617904663086
vertex 56.71974182128906 23.80388832092285 -8.791996002197266
vertex 56.89262771606445 23.71147918701172 -8.80121898651123
endloop
endfacet
facet normal -7.521025264588401e-7 0.09931964292950005 -0.9950555806224047
outer loop
vertex 68.94963836669922 -52.97570037841797 -16.455617904663086
vertex 56.89262771606445 23.71147918701172 -8.80121898651123
vertex 57.080223083496094 23.654573440551758 -8.806899070739746
endloop
endfacet
facet normal -0.0000028489034405740513 0.09931930204289828 -0.995055614643521
outer loop
vertex 56.71974182128906 23.80388832092285 -8.791996002197266
vertex 68.94963836669922 -52.97570037841797 -16.455617904663086
vertex 56.54768753051758 23.953250885009766 -8.777087211608887
endloop
endfacet
facet normal 1.8734928186185023e-7 0.09931978700767716 -0.9950555662417625
outer loop
vertex 68.94963836669922 -52.97570037841797 -16.455617904663086
vertex 57.080223083496094 23.654573440551758 -8.806899070739746
vertex 57.27531051635742 23.635358810424805 -8.808816909790039
endloop
endfacet
facet normal 9.262510644059312e-7 0.09932111200768357 -0.9950554339878254
outer loop
vertex 66.09090423583984 -55.64636993408203 -16.722185134887695
vertex -54.280582427978516 24.71485137939453 -8.701069831848145
vertex -54.44804382324219 24.968189239501953 -8.675783157348633
endloop
endfacet
facet normal -0.0000011417434806230058 0.0993180449554946 -0.9950557401195748
outer loop
vertex 66.09090423583984 -55.64636993408203 -16.722185134887695
vertex -54.01495361328125 24.22035789489746 -8.750426292419434
vertex -54.280582427978516 24.71485137939453 -8.701069831848145
endloop
endfacet
facet normal -6.438061021670596e-7 0.09931879317740273 -0.9950556654385572
outer loop
vertex 66.09090423583984 -55.64636993408203 -16.722185134887695
vertex -54.82952117919922 25.43736457824707 -8.628952980041504
vertex -55.281883239746094 25.806774139404297 -8.592081069946289
endloop
endfacet
facet normal 7.993273193792214e-7 0.09932092409703923 -0.995055452744153
outer loop
vertex -54.82952117919922 25.43736457824707 -8.628952980041504
vertex 66.09090423583984 -55.64636993408203 -16.722185134887695
vertex -54.44804382324219 24.968189239501953 -8.675783157348633
endloop
endfacet
facet normal -1.8180519808975496e-7 0.09931973130921164 -0.99505557180121
outer loop
vertex 68.94963836669922 -52.97570037841797 -16.455617904663086
vertex 57.27531051635742 23.635358810424805 -8.808816909790039
vertex 57.470401763916016 23.654573440551758 -8.806899070739746
endloop
endfacet
facet normal 6.856232925385133e-7 0.0993198599684295 -0.9950555589590871
outer loop
vertex 68.94963836669922 -52.97570037841797 -16.455617904663086
vertex 57.470401763916016 23.654573440551758 -8.806899070739746
vertex 57.65799331665039 23.71147918701172 -8.80121898651123
endloop
endfacet
facet normal -0.000003598457964476593 0.09931923538959726 -0.9950556212939439
outer loop
vertex 57.65799331665039 23.71147918701172 -8.80121898651123
vertex 57.83088302612305 23.80388832092285 -8.791996002197266
vertex 68.94963836669922 -52.97570037841797 -16.455617904663086
endloop
endfacet
facet normal -2.787676716921562e-7 0.09931971138551328 -0.9950555737898364
outer loop
vertex 57.83088302612305 23.80388832092285 -8.791996002197266
vertex 57.982418060302734 23.928251266479492 -8.779582977294922
vertex 68.94963836669922 -52.97570037841797 -16.455617904663086
endloop
endfacet
facet normal 7.225619702343983e-7 0.09932082089538333 -0.995055463045224
outer loop
vertex 66.09090423583984 -55.64636993408203 -16.722185134887695
vertex -53.8450813293457 23.663129806518555 -8.806045532226562
vertex -54.01495361328125 24.22035789489746 -8.750426292419434
endloop
endfacet
facet normal 5.6394798450511935e-8 0.09931975871131701 -0.9950555690661314
outer loop
vertex 57.982418060302734 23.928251266479492 -8.779582977294922
vertex 66.38818359375 23.936931610107422 -8.778716087341309
vertex 68.94963836669922 -52.97570037841797 -16.455617904663086
endloop
endfacet
facet normal 0.0000020505910170702294 0.09932136700830617 -0.995055408533312
outer loop
vertex -18.591814041137695 -21.320714950561523 -13.296030044555664
vertex -18.78315544128418 -21.282655715942383 -13.292231559753418
vertex -53.789329528808594 23.099863052368164 -8.862266540527344
endloop
endfacet
facet normal 1.1696897274709536e-8 0.09931975649233211 -0.9950555692876171
outer loop
vertex -53.8450813293457 23.663129806518555 -8.806045532226562
vertex 66.09090423583984 -55.64636993408203 -16.722185134887695
vertex -18.591814041137695 -21.320714950561523 -13.296030044555664
endloop
endfacet
facet normal -0.11801892440446607 -0.9930113460995361 0
outer loop
vertex -21.62874412536621 43.10729217529297 -4.099999904632568
vertex -21.498302459716797 43.09178924560547 -4.099999904632568
vertex -21.498302459716797 43.09178924560547 0
endloop
endfacet
facet normal -0.9255301473835297 -0.3786739313502073 0
outer loop
vertex 0.9375863671302795 41.25811767578125 0
vertex 0.9375863671302795 41.25811767578125 -4.099999904632568
vertex 1.0418448448181152 41.0032958984375 0
endloop
endfacet
facet normal 0 0 1
outer loop
vertex -50.38309860229492 -54.31608581542969 -4.099999904632568
vertex -50.12582015991211 -54.42265319824219 -4.099999904632568
vertex -48.78315353393555 -21.782655715942383 -4.099999904632568
endloop
endfacet
facet normal 0 0 1
outer loop
vertex -48.78315353393555 -21.782655715942383 -4.099999904632568
vertex -51.7515869140625 -52.947601318359375 -4.099999904632568
vertex -50.38309860229492 -54.31608581542969 -4.099999904632568
endloop
endfacet
facet normal 0 0 1
outer loop
vertex -48.78315353393555 -21.782655715942383 -4.099999904632568
vertex -50.12582015991211 -54.42265319824219 -4.099999904632568
vertex -48.78315353393555 -54.42265319824219 -4.099999904632568
endloop
endfacet
facet normal 0.9205047268034684 -0.3907314268554195 0
outer loop
vertex -59.441375732421875 53.583621978759766 0
vertex -67.6211166381836 34.313377380371094 -4.099999904632568
vertex -59.441375732421875 53.583621978759766 -4.099999904632568
endloop
endfacet
facet normal -0.2175053733702124 -0.9760591234935948 0
outer loop
vertex -39.74808120727539 47.14501190185547 0
vertex -39.74808120727539 47.14501190185547 -4.099999904632568
vertex -21.62874412536621 43.10729217529297 0
endloop
endfacet
facet normal -0.2175053733702124 -0.9760591234935948 0
outer loop
vertex -39.74808120727539 47.14501190185547 -4.099999904632568
vertex -21.62874412536621 43.10729217529297 -4.099999904632568
vertex -21.62874412536621 43.10729217529297 0
endloop
endfacet
facet normal 0 0 1
outer loop
vertex -59.441375732421875 53.583621978759766 -4.099999904632568
vertex -52.2900505065918 25.923784255981445 -4.099999904632568
vertex -59.24299240112305 53.77870559692383 -4.099999904632568
endloop
endfacet
facet normal 0 0 1
outer loop
vertex -59.24299240112305 53.77870559692383 -4.099999904632568
vertex -52.2900505065918 25.923784255981445 -4.099999904632568
vertex -57.45075988769531 54.504215240478516 -4.099999904632568
endloop
endfacet
facet normal 0 0 1
outer loop
vertex -57.45075988769531 54.504215240478516 -4.099999904632568
vertex -52.2900505065918 25.923784255981445 -4.099999904632568
vertex -57.17253494262695 54.50206756591797 -4.099999904632568
endloop
endfacet
facet normal -1 0 0
outer loop
vertex 67.5418472290039 20.495010375976562 -4.099999904632568
vertex 67.5418472290039 -52.6903190612793 0
vertex 67.5418472290039 20.495010375976562 0
endloop
endfacet
facet normal 0 0 1
outer loop
vertex -51.858154296875 -52.6903190612793 -4.099999904632568
vertex -48.78315353393555 -21.782655715942383 -4.099999904632568
vertex -51.858154296875 25.271259307861328 -4.099999904632568
endloop
endfacet
facet normal 1 0 0
outer loop
vertex -51.858154296875 -52.6903190612793 0
vertex -51.858154296875 -52.6903190612793 -4.099999904632568
vertex -51.858154296875 25.271259307861328 0
endloop
endfacet
facet normal 0.7011521499603386 -0.7130116847611929 0
outer loop
vertex -59.441375732421875 53.583621978759766 -4.099999904632568
vertex -59.24299240112305 53.77870559692383 -4.099999904632568
vertex -59.24299240112305 53.77870559692383 0
endloop
endfacet
facet normal 1 0 0
outer loop
vertex -51.858154296875 25.271259307861328 0
vertex -51.858154296875 -52.6903190612793 -4.099999904632568
vertex -51.858154296875 25.271259307861328 -4.099999904632568
endloop
endfacet
facet normal 0 0 1
outer loop
vertex -51.858154296875 25.271259307861328 -4.099999904632568
vertex -48.78315353393555 -21.782655715942383 -4.099999904632568
vertex -16.28315544128418 -21.782655715942383 -4.099999904632568
endloop
endfacet
facet normal 0 0 1
outer loop
vertex 67.4352798461914 20.752290725708008 -4.099999904632568
vertex 67.4352798461914 -52.947601318359375 -4.099999904632568
vertex 67.5418472290039 20.495010375976562 -4.099999904632568
endloop
endfacet
facet normal 0 0 1
outer loop
vertex 65.80950927734375 22.227344512939453 -4.099999904632568
vertex 65.80950927734375 -54.42265319824219 -4.099999904632568
vertex 66.06678771972656 22.120777130126953 -4.099999904632568
endloop
endfacet
facet normal 0 0 1
outer loop
vertex 66.06678771972656 22.120777130126953 -4.099999904632568
vertex 66.06678771972656 -54.31608581542969 -4.099999904632568
vertex 67.4352798461914 20.752290725708008 -4.099999904632568
endloop
endfacet
facet normal -0.11801892440446607 -0.9930113460995361 0
outer loop
vertex -21.62874412536621 43.10729217529297 0
vertex -21.62874412536621 43.10729217529297 -4.099999904632568
vertex -21.498302459716797 43.09178924560547 0
endloop
endfacet
facet normal 0.3752292851593182 -0.926932027474953 0
outer loop
vertex -59.24299240112305 53.77870559692383 -4.099999904632568
vertex -57.45075988769531 54.504215240478516 -4.099999904632568
vertex -57.45075988769531 54.504215240478516 0
endloop
endfacet
facet normal -0.007718972060986515 -0.9999702082913879 0
outer loop
vertex -57.45075988769531 54.504215240478516 -4.099999904632568
vertex -57.17253494262695 54.50206756591797 -4.099999904632568
vertex -57.17253494262695 54.50206756591797 0
endloop
endfacet
facet normal -1 0 0
outer loop
vertex 67.5418472290039 20.495010375976562 -4.099999904632568
vertex 67.5418472290039 -52.6903190612793 -4.099999904632568
vertex 67.5418472290039 -52.6903190612793 0
endloop
endfacet
facet normal 0 0 1
outer loop
vertex 67.4352798461914 -52.947601318359375 -4.099999904632568
vertex 67.5418472290039 -52.6903190612793 -4.099999904632568
vertex 67.5418472290039 20.495010375976562 -4.099999904632568
endloop
endfacet
facet normal 0 0 1
outer loop
vertex 66.06678771972656 -54.31608581542969 -4.099999904632568
vertex 67.4352798461914 -52.947601318359375 -4.099999904632568
vertex 67.4352798461914 20.752290725708008 -4.099999904632568
endloop
endfacet
facet normal 0 0 1
outer loop
vertex 65.80950927734375 -54.42265319824219 -4.099999904632568
vertex 66.06678771972656 -54.31608581542969 -4.099999904632568
vertex 66.06678771972656 22.120777130126953 -4.099999904632568
endloop
endfacet
facet normal 0 0 1
outer loop
vertex 65.80950927734375 22.227344512939453 -4.099999904632568
vertex 63.27531051635742 -54.22265625 -4.099999904632568
vertex 65.80950927734375 -54.42265319824219 -4.099999904632568
endloop
endfacet
facet normal 0 0 1
outer loop
vertex 63.12886428833008 -53.869102478027344 -4.099999904632568
vertex 63.23725128173828 -54.031314849853516 -4.099999904632568
vertex 65.80950927734375 22.227344512939453 -4.099999904632568
endloop
endfacet
facet normal 0 1 0
outer loop
vertex 50.21684646606445 -54.42265319824219 0
vertex 51.27531051635742 -54.42265319824219 0
vertex 51.27531051635742 -54.42265319824219 -4.099999904632568
endloop
endfacet
facet normal 0 1 0
outer loop
vertex 51.27531051635742 -54.42265319824219 -4.099999904632568
vertex 50.21684646606445 -54.42265319824219 -4.099999904632568
vertex 50.21684646606445 -54.42265319824219 0
endloop
endfacet
facet normal 0 0 1
outer loop
vertex 50.21684646606445 -54.42265319824219 -4.099999904632568
vertex 51.27531051635742 -54.22265625 -4.099999904632568
vertex 51.31337356567383 -54.031314849853516 -4.099999904632568
endloop
endfacet
facet normal 0 0 1
outer loop
vertex 50.21684646606445 -54.42265319824219 -4.099999904632568
vertex 51.27531051635742 -54.42265319824219 -4.099999904632568
vertex 51.27531051635742 -54.22265625 -4.099999904632568
endloop
endfacet
facet normal 0 0 1
outer loop
vertex 65.80950927734375 22.227344512939453 -4.099999904632568
vertex 62.966651916503906 -53.76071548461914 -4.099999904632568
vertex 63.12886428833008 -53.869102478027344 -4.099999904632568
endloop
endfacet
facet normal -0.38268086587637207 -0.9238805955815449 0
outer loop
vertex 65.80950927734375 22.227344512939453 0
vertex 65.80950927734375 22.227344512939453 -4.099999904632568
vertex 66.06678771972656 22.120777130126953 0
endloop
endfacet
facet normal -0.7071053028769295 -0.7071082594930749 0
outer loop
vertex 66.06678771972656 22.120777130126953 0
vertex 66.06678771972656 22.120777130126953 -4.099999904632568
vertex 67.4352798461914 20.752290725708008 0
endloop
endfacet
facet normal -0.3894920971057525 -0.9210298074938525 0
outer loop
vertex -57.17253494262695 54.50206756591797 0
vertex -57.17253494262695 54.50206756591797 -4.099999904632568
vertex -39.860103607177734 47.18085479736328 0
endloop
endfacet
facet normal -0.3047427758735797 -0.9524346909646169 0
outer loop
vertex -39.860103607177734 47.18085479736328 0
vertex -39.860103607177734 47.18085479736328 -4.099999904632568
vertex -39.74808120727539 47.14501190185547 0
endloop
endfacet
facet normal 0 0 1
outer loop
vertex 65.80950927734375 22.227344512939453 -4.099999904632568
vertex 62.77531051635742 -53.72265625 -4.099999904632568
vertex 62.966651916503906 -53.76071548461914 -4.099999904632568
endloop
endfacet
facet normal 0 0 1
outer loop
vertex 63.23725128173828 -54.031314849853516 -4.099999904632568
vertex 63.27531051635742 -54.22265625 -4.099999904632568
vertex 65.80950927734375 22.227344512939453 -4.099999904632568
endloop
endfacet
facet normal 0 0 1
outer loop
vertex 50.21684646606445 -21.782655715942383 -4.099999904632568
vertex 50.21684646606445 -54.42265319824219 -4.099999904632568
vertex 65.80950927734375 22.227344512939453 -4.099999904632568
endloop
endfacet
facet normal 0 0 1
outer loop
vertex 65.80950927734375 22.227344512939453 -4.099999904632568
vertex 51.77531051635742 -53.72265625 -4.099999904632568
vertex 62.77531051635742 -53.72265625 -4.099999904632568
endloop
endfacet
facet normal 0 0 1
outer loop
vertex 65.80950927734375 22.227344512939453 -4.099999904632568
vertex 51.58396911621094 -53.76071548461914 -4.099999904632568
vertex 51.77531051635742 -53.72265625 -4.099999904632568
endloop
endfacet
facet normal 0 0 1
outer loop
vertex 65.80950927734375 22.227344512939453 -4.099999904632568
vertex 51.421756744384766 -53.869102478027344 -4.099999904632568
vertex 51.58396911621094 -53.76071548461914 -4.099999904632568
endloop
endfacet
facet normal 0 0 1
outer loop
vertex 65.80950927734375 22.227344512939453 -4.099999904632568
vertex 51.31337356567383 -54.031314849853516 -4.099999904632568
vertex 51.421756744384766 -53.869102478027344 -4.099999904632568
endloop
endfacet
facet normal 0 0 1
outer loop
vertex 50.21684646606445 -54.42265319824219 -4.099999904632568
vertex 51.31337356567383 -54.031314849853516 -4.099999904632568
vertex 65.80950927734375 22.227344512939453 -4.099999904632568
endloop
endfacet
facet normal -0.9238815986068825 -0.3826784443309961 0
outer loop
vertex 67.4352798461914 20.752290725708008 0
vertex 67.4352798461914 20.752290725708008 -4.099999904632568
vertex 67.5418472290039 20.495010375976562 0
endloop
endfacet
facet normal 0 1 0
outer loop
vertex -48.78315353393555 -54.42265319824219 -4.099999904632568
vertex -50.12582015991211 -54.42265319824219 0
vertex -48.78315353393555 -54.42265319824219 0
endloop
endfacet
facet normal -0.01733786945456591 -0.9998496878445162 0
outer loop
vertex -21.498302459716797 43.09178924560547 -4.099999904632568
vertex -0.655535876750946 42.73036575317383 -4.099999904632568
vertex -0.655535876750946 42.73036575317383 0
endloop
endfacet
facet normal 0 0 1
outer loop
vertex 1.803367257118225 22.227344512939453 -4.099999904632568
vertex -16.28315544128418 -21.782655715942383 -4.099999904632568
vertex 50.21684646606445 -21.782655715942383 -4.099999904632568
endloop
endfacet
facet normal -0.39466734141401066 -0.918824079800479 0
outer loop
vertex -0.655535876750946 42.73036575317383 -4.099999904632568
vertex -0.4025609493255615 42.6217041015625 -4.099999904632568
vertex -0.4025609493255615 42.6217041015625 0
endloop
endfacet
facet normal -0.01733786945456591 -0.9998496878445162 0
outer loop
vertex -21.498302459716797 43.09178924560547 0
vertex -21.498302459716797 43.09178924560547 -4.099999904632568
vertex -0.655535876750946 42.73036575317383 0
endloop
endfacet
facet normal 0.38268086587637207 0.9238805955815449 0
outer loop
vertex -50.12582015991211 -54.42265319824219 0
vertex -50.12582015991211 -54.42265319824219 -4.099999904632568
vertex -50.38309860229492 -54.31608581542969 0
endloop
endfacet
facet normal 0.9238826016131793 0.38267602281363744 0
outer loop
vertex -51.7515869140625 -52.947601318359375 0
vertex -51.7515869140625 -52.947601318359375 -4.099999904632568
vertex -51.858154296875 -52.6903190612793 0
endloop
endfacet
facet normal 0.7071057956450851 0.7071077667266362 0
outer loop
vertex -50.38309860229492 -54.31608581542969 0
vertex -50.38309860229492 -54.31608581542969 -4.099999904632568
vertex -51.7515869140625 -52.947601318359375 0
endloop
endfacet
facet normal -0.39466734141401066 -0.918824079800479 0
outer loop
vertex -0.655535876750946 42.73036575317383 0
vertex -0.655535876750946 42.73036575317383 -4.099999904632568
vertex -0.4025609493255615 42.6217041015625 0
endloop
endfacet
facet normal 0.7011521499603386 -0.7130116847611929 0
outer loop
vertex -59.441375732421875 53.583621978759766 0
vertex -59.441375732421875 53.583621978759766 -4.099999904632568
vertex -59.24299240112305 53.77870559692383 0
endloop
endfacet
facet normal 0.3752292851593182 -0.926932027474953 0
outer loop
vertex -59.24299240112305 53.77870559692383 0
vertex -59.24299240112305 53.77870559692383 -4.099999904632568
vertex -57.45075988769531 54.504215240478516 0
endloop
endfacet
facet normal -0.007718972060986515 -0.9999702082913879 0
outer loop
vertex -57.45075988769531 54.504215240478516 0
vertex -57.45075988769531 54.504215240478516 -4.099999904632568
vertex -57.17253494262695 54.50206756591797 0
endloop
endfacet
facet normal 0 -1 0
outer loop
vertex 1.803367257118225 22.227344512939453 0
vertex 1.803367257118225 22.227344512939453 -4.099999904632568
vertex 65.80950927734375 22.227344512939453 0
endloop
endfacet
facet normal 0 1 0
outer loop
vertex -50.12582015991211 -54.42265319824219 -4.099999904632568
vertex -50.12582015991211 -54.42265319824219 0
vertex -48.78315353393555 -54.42265319824219 -4.099999904632568
endloop
endfacet
facet normal 0 0 1
outer loop
vertex -51.858154296875 25.271259307861328 -4.099999904632568
vertex -16.28315544128418 -21.782655715942383 -4.099999904632568
vertex -21.62874412536621 43.10729217529297 -4.099999904632568
endloop
endfacet
facet normal 0 0 1
outer loop
vertex -21.62874412536621 43.10729217529297 -4.099999904632568
vertex -16.28315544128418 -21.782655715942383 -4.099999904632568
vertex -21.498302459716797 43.09178924560547 -4.099999904632568
endloop
endfacet
facet normal 0 0 1
outer loop
vertex -16.28315544128418 -21.782655715942383 -4.099999904632568
vertex 1.803367257118225 22.227344512939453 -4.099999904632568
vertex 1.0418448448181152 22.988866806030273 -4.099999904632568
endloop
endfacet
facet normal 0 0 1
outer loop
vertex -21.498302459716797 43.09178924560547 -4.099999904632568
vertex -16.28315544128418 -21.782655715942383 -4.099999904632568
vertex -0.655535876750946 42.73036575317383 -4.099999904632568
endloop
endfacet
facet normal 0.833886193654003 0.5519364239051803 0
outer loop
vertex -51.858154296875 25.271259307861328 0
vertex -51.858154296875 25.271259307861328 -4.099999904632568
vertex -52.2900505065918 25.923784255981445 0
endloop
endfacet
facet normal 0.833886193654003 0.5519364239051803 0
outer loop
vertex -51.858154296875 25.271259307861328 -4.099999904632568
vertex -52.2900505065918 25.923784255981445 -4.099999904632568
vertex -52.2900505065918 25.923784255981445 0
endloop
endfacet
facet normal 0 0 1
outer loop
vertex 1.0418448448181152 22.988866806030273 -4.099999904632568
vertex 1.0418448448181152 41.0032958984375 -4.099999904632568
vertex -16.28315544128418 -21.782655715942383 -4.099999904632568
endloop
endfacet
facet normal 0 0 1
outer loop
vertex -16.28315544128418 -21.782655715942383 -4.099999904632568
vertex 0.9375863671302795 41.25811767578125 -4.099999904632568
vertex -0.4025609493255615 42.6217041015625 -4.099999904632568
endloop
endfacet
facet normal 0 0 1
outer loop
vertex 0.9375863671302795 41.25811767578125 -4.099999904632568
vertex -16.28315544128418 -21.782655715942383 -4.099999904632568
vertex 1.0418448448181152 41.0032958984375 -4.099999904632568
endloop
endfacet
facet normal 0 0 1
outer loop
vertex -0.655535876750946 42.73036575317383 -4.099999904632568
vertex -16.28315544128418 -21.782655715942383 -4.099999904632568
vertex -0.4025609493255615 42.6217041015625 -4.099999904632568
endloop
endfacet
facet normal 0 0 1
outer loop
vertex -67.62354278564453 34.034912109375 -4.099999904632568
vertex -66.703369140625 32.04187774658203 -4.099999904632568
vertex -52.2900505065918 25.923784255981445 -4.099999904632568
endloop
endfacet
facet normal 0.9999620477447311 -0.008712236806017274 0
outer loop
vertex -67.62354278564453 34.034912109375 0
vertex -67.62354278564453 34.034912109375 -4.099999904632568
vertex -67.6211166381836 34.313377380371094 0
endloop
endfacet
facet normal 0.38268086587637207 0.9238805955815449 0
outer loop
vertex -50.38309860229492 -54.31608581542969 -4.099999904632568
vertex -50.38309860229492 -54.31608581542969 0
vertex -50.12582015991211 -54.42265319824219 -4.099999904632568
endloop
endfacet
facet normal 0.9238826016131793 0.38267602281363744 0
outer loop
vertex -51.858154296875 -52.6903190612793 -4.099999904632568
vertex -51.858154296875 -52.6903190612793 0
vertex -51.7515869140625 -52.947601318359375 -4.099999904632568
endloop
endfacet
facet normal 0.7071057956450851 0.7071077667266362 0
outer loop
vertex -51.7515869140625 -52.947601318359375 -4.099999904632568
vertex -51.7515869140625 -52.947601318359375 0
vertex -50.38309860229492 -54.31608581542969 -4.099999904632568
endloop
endfacet
facet normal -1 0 0
outer loop
vertex 1.0418448448181152 41.0032958984375 -4.099999904632568
vertex 1.0418448448181152 22.988866806030273 -4.099999904632568
vertex 1.0418448448181152 22.988866806030273 0
endloop
endfacet
facet normal -0.9255301473835297 -0.3786739313502073 0
outer loop
vertex 0.9375863671302795 41.25811767578125 -4.099999904632568
vertex 1.0418448448181152 41.0032958984375 -4.099999904632568
vertex 1.0418448448181152 41.0032958984375 0
endloop
endfacet
facet normal -0.7132100054129429 -0.700950417774945 0
outer loop
vertex -0.4025609493255615 42.6217041015625 0
vertex -0.4025609493255615 42.6217041015625 -4.099999904632568
vertex 0.9375863671302795 41.25811767578125 0
endloop
endfacet
facet normal 0 0 1
outer loop
vertex -57.17253494262695 54.50206756591797 -4.099999904632568
vertex -52.2900505065918 25.923784255981445 -4.099999904632568
vertex -39.860103607177734 47.18085479736328 -4.099999904632568
endloop
endfacet
facet normal 0.3907312752722796 0.9205047911467371 0
outer loop
vertex -52.2900505065918 25.923784255981445 -4.099999904632568
vertex -66.703369140625 32.04187774658203 0
vertex -52.2900505065918 25.923784255981445 0
endloop
endfacet
facet normal 0 0 1
outer loop
vertex -39.860103607177734 47.18085479736328 -4.099999904632568
vertex -52.2900505065918 25.923784255981445 -4.099999904632568
vertex -39.74808120727539 47.14501190185547 -4.099999904632568
endloop
endfacet
facet normal 0.7132508860128812 0.7009088197489314 0
outer loop
vertex -66.703369140625 32.04187774658203 0
vertex -66.703369140625 32.04187774658203 -4.099999904632568
vertex -66.8985595703125 32.24050521850586 0
endloop
endfacet
facet normal 0 0 1
outer loop
vertex -52.2900505065918 25.923784255981445 -4.099999904632568
vertex -51.858154296875 25.271259307861328 -4.099999904632568
vertex -21.62874412536621 43.10729217529297 -4.099999904632568
endloop
endfacet
facet normal -0.7071053028769295 -0.7071082594930749 0
outer loop
vertex 66.06678771972656 22.120777130126953 -4.099999904632568
vertex 67.4352798461914 20.752290725708008 -4.099999904632568
vertex 67.4352798461914 20.752290725708008 0
endloop
endfacet
facet normal 0 0 1
outer loop
vertex -39.74808120727539 47.14501190185547 -4.099999904632568
vertex -52.2900505065918 25.923784255981445 -4.099999904632568
vertex -21.62874412536621 43.10729217529297 -4.099999904632568
endloop
endfacet
facet normal -0.38268086587637207 -0.9238805955815449 0
outer loop
vertex 65.80950927734375 22.227344512939453 -4.099999904632568
vertex 66.06678771972656 22.120777130126953 -4.099999904632568
vertex 66.06678771972656 22.120777130126953 0
endloop
endfacet
facet normal -0.9238815986068825 -0.3826784443309961 0
outer loop
vertex 67.4352798461914 20.752290725708008 -4.099999904632568
vertex 67.5418472290039 20.495010375976562 -4.099999904632568
vertex 67.5418472290039 20.495010375976562 0
endloop
endfacet
facet normal -0.3894920971057525 -0.9210298074938525 0
outer loop
vertex -57.17253494262695 54.50206756591797 -4.099999904632568
vertex -39.860103607177734 47.18085479736328 -4.099999904632568
vertex -39.860103607177734 47.18085479736328 0
endloop
endfacet
facet normal -0.3047427758735797 -0.9524346909646169 0
outer loop
vertex -39.860103607177734 47.18085479736328 -4.099999904632568
vertex -39.74808120727539 47.14501190185547 -4.099999904632568
vertex -39.74808120727539 47.14501190185547 0
endloop
endfacet
facet normal 0 -1 0
outer loop
vertex 65.80950927734375 22.227344512939453 0
vertex 1.803367257118225 22.227344512939453 -4.099999904632568
vertex 65.80950927734375 22.227344512939453 -4.099999904632568
endloop
endfacet
facet normal -0.7132100054129429 -0.700950417774945 0
outer loop
vertex -0.4025609493255615 42.6217041015625 -4.099999904632568
vertex 0.9375863671302795 41.25811767578125 -4.099999904632568
vertex 0.9375863671302795 41.25811767578125 0
endloop
endfacet
facet normal 0.9271846134262934 0.3746047151672475 0
outer loop
vertex -66.8985595703125 32.24050521850586 0
vertex -66.8985595703125 32.24050521850586 -4.099999904632568
vertex -67.62354278564453 34.034912109375 0
endloop
endfacet
facet normal 0 0 1
outer loop
vertex -67.6211166381836 34.313377380371094 -4.099999904632568
vertex -52.2900505065918 25.923784255981445 -4.099999904632568
vertex -59.441375732421875 53.583621978759766 -4.099999904632568
endloop
endfacet
facet normal 0 0 1
outer loop
vertex 63.27531051635742 -54.22265625 -4.099999904632568
vertex 63.27531051635742 -54.42265319824219 -4.099999904632568
vertex 65.80950927734375 -54.42265319824219 -4.099999904632568
endloop
endfacet
facet normal -0.7071067258410281 -0.7071068365320625 0
outer loop
vertex 1.0418448448181152 22.988866806030273 -4.099999904632568
vertex 1.803367257118225 22.227344512939453 0
vertex 1.0418448448181152 22.988866806030273 0
endloop
endfacet
facet normal -0.7071067258410281 -0.7071068365320625 0
outer loop
vertex 1.0418448448181152 22.988866806030273 -4.099999904632568
vertex 1.803367257118225 22.227344512939453 -4.099999904632568
vertex 1.803367257118225 22.227344512939453 0
endloop
endfacet
facet normal 0.9205047268034684 -0.3907314268554195 0
outer loop
vertex -67.6211166381836 34.313377380371094 0
vertex -67.6211166381836 34.313377380371094 -4.099999904632568
vertex -59.441375732421875 53.583621978759766 0
endloop
endfacet
facet normal 0 0 1
outer loop
vertex 1.803367257118225 22.227344512939453 -4.099999904632568
vertex 50.21684646606445 -21.782655715942383 -4.099999904632568
vertex 65.80950927734375 22.227344512939453 -4.099999904632568
endloop
endfacet
facet normal 0.3907312752722796 0.9205047911467371 0
outer loop
vertex -66.703369140625 32.04187774658203 0
vertex -52.2900505065918 25.923784255981445 -4.099999904632568
vertex -66.703369140625 32.04187774658203 -4.099999904632568
endloop
endfacet
facet normal 0.9999620477447311 -0.008712236806017274 0
outer loop
vertex -67.62354278564453 34.034912109375 -4.099999904632568
vertex -67.6211166381836 34.313377380371094 -4.099999904632568
vertex -67.6211166381836 34.313377380371094 0
endloop
endfacet
facet normal 0 0 1
outer loop
vertex -51.858154296875 -52.6903190612793 -4.099999904632568
vertex -51.7515869140625 -52.947601318359375 -4.099999904632568
vertex -48.78315353393555 -21.782655715942383 -4.099999904632568
endloop
endfacet
facet normal 0.9271846134262934 0.3746047151672475 0
outer loop
vertex -66.8985595703125 32.24050521850586 -4.099999904632568
vertex -67.62354278564453 34.034912109375 -4.099999904632568
vertex -67.62354278564453 34.034912109375 0
endloop
endfacet
facet normal -0.9238826016131793 0.38267602281363744 0
outer loop
vertex 67.5418472290039 -52.6903190612793 -4.099999904632568
vertex 67.4352798461914 -52.947601318359375 0
vertex 67.5418472290039 -52.6903190612793 0
endloop
endfacet
facet normal -0.7071048101049964 0.7071087522626042 0
outer loop
vertex 67.4352798461914 -52.947601318359375 0
vertex 67.4352798461914 -52.947601318359375 -4.099999904632568
vertex 66.06678771972656 -54.31608581542969 0
endloop
endfacet
facet normal -0.38268086587637207 0.9238805955815449 0
outer loop
vertex 66.06678771972656 -54.31608581542969 0
vertex 66.06678771972656 -54.31608581542969 -4.099999904632568
vertex 65.80950927734375 -54.42265319824219 0
endloop
endfacet
facet normal 0 1 0
outer loop
vertex 65.80950927734375 -54.42265319824219 -4.099999904632568
vertex 63.27531051635742 -54.42265319824219 -4.099999904632568
vertex 63.27531051635742 -54.42265319824219 0
endloop
endfacet
facet normal -0.38268086587637207 0.9238805955815449 0
outer loop
vertex 65.80950927734375 -54.42265319824219 -4.099999904632568
vertex 65.80950927734375 -54.42265319824219 0
vertex 66.06678771972656 -54.31608581542969 -4.099999904632568
endloop
endfacet
facet normal -0.7071048101049964 0.7071087522626042 0
outer loop
vertex 66.06678771972656 -54.31608581542969 -4.099999904632568
vertex 66.06678771972656 -54.31608581542969 0
vertex 67.4352798461914 -52.947601318359375 -4.099999904632568
endloop
endfacet
facet normal -0.9238826016131793 0.38267602281363744 0
outer loop
vertex 67.4352798461914 -52.947601318359375 -4.099999904632568
vertex 67.4352798461914 -52.947601318359375 0
vertex 67.5418472290039 -52.6903190612793 -4.099999904632568
endloop
endfacet
facet normal 0 0 1
outer loop
vertex -66.703369140625 32.04187774658203 -4.099999904632568
vertex -67.62354278564453 34.034912109375 -4.099999904632568
vertex -66.8985595703125 32.24050521850586 -4.099999904632568
endloop
endfacet
facet normal 0 0 1
outer loop
vertex -52.2900505065918 25.923784255981445 -4.099999904632568
vertex -67.6211166381836 34.313377380371094 -4.099999904632568
vertex -67.62354278564453 34.034912109375 -4.099999904632568
endloop
endfacet
facet normal 0 1 0
outer loop
vertex 65.80950927734375 -54.42265319824219 0
vertex 65.80950927734375 -54.42265319824219 -4.099999904632568
vertex 63.27531051635742 -54.42265319824219 0
endloop
endfacet
facet normal -1 0 0
outer loop
vertex 1.0418448448181152 41.0032958984375 -4.099999904632568
vertex 1.0418448448181152 22.988866806030273 0
vertex 1.0418448448181152 41.0032958984375 0
endloop
endfacet
facet normal 0.7132508860128812 0.7009088197489314 0
outer loop
vertex -66.703369140625 32.04187774658203 -4.099999904632568
vertex -66.8985595703125 32.24050521850586 -4.099999904632568
vertex -66.8985595703125 32.24050521850586 0
endloop
endfacet
facet normal -1 0 0
outer loop
vertex 50.21684646606445 -21.782655715942383 -11.899999618530273
vertex 50.21684646606445 -54.78265380859375 -11.899999618530273
vertex 50.21684646606445 -54.42265319824219 -4.099999904632568
endloop
endfacet
facet normal 0 1 0
outer loop
vertex -10.78315544128418 -36.78265380859375 -8.199999809265137
vertex -16.28315544128418 -36.78265380859375 -11.899999618530273
vertex -16.28315544128418 -36.78265380859375 -8.199999809265137
endloop
endfacet
facet normal -1 0 0
outer loop
vertex 50.21684646606445 -54.42265319824219 0
vertex 50.21684646606445 -54.78265380859375 -11.899999618530273
vertex 50.21684646606445 -54.78265380859375 0
endloop
endfacet
facet normal -1 0 0
outer loop
vertex 50.21684646606445 -21.782655715942383 -4.099999904632568
vertex 50.21684646606445 -21.782655715942383 -11.899999618530273
vertex 50.21684646606445 -54.42265319824219 -4.099999904632568
endloop
endfacet
facet normal -1 0 0
outer loop
vertex 50.21684646606445 -54.42265319824219 -4.099999904632568
vertex 50.21684646606445 -54.78265380859375 -11.899999618530273
vertex 50.21684646606445 -54.42265319824219 0
endloop
endfacet
facet normal 0 -1 0
outer loop
vertex -16.28315544128418 -21.782655715942383 -4.099999904632568
vertex -16.28315544128418 -21.782655715942383 -8.199999809265137
vertex 50.21684646606445 -21.782655715942383 -4.099999904632568
endloop
endfacet
facet normal 0 -1 0
outer loop
vertex -16.28315544128418 -21.782655715942383 -8.199999809265137
vertex -16.28315544128418 -21.782655715942383 -11.899999618530273
vertex 50.21684646606445 -21.782655715942383 -4.099999904632568
endloop
endfacet
facet normal 1 0 0
outer loop
vertex -10.78315544128418 -54.78265380859375 -8.199999809265137
vertex -10.78315544128418 -36.78265380859375 -11.899999618530273
vertex -10.78315544128418 -36.78265380859375 -8.199999809265137
endloop
endfacet
facet normal 1 0 0
outer loop
vertex -16.28315544128418 -36.78265380859375 -11.899999618530273
vertex -16.28315544128418 -21.782655715942383 -11.899999618530273
vertex -16.28315544128418 -36.78265380859375 -8.199999809265137
endloop
endfacet
facet normal 0 0 1
outer loop
vertex -16.28315544128418 -36.78265380859375 -11.899999618530273
vertex -10.78315544128418 -36.78265380859375 -11.899999618530273
vertex -16.28315544128418 -21.782655715942383 -11.899999618530273
endloop
endfacet
facet normal 0 1 0
outer loop
vertex -16.28315544128418 -36.78265380859375 -11.899999618530273
vertex -10.78315544128418 -36.78265380859375 -8.199999809265137
vertex -10.78315544128418 -36.78265380859375 -11.899999618530273
endloop
endfacet
facet normal 0 1 0
outer loop
vertex -10.78315544128418 -54.78265380859375 -8.199999809265137
vertex 50.21684646606445 -54.78265380859375 -11.899999618530273
vertex -10.78315544128418 -54.78265380859375 -11.899999618530273
endloop
endfacet
facet normal 1 0 0
outer loop
vertex -16.28315544128418 -36.78265380859375 -8.199999809265137
vertex -16.28315544128418 -21.782655715942383 -11.899999618530273
vertex -16.28315544128418 -21.782655715942383 -8.199999809265137
endloop
endfacet
facet normal 0 0 1
outer loop
vertex -10.78315544128418 -36.78265380859375 -11.899999618530273
vertex -10.78315544128418 -54.78265380859375 -11.899999618530273
vertex 50.21684646606445 -54.78265380859375 -11.899999618530273
endloop
endfacet
facet normal 0 0 1
outer loop
vertex -10.78315544128418 -36.78265380859375 -11.899999618530273
vertex 50.21684646606445 -54.78265380859375 -11.899999618530273
vertex 50.21684646606445 -21.782655715942383 -11.899999618530273
endloop
endfacet
facet normal 0 1 0
outer loop
vertex 50.21684646606445 -54.78265380859375 -11.899999618530273
vertex -10.78315544128418 -54.78265380859375 0
vertex 50.21684646606445 -54.78265380859375 0
endloop
endfacet
facet normal 0 0 1
outer loop
vertex -16.28315544128418 -21.782655715942383 -11.899999618530273
vertex -10.78315544128418 -36.78265380859375 -11.899999618530273
vertex 50.21684646606445 -21.782655715942383 -11.899999618530273
endloop
endfacet
facet normal 0 -1 0
outer loop
vertex -16.28315544128418 -21.782655715942383 -11.899999618530273
vertex 50.21684646606445 -21.782655715942383 -11.899999618530273
vertex 50.21684646606445 -21.782655715942383 -4.099999904632568
endloop
endfacet
facet normal 0 1 0
outer loop
vertex 50.21684646606445 -54.78265380859375 -11.899999618530273
vertex -10.78315544128418 -54.78265380859375 -8.199999809265137
vertex -10.78315544128418 -54.78265380859375 0
endloop
endfacet
facet normal 1 0 0
outer loop
vertex -10.78315544128418 -54.78265380859375 -11.899999618530273
vertex -10.78315544128418 -36.78265380859375 -11.899999618530273
vertex -10.78315544128418 -54.78265380859375 -8.199999809265137
endloop
endfacet
facet normal 0 1 0
outer loop
vertex -47.62310028076172 -54.78265380859375 -5
vertex -48.78315353393555 -54.78265380859375 -8.199999809265137
vertex -48.78315353393555 -54.78265380859375 0
endloop
endfacet
facet normal 1 0 0
outer loop
vertex -48.78315353393555 -54.78265380859375 0
vertex -48.78315353393555 -54.78265380859375 -8.199999809265137
vertex -48.78315353393555 -54.42265319824219 -4.099999904632568
endloop
endfacet
facet normal 0 -1 0
outer loop
vertex -16.28315544128418 -21.782655715942383 -4.099999904632568
vertex -48.78315353393555 -21.782655715942383 -8.199999809265137
vertex -16.28315544128418 -21.782655715942383 -8.199999809265137
endloop
endfacet
facet normal 0 0 1
outer loop
vertex -20.733154296875 -23.882654190063477 -8.199999809265137
vertex -20.733154296875 -33.682655334472656 -8.199999809265137
vertex -16.28315544128418 -21.782655715942383 -8.199999809265137
endloop
endfacet
facet normal 0 -1 0
outer loop
vertex -48.78315353393555 -21.782655715942383 -4.099999904632568
vertex -48.78315353393555 -21.782655715942383 -8.199999809265137
vertex -16.28315544128418 -21.782655715942383 -4.099999904632568
endloop
endfacet
facet normal 0 1 0
outer loop
vertex -48.78315353393555 -54.78265380859375 -8.199999809265137
vertex -23.03315544128418 -54.78265380859375 -6.699999809265137
vertex -23.28315544128418 -54.78265380859375 -8.199999809265137
endloop
endfacet
facet normal 0 0 1
outer loop
vertex -23.28315544128418 -45.78265380859375 -8.199999809265137
vertex -48.78315353393555 -54.78265380859375 -8.199999809265137
vertex -23.28315544128418 -54.78265380859375 -8.199999809265137
endloop
endfacet
facet normal 0 1 0
outer loop
vertex -23.03315544128418 -54.78265380859375 -6.699999809265137
vertex -48.78315353393555 -54.78265380859375 -8.199999809265137
vertex -22.957035064697266 -54.78265380859375 -6.31731653213501
endloop
endfacet
facet normal 0 0 1
outer loop
vertex -10.78315544128418 -36.78265380859375 -8.199999809265137
vertex -16.28315544128418 -36.78265380859375 -8.199999809265137
vertex -13.28315544128418 -45.78265380859375 -8.199999809265137
endloop
endfacet
facet normal 0 1 0
outer loop
vertex -22.957035064697266 -54.78265380859375 -6.31731653213501
vertex -48.78315353393555 -54.78265380859375 -8.199999809265137
vertex -22.74026107788086 -54.78265380859375 -5.992893218994141
endloop
endfacet
facet normal 0 1 0
outer loop
vertex -22.74026107788086 -54.78265380859375 -5.992893218994141
vertex -48.78315353393555 -54.78265380859375 -8.199999809265137
vertex -22.41583824157715 -54.78265380859375 -5.776120662689209
endloop
endfacet
facet normal 0 1 0
outer loop
vertex -22.41583824157715 -54.78265380859375 -5.776120662689209
vertex -48.78315353393555 -54.78265380859375 -8.199999809265137
vertex -22.03315544128418 -54.78265380859375 -5.699999809265137
endloop
endfacet
facet normal 0 1 0
outer loop
vertex -48.78315353393555 -54.78265380859375 0
vertex -47.62310028076172 -54.78265380859375 0
vertex -47.62310028076172 -54.78265380859375 -5
endloop
endfacet
facet normal 0 1 0
outer loop
vertex -23.03315544128418 -54.78265380859375 -8.199999809265137
vertex -23.28315544128418 -54.78265380859375 -8.199999809265137
vertex -23.03315544128418 -54.78265380859375 -6.699999809265137
endloop
endfacet
facet normal 0 1 0
outer loop
vertex -35.62310028076172 -54.78265380859375 -5
vertex -10.78315544128418 -54.78265380859375 0
vertex -48.78315353393555 -54.78265380859375 -8.199999809265137
endloop
endfacet
facet normal 0 0 1
outer loop
vertex -48.78315353393555 -21.782655715942383 -8.199999809265137
vertex -24.833154678344727 -23.882654190063477 -8.199999809265137
vertex -20.733154296875 -23.882654190063477 -8.199999809265137
endloop
endfacet
facet normal 0 1 0
outer loop
vertex -22.03315544128418 -54.78265380859375 -5.699999809265137
vertex -48.78315353393555 -54.78265380859375 -8.199999809265137
vertex -10.78315544128418 -54.78265380859375 0
endloop
endfacet
facet normal 1 0 0
outer loop
vertex -48.78315353393555 -54.78265380859375 0
vertex -48.78315353393555 -54.42265319824219 -4.099999904632568
vertex -48.78315353393555 -54.42265319824219 0
endloop
endfacet
facet normal 0 1 0
outer loop
vertex -10.78315544128418 -54.78265380859375 0
vertex -13.609275817871094 -54.78265380859375 -6.31731653213501
vertex -13.826047897338867 -54.78265380859375 -5.992893218994141
endloop
endfacet
facet normal 0 1 0
outer loop
vertex -10.78315544128418 -54.78265380859375 0
vertex -13.826047897338867 -54.78265380859375 -5.992893218994141
vertex -14.150471687316895 -54.78265380859375 -5.776120662689209
endloop
endfacet
facet normal 0 0 1
outer loop
vertex -24.833154678344727 -33.682655334472656 -8.199999809265137
vertex -24.833154678344727 -23.882654190063477 -8.199999809265137
vertex -48.78315353393555 -21.782655715942383 -8.199999809265137
endloop
endfacet
facet normal 0 0 1
outer loop
vertex -48.78315353393555 -21.782655715942383 -8.199999809265137
vertex -48.78315353393555 -54.78265380859375 -8.199999809265137
vertex -23.28315544128418 -45.78265380859375 -8.199999809265137
endloop
endfacet
facet normal 0 1 0
outer loop
vertex -10.78315544128418 -54.78265380859375 0
vertex -14.150471687316895 -54.78265380859375 -5.776120662689209
vertex -14.53315544128418 -54.78265380859375 -5.699999809265137
endloop
endfacet
facet normal 0 1 0
outer loop
vertex -10.78315544128418 -54.78265380859375 0
vertex -13.53315544128418 -54.78265380859375 -6.699999809265137
vertex -13.609275817871094 -54.78265380859375 -6.31731653213501
endloop
endfacet
facet normal 1 0 0
outer loop
vertex -48.78315353393555 -54.78265380859375 -8.199999809265137
vertex -48.78315353393555 -21.782655715942383 -4.099999904632568
vertex -48.78315353393555 -54.42265319824219 -4.099999904632568
endloop
endfacet
facet normal 1 0 0
outer loop
vertex -48.78315353393555 -54.78265380859375 -8.199999809265137
vertex -48.78315353393555 -21.782655715942383 -8.199999809265137
vertex -48.78315353393555 -21.782655715942383 -4.099999904632568
endloop
endfacet
facet normal 0 0 1
outer loop
vertex -48.78315353393555 -21.782655715942383 -8.199999809265137
vertex -23.28315544128418 -45.78265380859375 -8.199999809265137
vertex -13.28315544128418 -45.78265380859375 -8.199999809265137
endloop
endfacet
facet normal 0 1 0
outer loop
vertex -10.78315544128418 -54.78265380859375 0
vertex -13.28315544128418 -54.78265380859375 -8.199999809265137
vertex -13.53315544128418 -54.78265380859375 -6.699999809265137
endloop
endfacet
facet normal 0 0 1
outer loop
vertex -20.733154296875 -23.882654190063477 -8.199999809265137
vertex -16.28315544128418 -21.782655715942383 -8.199999809265137
vertex -48.78315353393555 -21.782655715942383 -8.199999809265137
endloop
endfacet
facet normal 0 0 1
outer loop
vertex -13.28315544128418 -45.78265380859375 -8.199999809265137
vertex -16.28315544128418 -36.78265380859375 -8.199999809265137
vertex -24.833154678344727 -33.682655334472656 -8.199999809265137
endloop
endfacet
facet normal 0 0 1
outer loop
vertex -20.733154296875 -33.682655334472656 -8.199999809265137
vertex -24.833154678344727 -33.682655334472656 -8.199999809265137
vertex -16.28315544128418 -36.78265380859375 -8.199999809265137
endloop
endfacet
facet normal 0 0 1
outer loop
vertex -20.733154296875 -33.682655334472656 -8.199999809265137
vertex -16.28315544128418 -36.78265380859375 -8.199999809265137
vertex -16.28315544128418 -21.782655715942383 -8.199999809265137
endloop
endfacet
facet normal 0 1 0
outer loop
vertex -13.28315544128418 -54.78265380859375 -8.199999809265137
vertex -13.53315544128418 -54.78265380859375 -8.199999809265137
vertex -13.53315544128418 -54.78265380859375 -6.699999809265137
endloop
endfacet
facet normal 0 1 0
outer loop
vertex -10.78315544128418 -54.78265380859375 0
vertex -35.62310028076172 -54.78265380859375 -5
vertex -35.62310028076172 -54.78265380859375 0
endloop
endfacet
facet normal 0 1 0
outer loop
vertex -10.78315544128418 -54.78265380859375 -8.199999809265137
vertex -13.28315544128418 -54.78265380859375 -8.199999809265137
vertex -10.78315544128418 -54.78265380859375 0
endloop
endfacet
facet normal 0 1 0
outer loop
vertex -14.53315544128418 -54.78265380859375 -5.699999809265137
vertex -22.03315544128418 -54.78265380859375 -5.699999809265137
vertex -10.78315544128418 -54.78265380859375 0
endloop
endfacet
facet normal 0 0 1
outer loop
vertex -13.28315544128418 -54.78265380859375 -8.199999809265137
vertex -10.78315544128418 -54.78265380859375 -8.199999809265137
vertex -10.78315544128418 -36.78265380859375 -8.199999809265137
endloop
endfacet
facet normal 0 0 1
outer loop
vertex -13.28315544128418 -45.78265380859375 -8.199999809265137
vertex -13.28315544128418 -54.78265380859375 -8.199999809265137
vertex -10.78315544128418 -36.78265380859375 -8.199999809265137
endloop
endfacet
facet normal 0 1 0
outer loop
vertex -47.62310028076172 -54.78265380859375 -5
vertex -35.62310028076172 -54.78265380859375 -5
vertex -48.78315353393555 -54.78265380859375 -8.199999809265137
endloop
endfacet
facet normal 0 0 1
outer loop
vertex -48.78315353393555 -21.782655715942383 -8.199999809265137
vertex -13.28315544128418 -45.78265380859375 -8.199999809265137
vertex -24.833154678344727 -33.682655334472656 -8.199999809265137
endloop
endfacet
facet normal 0 1 0
outer loop
vertex -13.28315544128418 -54.78265380859375 -9.5
vertex -14.53315544128418 -54.78265380859375 -9.199999809265137
vertex -14.150471687316895 -54.78265380859375 -9.123879432678223
endloop
endfacet
facet normal 0 1 0
outer loop
vertex -13.609275817871094 -54.78265380859375 -8.582683563232422
vertex -13.53315544128418 -54.78265380859375 -8.199999809265137
vertex -13.28315544128418 -54.78265380859375 -9.5
endloop
endfacet
facet normal -1 0 0
outer loop
vertex -13.28315544128418 -45.78265380859375 -9.5
vertex -13.28315544128418 -54.78265380859375 -8.199999809265137
vertex -13.28315544128418 -45.78265380859375 -8.199999809265137
endloop
endfacet
facet normal 0 -1 0
outer loop
vertex -13.28315544128418 -45.78265380859375 -8.199999809265137
vertex -23.28315544128418 -45.78265380859375 -9.5
vertex -13.28315544128418 -45.78265380859375 -9.5
endloop
endfacet
facet normal 0 1 0
outer loop
vertex -13.28315544128418 -54.78265380859375 -9.5
vertex -13.53315544128418 -54.78265380859375 -8.199999809265137
vertex -13.28315544128418 -54.78265380859375 -8.199999809265137
endloop
endfacet
facet normal 0 1 0
outer loop
vertex -22.957035064697266 -54.78265380859375 -8.582683563232422
vertex -23.28315544128418 -54.78265380859375 -8.199999809265137
vertex -23.03315544128418 -54.78265380859375 -8.199999809265137
endloop
endfacet
facet normal 0 1 0
outer loop
vertex -13.28315544128418 -54.78265380859375 -9.5
vertex -23.28315544128418 -54.78265380859375 -9.5
vertex -14.53315544128418 -54.78265380859375 -9.199999809265137
endloop
endfacet
facet normal 0 -1 0
outer loop
vertex -23.28315544128418 -45.78265380859375 -8.199999809265137
vertex -23.28315544128418 -45.78265380859375 -9.5
vertex -13.28315544128418 -45.78265380859375 -8.199999809265137
endloop
endfacet
facet normal 1 0 0
outer loop
vertex -23.28315544128418 -45.78265380859375 -8.199999809265137
vertex -23.28315544128418 -54.78265380859375 -9.5
vertex -23.28315544128418 -45.78265380859375 -9.5
endloop
endfacet
facet normal 0 1 0
outer loop
vertex -22.03315544128418 -54.78265380859375 -9.199999809265137
vertex -14.53315544128418 -54.78265380859375 -9.199999809265137
vertex -23.28315544128418 -54.78265380859375 -9.5
endloop
endfacet
facet normal -1 0 0
outer loop
vertex -13.28315544128418 -54.78265380859375 -9.5
vertex -13.28315544128418 -54.78265380859375 -8.199999809265137
vertex -13.28315544128418 -45.78265380859375 -9.5
endloop
endfacet
facet normal 1 0 0
outer loop
vertex -23.28315544128418 -54.78265380859375 -8.199999809265137
vertex -23.28315544128418 -54.78265380859375 -9.5
vertex -23.28315544128418 -45.78265380859375 -8.199999809265137
endloop
endfacet
facet normal 0 1 0
outer loop
vertex -22.957035064697266 -54.78265380859375 -8.582683563232422
vertex -23.28315544128418 -54.78265380859375 -9.5
vertex -23.28315544128418 -54.78265380859375 -8.199999809265137
endloop
endfacet
facet normal 0 1 0
outer loop
vertex -14.150471687316895 -54.78265380859375 -9.123879432678223
vertex -13.826047897338867 -54.78265380859375 -8.907106399536133
vertex -13.28315544128418 -54.78265380859375 -9.5
endloop
endfacet
facet normal 0 1 0
outer loop
vertex -22.74026107788086 -54.78265380859375 -8.907106399536133
vertex -23.28315544128418 -54.78265380859375 -9.5
vertex -22.957035064697266 -54.78265380859375 -8.582683563232422
endloop
endfacet
facet normal 0 1 0
outer loop
vertex -22.41583824157715 -54.78265380859375 -9.123879432678223
vertex -23.28315544128418 -54.78265380859375 -9.5
vertex -22.74026107788086 -54.78265380859375 -8.907106399536133
endloop
endfacet
facet normal 0 1 0
outer loop
vertex -23.28315544128418 -54.78265380859375 -9.5
vertex -22.41583824157715 -54.78265380859375 -9.123879432678223
vertex -22.03315544128418 -54.78265380859375 -9.199999809265137
endloop
endfacet
facet normal 0 0 1
outer loop
vertex -23.28315544128418 -54.78265380859375 -9.5
vertex -13.28315544128418 -54.78265380859375 -9.5
vertex -23.28315544128418 -45.78265380859375 -9.5
endloop
endfacet
facet normal 0 1 0
outer loop
vertex -13.826047897338867 -54.78265380859375 -8.907106399536133
vertex -13.609275817871094 -54.78265380859375 -8.582683563232422
vertex -13.28315544128418 -54.78265380859375 -9.5
endloop
endfacet
facet normal 0 0 1
outer loop
vertex -23.28315544128418 -45.78265380859375 -9.5
vertex -13.28315544128418 -54.78265380859375 -9.5
vertex -13.28315544128418 -45.78265380859375 -9.5
endloop
endfacet
facet normal -1 0 0
outer loop
vertex -20.733154296875 -23.882654190063477 -8.199999809265137
vertex -20.733154296875 -23.882654190063477 -10
vertex -20.733154296875 -33.682655334472656 -8.199999809265137
endloop
endfacet
facet normal 0 -1 0
outer loop
vertex -24.833154678344727 -23.882654190063477 -10
vertex -20.733154296875 -23.882654190063477 -10
vertex -20.733154296875 -23.882654190063477 -8.199999809265137
endloop
endfacet
facet normal 1 0 0
outer loop
vertex -24.833154678344727 -23.882654190063477 -8.199999809265137
vertex -24.833154678344727 -33.682655334472656 -10
vertex -24.833154678344727 -23.882654190063477 -10
endloop
endfacet
facet normal 0 0 1
outer loop
vertex -21.53315544128418 -25.532655715942383 -10
vertex -21.53315544128418 -32.03265380859375 -10
vertex -20.733154296875 -23.882654190063477 -10
endloop
endfacet
facet normal 0 0 1
outer loop
vertex -24.833154678344727 -33.682655334472656 -10
vertex -24.03315544128418 -32.03265380859375 -10
vertex -24.03315544128418 -25.532655715942383 -10
endloop
endfacet
facet normal 0 0 1
outer loop
vertex -20.733154296875 -23.882654190063477 -10
vertex -24.03315544128418 -25.532655715942383 -10
vertex -21.53315544128418 -25.532655715942383 -10
endloop
endfacet
facet normal 0 0 1
outer loop
vertex -24.833154678344727 -23.882654190063477 -10
vertex -24.03315544128418 -25.532655715942383 -10
vertex -20.733154296875 -23.882654190063477 -10
endloop
endfacet
facet normal 0 0 1
outer loop
vertex -24.833154678344727 -33.682655334472656 -10
vertex -24.03315544128418 -25.532655715942383 -10
vertex -24.833154678344727 -23.882654190063477 -10
endloop
endfacet
facet normal 0 1 0
outer loop
vertex -20.733154296875 -33.682655334472656 -10
vertex -24.833154678344727 -33.682655334472656 -10
vertex -24.833154678344727 -33.682655334472656 -8.199999809265137
endloop
endfacet
facet normal 0 1 0
outer loop
vertex -20.733154296875 -33.682655334472656 -10
vertex -24.833154678344727 -33.682655334472656 -8.199999809265137
vertex -20.733154296875 -33.682655334472656 -8.199999809265137
endloop
endfacet
facet normal 1 0 0
outer loop
vertex -24.833154678344727 -33.682655334472656 -8.199999809265137
vertex -24.833154678344727 -33.682655334472656 -10
vertex -24.833154678344727 -23.882654190063477 -8.199999809265137
endloop
endfacet
facet normal -1 0 0
outer loop
vertex -20.733154296875 -23.882654190063477 -10
vertex -20.733154296875 -33.682655334472656 -10
vertex -20.733154296875 -33.682655334472656 -8.199999809265137
endloop
endfacet
facet normal 0 0 1
outer loop
vertex -21.53315544128418 -32.03265380859375 -10
vertex -20.733154296875 -33.682655334472656 -10
vertex -20.733154296875 -23.882654190063477 -10
endloop
endfacet
facet normal 0 0 1
outer loop
vertex -21.53315544128418 -32.03265380859375 -10
vertex -24.833154678344727 -33.682655334472656 -10
vertex -20.733154296875 -33.682655334472656 -10
endloop
endfacet
facet normal 0 0 1
outer loop
vertex -21.53315544128418 -32.03265380859375 -10
vertex -24.03315544128418 -32.03265380859375 -10
vertex -24.833154678344727 -33.682655334472656 -10
endloop
endfacet
facet normal 0 -1 0
outer loop
vertex -24.833154678344727 -23.882654190063477 -8.199999809265137
vertex -24.833154678344727 -23.882654190063477 -10
vertex -20.733154296875 -23.882654190063477 -8.199999809265137
endloop
endfacet
facet normal -1 0 0
outer loop
vertex -21.53315544128418 -32.03265380859375 -11.699999809265137
vertex -21.53315544128418 -32.03265380859375 -10
vertex -21.53315544128418 -25.532655715942383 -10
endloop
endfacet
facet normal -1 0 0
outer loop
vertex -21.53315544128418 -25.532655715942383 -11.699999809265137
vertex -21.53315544128418 -32.03265380859375 -11.699999809265137
vertex -21.53315544128418 -25.532655715942383 -10
endloop
endfacet
facet normal 0 -1 0
outer loop
vertex -24.03315544128418 -25.532655715942383 -10
vertex -21.53315544128418 -25.532655715942383 -11.699999809265137
vertex -21.53315544128418 -25.532655715942383 -10
endloop
endfacet
facet normal 0 -1 0
outer loop
vertex -24.03315544128418 -25.532655715942383 -10
vertex -24.03315544128418 -25.532655715942383 -11.699999809265137
vertex -21.53315544128418 -25.532655715942383 -11.699999809265137
endloop
endfacet
facet normal 0 1 0
outer loop
vertex -21.53315544128418 -32.03265380859375 -11.699999809265137
vertex -24.03315544128418 -32.03265380859375 -11.699999809265137
vertex -21.53315544128418 -32.03265380859375 -10
endloop
endfacet
facet normal 1 0 0
outer loop
vertex -24.03315544128418 -25.532655715942383 -10
vertex -24.03315544128418 -32.03265380859375 -10
vertex -24.03315544128418 -25.532655715942383 -11.699999809265137
endloop
endfacet
facet normal 1 0 0
outer loop
vertex -24.03315544128418 -32.03265380859375 -11.699999809265137
vertex -24.03315544128418 -25.532655715942383 -11.699999809265137
vertex -24.03315544128418 -32.03265380859375 -10
endloop
endfacet
facet normal 0 1 0
outer loop
vertex -21.53315544128418 -32.03265380859375 -10
vertex -24.03315544128418 -32.03265380859375 -11.699999809265137
vertex -24.03315544128418 -32.03265380859375 -10
endloop
endfacet
facet normal -0.19508570553829574 0.9807861986664704 0
outer loop
vertex -18.591814041137695 -36.24459457397461 -14.78563117980957
vertex -18.78315544128418 -36.28265380859375 -14.789429664611816
vertex -18.78315544128418 -36.28265380859375 -11.699999809265137
endloop
endfacet
facet normal 0.8314662352898057 -0.5555752870430771 0
outer loop
vertex -38.245094299316406 -21.591312408447266 -13.323039054870605
vertex -38.1367073059082 -21.429101943969727 -13.306848526000977
vertex -38.1367073059082 -21.429101943969727 -11.699999809265137
endloop
endfacet
facet normal 0 0 -1
outer loop
vertex -24.03315544128418 -25.532655715942383 -11.699999809265137
vertex -37.78315353393555 -36.28265380859375 -11.699999809265137
vertex -18.78315544128418 -21.282655715942383 -11.699999809265137
endloop
endfacet
facet normal 0 0 -1
outer loop
vertex -38.1367073059082 -21.429101943969727 -11.699999809265137
vertex -38.245094299316406 -35.973995208740234 -11.699999809265137
vertex -38.245094299316406 -21.591312408447266 -11.699999809265137
endloop
endfacet
facet normal 0 0 -1
outer loop
vertex -38.245094299316406 -21.591312408447266 -11.699999809265137
vertex -38.28315353393555 -35.78265380859375 -11.699999809265137
vertex -38.28315353393555 -21.782655715942383 -11.699999809265137
endloop
endfacet
facet normal -0.831469252991977 0.5555707707654927 0
outer loop
vertex -18.32121467590332 -35.973995208740234 -11.699999809265137
vertex -18.32121467590332 -35.973995208740234 -14.758622169494629
vertex -18.429601669311523 -36.136207580566406 -11.699999809265137
endloop
endfacet
facet normal -0.5555707707654927 0.831469252991977 0
outer loop
vertex -18.429601669311523 -36.136207580566406 -11.699999809265137
vertex -18.429601669311523 -36.136207580566406 -14.774812698364258
vertex -18.591814041137695 -36.24459457397461 -11.699999809265137
endloop
endfacet
facet normal 0 -1 0
outer loop
vertex -37.78315353393555 -21.282655715942383 -11.699999809265137
vertex -37.78315353393555 -21.282655715942383 -13.292231559753418
vertex -18.78315544128418 -21.282655715942383 -11.699999809265137
endloop
endfacet
facet normal 0.19508196428504695 -0.9807869428222867 0
outer loop
vertex -37.9744987487793 -21.320714950561523 -13.296030044555664
vertex -37.78315353393555 -21.282655715942383 -13.292231559753418
vertex -37.78315353393555 -21.282655715942383 -11.699999809265137
endloop
endfacet
facet normal 0.5555798033776966 -0.83146321751404 0
outer loop
vertex -38.1367073059082 -21.429101943969727 -13.306848526000977
vertex -37.9744987487793 -21.320714950561523 -13.296030044555664
vertex -37.9744987487793 -21.320714950561523 -11.699999809265137
endloop
endfacet
facet normal 0 0 -1
outer loop
vertex -37.78315353393555 -21.282655715942383 -11.699999809265137
vertex -18.78315544128418 -21.282655715942383 -11.699999809265137
vertex -37.78315353393555 -36.28265380859375 -11.699999809265137
endloop
endfacet
facet normal 0.9807865707497303 -0.19508383489408904 0
outer loop
vertex -38.28315353393555 -21.782655715942383 -13.342137336730957
vertex -38.245094299316406 -21.591312408447266 -13.323039054870605
vertex -38.245094299316406 -21.591312408447266 -11.699999809265137
endloop
endfacet
facet normal 1 0 0
outer loop
vertex -38.28315353393555 -21.782655715942383 -11.699999809265137
vertex -38.28315353393555 -35.78265380859375 -14.739523887634277
vertex -38.28315353393555 -21.782655715942383 -13.342137336730957
endloop
endfacet
facet normal 0 0 -1
outer loop
vertex -37.9744987487793 -21.320714950561523 -11.699999809265137
vertex -38.1367073059082 -36.136207580566406 -11.699999809265137
vertex -38.1367073059082 -21.429101943969727 -11.699999809265137
endloop
endfacet
facet normal 0 0 -1
outer loop
vertex -37.78315353393555 -36.28265380859375 -11.699999809265137
vertex -37.9744987487793 -36.24459457397461 -11.699999809265137
vertex -37.78315353393555 -21.282655715942383 -11.699999809265137
endloop
endfacet
facet normal -1 0 0
outer loop
vertex -18.28315544128418 -21.782655715942383 -13.342137336730957
vertex -18.28315544128418 -35.78265380859375 -11.699999809265137
vertex -18.28315544128418 -21.782655715942383 -11.699999809265137
endloop
endfacet
facet normal 0 0 -1
outer loop
vertex -37.9744987487793 -36.24459457397461 -11.699999809265137
vertex -38.1367073059082 -36.136207580566406 -11.699999809265137
vertex -37.9744987487793 -21.320714950561523 -11.699999809265137
endloop
endfacet
facet normal 0 0 -1
outer loop
vertex -38.1367073059082 -36.136207580566406 -11.699999809265137
vertex -38.245094299316406 -35.973995208740234 -11.699999809265137
vertex -38.1367073059082 -21.429101943969727 -11.699999809265137
endloop
endfacet
facet normal 0 0 -1
outer loop
vertex -38.245094299316406 -35.973995208740234 -11.699999809265137
vertex -38.28315353393555 -35.78265380859375 -11.699999809265137
vertex -38.245094299316406 -21.591312408447266 -11.699999809265137
endloop
endfacet
facet normal 1 0 0
outer loop
vertex -38.28315353393555 -35.78265380859375 -11.699999809265137
vertex -38.28315353393555 -35.78265380859375 -14.739523887634277
vertex -38.28315353393555 -21.782655715942383 -11.699999809265137
endloop
endfacet
facet normal 0.19508196428504695 0.9807869428222868 0
outer loop
vertex -37.78315353393555 -36.28265380859375 -14.789429664611816
vertex -37.9744987487793 -36.24459457397461 -11.699999809265137
vertex -37.78315353393555 -36.28265380859375 -11.699999809265137
endloop
endfacet
facet normal 0.5555798033776966 0.83146321751404 0
outer loop
vertex -37.9744987487793 -36.24459457397461 -11.699999809265137
vertex -37.9744987487793 -36.24459457397461 -14.78563117980957
vertex -38.1367073059082 -36.136207580566406 -11.699999809265137
endloop
endfacet
facet normal 0.9807861986664705 0.19508570553829577 0
outer loop
vertex -38.245094299316406 -35.973995208740234 -11.699999809265137
vertex -38.245094299316406 -35.973995208740234 -14.758622169494629
vertex -38.28315353393555 -35.78265380859375 -11.699999809265137
endloop
endfacet
facet normal 0.831469252991977 0.5555707707654927 0
outer loop
vertex -38.1367073059082 -36.136207580566406 -11.699999809265137
vertex -38.1367073059082 -36.136207580566406 -14.774812698364258
vertex -38.245094299316406 -35.973995208740234 -11.699999809265137
endloop
endfacet
facet normal 0.9807861986664704 0.19508570553829574 0
outer loop
vertex -38.245094299316406 -35.973995208740234 -14.758622169494629
vertex -38.28315353393555 -35.78265380859375 -14.739523887634277
vertex -38.28315353393555 -35.78265380859375 -11.699999809265137
endloop
endfacet
facet normal 0.19508196428504695 0.9807869428222868 0
outer loop
vertex -37.78315353393555 -36.28265380859375 -14.789429664611816
vertex -37.9744987487793 -36.24459457397461 -14.78563117980957
vertex -37.9744987487793 -36.24459457397461 -11.699999809265137
endloop
endfacet
facet normal 0.5555798033776967 0.8314632175140401 0
outer loop
vertex -37.9744987487793 -36.24459457397461 -14.78563117980957
vertex -38.1367073059082 -36.136207580566406 -14.774812698364258
vertex -38.1367073059082 -36.136207580566406 -11.699999809265137
endloop
endfacet
facet normal 0.831469252991977 0.5555707707654927 0
outer loop
vertex -38.1367073059082 -36.136207580566406 -14.774812698364258
vertex -38.245094299316406 -35.973995208740234 -14.758622169494629
vertex -38.245094299316406 -35.973995208740234 -11.699999809265137
endloop
endfacet
facet normal 0 0 -1
outer loop
vertex -18.78315544128418 -21.282655715942383 -11.699999809265137
vertex -21.53315544128418 -32.03265380859375 -11.699999809265137
vertex -21.53315544128418 -25.532655715942383 -11.699999809265137
endloop
endfacet
facet normal 0 0 -1
outer loop
vertex -18.591814041137695 -21.320714950561523 -11.699999809265137
vertex -18.78315544128418 -36.28265380859375 -11.699999809265137
vertex -18.78315544128418 -21.282655715942383 -11.699999809265137
endloop
endfacet
facet normal 0 0 -1
outer loop
vertex -18.32121467590332 -21.591312408447266 -11.699999809265137
vertex -18.429601669311523 -36.136207580566406 -11.699999809265137
vertex -18.429601669311523 -21.429101943969727 -11.699999809265137
endloop
endfacet
facet normal 0 0 -1
outer loop
vertex -18.28315544128418 -21.782655715942383 -11.699999809265137
vertex -18.32121467590332 -35.973995208740234 -11.699999809265137
vertex -18.32121467590332 -21.591312408447266 -11.699999809265137
endloop
endfacet
facet normal 0 0 -1
outer loop
vertex -18.429601669311523 -21.429101943969727 -11.699999809265137
vertex -18.591814041137695 -36.24459457397461 -11.699999809265137
vertex -18.591814041137695 -21.320714950561523 -11.699999809265137
endloop
endfacet
facet normal 0 0 -1
outer loop
vertex -18.78315544128418 -21.282655715942383 -11.699999809265137
vertex -21.53315544128418 -25.532655715942383 -11.699999809265137
vertex -24.03315544128418 -25.532655715942383 -11.699999809265137
endloop
endfacet
facet normal 0 0 -1
outer loop
vertex -37.78315353393555 -21.282655715942383 -11.699999809265137
vertex -37.9744987487793 -36.24459457397461 -11.699999809265137
vertex -37.9744987487793 -21.320714950561523 -11.699999809265137
endloop
endfacet
facet normal 0.9807865707497304 -0.19508383489408906 0
outer loop
vertex -38.28315353393555 -21.782655715942383 -11.699999809265137
vertex -38.28315353393555 -21.782655715942383 -13.342137336730957
vertex -38.245094299316406 -21.591312408447266 -11.699999809265137
endloop
endfacet
facet normal -0.5555707707654927 -0.831469252991977 0
outer loop
vertex -18.429601669311523 -21.429101943969727 -13.306848526000977
vertex -18.429601669311523 -21.429101943969727 -11.699999809265137
vertex -18.591814041137695 -21.320714950561523 -13.296030044555664
endloop
endfacet
facet normal 0.8314662352898056 -0.5555752870430771 0
outer loop
vertex -38.245094299316406 -21.591312408447266 -11.699999809265137
vertex -38.245094299316406 -21.591312408447266 -13.323039054870605
vertex -38.1367073059082 -21.429101943969727 -11.699999809265137
endloop
endfacet
facet normal 0 0 -1
outer loop
vertex -18.28315544128418 -35.78265380859375 -11.699999809265137
vertex -18.32121467590332 -35.973995208740234 -11.699999809265137
vertex -18.28315544128418 -21.782655715942383 -11.699999809265137
endloop
endfacet
facet normal 0.5555798033776967 -0.8314632175140401 0
outer loop
vertex -38.1367073059082 -21.429101943969727 -11.699999809265137
vertex -38.1367073059082 -21.429101943969727 -13.306848526000977
vertex -37.9744987487793 -21.320714950561523 -11.699999809265137
endloop
endfacet
facet normal -0.9807861986664704 0.19508570553829574 0
outer loop
vertex -18.28315544128418 -35.78265380859375 -14.739523887634277
vertex -18.32121467590332 -35.973995208740234 -11.699999809265137
vertex -18.28315544128418 -35.78265380859375 -11.699999809265137
endloop
endfacet
facet normal 0 0 -1
outer loop
vertex -18.78315544128418 -36.28265380859375 -11.699999809265137
vertex -37.78315353393555 -36.28265380859375 -11.699999809265137
vertex -24.03315544128418 -32.03265380859375 -11.699999809265137
endloop
endfacet
facet normal -0.19508570553829577 -0.9807861986664705 0
outer loop
vertex -18.78315544128418 -21.282655715942383 -11.699999809265137
vertex -18.78315544128418 -21.282655715942383 -13.292231559753418
vertex -18.591814041137695 -21.320714950561523 -11.699999809265137
endloop
endfacet
facet normal -0.8314662352898057 -0.5555752870430771 0
outer loop
vertex -18.429601669311523 -21.429101943969727 -11.699999809265137
vertex -18.429601669311523 -21.429101943969727 -13.306848526000977
vertex -18.32121467590332 -21.591312408447266 -11.699999809265137
endloop
endfacet
facet normal -0.19508570553829574 0.9807861986664705 0
outer loop
vertex -18.591814041137695 -36.24459457397461 -11.699999809265137
vertex -18.591814041137695 -36.24459457397461 -14.78563117980957
vertex -18.78315544128418 -36.28265380859375 -11.699999809265137
endloop
endfacet
facet normal 0 0 -1
outer loop
vertex -24.03315544128418 -32.03265380859375 -11.699999809265137
vertex -37.78315353393555 -36.28265380859375 -11.699999809265137
vertex -24.03315544128418 -25.532655715942383 -11.699999809265137
endloop
endfacet
facet normal -0.9807865707497303 -0.19508383489408904 0
outer loop
vertex -18.32121467590332 -21.591312408447266 -11.699999809265137
vertex -18.32121467590332 -21.591312408447266 -13.323039054870605
vertex -18.28315544128418 -21.782655715942383 -11.699999809265137
endloop
endfacet
facet normal 0 0 -1
outer loop
vertex -18.78315544128418 -36.28265380859375 -11.699999809265137
vertex -24.03315544128418 -32.03265380859375 -11.699999809265137
vertex -21.53315544128418 -32.03265380859375 -11.699999809265137
endloop
endfacet
facet normal 0.19508196428504695 -0.9807869428222867 0
outer loop
vertex -37.9744987487793 -21.320714950561523 -11.699999809265137
vertex -37.9744987487793 -21.320714950561523 -13.296030044555664
vertex -37.78315353393555 -21.282655715942383 -11.699999809265137
endloop
endfacet
facet normal 0 1 0
outer loop
vertex -18.78315544128418 -36.28265380859375 -14.789429664611816
vertex -37.78315353393555 -36.28265380859375 -11.699999809265137
vertex -18.78315544128418 -36.28265380859375 -11.699999809265137
endloop
endfacet
facet normal -0.9807861986664705 0.19508570553829577 0
outer loop
vertex -18.32121467590332 -35.973995208740234 -14.758622169494629
vertex -18.32121467590332 -35.973995208740234 -11.699999809265137
vertex -18.28315544128418 -35.78265380859375 -14.739523887634277
endloop
endfacet
facet normal -0.19508570553829574 -0.9807861986664704 0
outer loop
vertex -18.591814041137695 -21.320714950561523 -13.296030044555664
vertex -18.591814041137695 -21.320714950561523 -11.699999809265137
vertex -18.78315544128418 -21.282655715942383 -13.292231559753418
endloop
endfacet
facet normal 0 0 -1
outer loop
vertex -18.591814041137695 -36.24459457397461 -11.699999809265137
vertex -18.78315544128418 -36.28265380859375 -11.699999809265137
vertex -18.591814041137695 -21.320714950561523 -11.699999809265137
endloop
endfacet
facet normal -0.5555707707654927 -0.831469252991977 0
outer loop
vertex -18.591814041137695 -21.320714950561523 -11.699999809265137
vertex -18.591814041137695 -21.320714950561523 -13.296030044555664
vertex -18.429601669311523 -21.429101943969727 -11.699999809265137
endloop
endfacet
facet normal -0.8314662352898056 -0.5555752870430771 0
outer loop
vertex -18.32121467590332 -21.591312408447266 -13.323039054870605
vertex -18.32121467590332 -21.591312408447266 -11.699999809265137
vertex -18.429601669311523 -21.429101943969727 -13.306848526000977
endloop
endfacet
facet normal -0.831469252991977 0.5555707707654927 0
outer loop
vertex -18.429601669311523 -36.136207580566406 -14.774812698364258
vertex -18.429601669311523 -36.136207580566406 -11.699999809265137
vertex -18.32121467590332 -35.973995208740234 -14.758622169494629
endloop
endfacet
facet normal -0.9807865707497304 -0.19508383489408906 0
outer loop
vertex -18.28315544128418 -21.782655715942383 -13.342137336730957
vertex -18.28315544128418 -21.782655715942383 -11.699999809265137
vertex -18.32121467590332 -21.591312408447266 -13.323039054870605
endloop
endfacet
facet normal -0.5555707707654927 0.831469252991977 0
outer loop
vertex -18.591814041137695 -36.24459457397461 -14.78563117980957
vertex -18.591814041137695 -36.24459457397461 -11.699999809265137
vertex -18.429601669311523 -36.136207580566406 -14.774812698364258
endloop
endfacet
facet normal 0 0 -1
outer loop
vertex -18.429601669311523 -36.136207580566406 -11.699999809265137
vertex -18.591814041137695 -36.24459457397461 -11.699999809265137
vertex -18.429601669311523 -21.429101943969727 -11.699999809265137
endloop
endfacet
facet normal -1 0 0
outer loop
vertex -18.28315544128418 -35.78265380859375 -11.699999809265137
vertex -18.28315544128418 -21.782655715942383 -13.342137336730957
vertex -18.28315544128418 -35.78265380859375 -14.739523887634277
endloop
endfacet
facet normal 0 1 0
outer loop
vertex -18.78315544128418 -36.28265380859375 -14.789429664611816
vertex -37.78315353393555 -36.28265380859375 -14.789429664611816
vertex -37.78315353393555 -36.28265380859375 -11.699999809265137
endloop
endfacet
facet normal 0 -1 0
outer loop
vertex -37.78315353393555 -21.282655715942383 -13.292231559753418
vertex -18.78315544128418 -21.282655715942383 -13.292231559753418
vertex -18.78315544128418 -21.282655715942383 -11.699999809265137
endloop
endfacet
facet normal 0 0 -1
outer loop
vertex -18.78315544128418 -36.28265380859375 -11.699999809265137
vertex -21.53315544128418 -32.03265380859375 -11.699999809265137
vertex -18.78315544128418 -21.282655715942383 -11.699999809265137
endloop
endfacet
facet normal 0 0 -1
outer loop
vertex -18.32121467590332 -35.973995208740234 -11.699999809265137
vertex -18.429601669311523 -36.136207580566406 -11.699999809265137
vertex -18.32121467590332 -21.591312408447266 -11.699999809265137
endloop
endfacet
facet normal -0.0000019535865261296353 -0.7071106547067589 0.7071029076424182
outer loop
vertex -41.22310256958008 -55.92265319824219 0
vertex -39.51280212402344 -56.22065353393555 -0.2979988753795624
vertex -39.00426483154297 -56.24280548095703 -0.32014966011047363
endloop
endfacet
facet normal 3.8723183596231365e-7 -0.7071036569854933 0.7071099053736922
outer loop
vertex 56.87531280517578 -55.92265319824219 0
vertex 56.258140563964844 -56.191314697265625 -0.2686587870121002
vertex 56.87531280517578 -56.18571853637695 -0.2630630135536194
endloop
endfacet
facet normal 7.407459201164819e-7 -0.7070967328266556 0.7071168294032611
outer loop
vertex -50.424190521240234 -55.92265319824219 0
vertex -44.241939544677734 -56.24280548095703 -0.32014966011047363
vertex -43.733402252197266 -56.22065353393555 -0.2979988753795624
endloop
endfacet
facet normal -1.0528863448765139e-7 -0.7071049015386927 0.7071086608293978
outer loop
vertex -50.424190521240234 -55.92265319824219 0
vertex -45.00542068481445 -56.281005859375 -0.3583499491214752
vertex -44.241939544677734 -56.24280548095703 -0.32014966011047363
endloop
endfacet
facet normal -3.872342294292545e-7 -0.7071036569854933 0.7071099053736921
outer loop
vertex 57.67531204223633 -56.18571853637695 -0.2630630135536194
vertex 58.29248046875 -56.191314697265625 -0.2686587870121002
vertex 57.67531204223633 -55.92265319824219 0
endloop
endfacet
facet normal 0 -0.7071067811865476 0.7071067811865476
outer loop
vertex -50.424190521240234 -55.92265319824219 0
vertex -50.62310028076172 -56.92265319824219 -1
vertex -46.12310028076172 -56.92265319824219 -1
endloop
endfacet
facet normal -6.964616371204632e-8 -0.7071069309637474 0.7071066314093124
outer loop
vertex -50.424190521240234 -55.92265319824219 0
vertex -46.12310028076172 -56.92265319824219 -1
vertex -46.12310028076172 -56.359859466552734 -0.4372060298919678
endloop
endfacet
facet normal -0.0000015016886486994091 -0.7071139749077653 0.7070995873905493
outer loop
vertex -50.424190521240234 -55.92265319824219 0
vertex -46.12310028076172 -56.359859466552734 -0.4372060298919678
vertex -45.70097351074219 -56.327754974365234 -0.4050999879837036
endloop
endfacet
facet normal -6.441856053218319e-7 -0.7071089759732709 0.7071045863927184
outer loop
vertex -50.424190521240234 -55.92265319824219 0
vertex -45.70097351074219 -56.327754974365234 -0.4050999879837036
vertex -45.00542068481445 -56.281005859375 -0.3583499491214752
endloop
endfacet
facet normal -3.8723183596231365e-7 -0.7071036569854933 0.7071099053736922
outer loop
vertex -41.22310256958008 -55.92265319824219 0
vertex -41.22310256958008 -56.18571853637695 -0.2630630135536194
vertex -40.60593032836914 -56.191314697265625 -0.2686587870121002
endloop
endfacet
facet normal 0.0000010670531949295079 -0.7071019865673297 0.7071115757724499
outer loop
vertex -41.22310256958008 -55.92265319824219 0
vertex -40.60593032836914 -56.191314697265625 -0.2686587870121002
vertex -39.51280212402344 -56.22065353393555 -0.2979988753795624
endloop
endfacet
facet normal -5.632535704602277e-7 -0.707111371802767 0.7071021905403008
outer loop
vertex -50.424190521240234 -55.92265319824219 0
vertex -43.733402252197266 -56.22065353393555 -0.2979988753795624
vertex -42.6402702331543 -56.191314697265625 -0.2686587870121002
endloop
endfacet
facet normal 0 -0.7071032122045146 0.7071103501505667
outer loop
vertex -42.023101806640625 -55.92265319824219 0
vertex -50.424190521240234 -55.92265319824219 0
vertex -42.6402702331543 -56.191314697265625 -0.2686587870121002
endloop
endfacet
facet normal 6.434321604871445e-7 -0.7071089815782315 0.7071045807877234
outer loop
vertex 66.0889892578125 -55.92265319824219 0
vertex 60.657630920410156 -56.281005859375 -0.3583499491214752
vertex 61.35318374633789 -56.327754974365234 -0.4050999879837036
endloop
endfacet
facet normal 3.872342294292545e-7 -0.7071036569854933 0.7071099053736921
outer loop
vertex -42.023101806640625 -55.92265319824219 0
vertex -42.6402702331543 -56.191314697265625 -0.2686587870121002
vertex -42.023101806640625 -56.18571853637695 -0.2630630135536194
endloop
endfacet
facet normal 1.0518338726740401e-7 -0.7071049025904437 0.7071086597776525
outer loop
vertex 66.0889892578125 -55.92265319824219 0
vertex 59.89414978027344 -56.24280548095703 -0.32014966011047363
vertex 60.657630920410156 -56.281005859375 -0.3583499491214752
endloop
endfacet
facet normal -7.400574660508878e-7 -0.7070967249239933 0.7071168373056994
outer loop
vertex 66.0889892578125 -55.92265319824219 0
vertex 59.38561248779297 -56.22065353393555 -0.2979988753795624
vertex 59.89414978027344 -56.24280548095703 -0.32014966011047363
endloop
endfacet
facet normal 0.0000014998099253191456 -0.7071139872585657 0.7070995750395015
outer loop
vertex 61.35318374633789 -56.327754974365234 -0.4050999879837036
vertex 61.77531051635742 -56.359859466552734 -0.4372060298919678
vertex 66.0889892578125 -55.92265319824219 0
endloop
endfacet
facet normal 6.944291705126065e-8 -0.7071069309637475 0.7071066314093125
outer loop
vertex 61.77531051635742 -56.359859466552734 -0.4372060298919678
vertex 61.77531051635742 -56.92265319824219 -1
vertex 66.0889892578125 -55.92265319824219 0
endloop
endfacet
facet normal 0 -0.7071067811865476 0.7071067811865476
outer loop
vertex 61.77531051635742 -56.92265319824219 -1
vertex 66.27531433105469 -56.92265319824219 -1
vertex 66.0889892578125 -55.92265319824219 0
endloop
endfacet
facet normal 0 -0.7071032122045147 0.7071103501505668
outer loop
vertex 57.67531204223633 -55.92265319824219 0
vertex 58.29248046875 -56.191314697265625 -0.2686587870121002
vertex 66.0889892578125 -55.92265319824219 0
endloop
endfacet
facet normal 6.894394835624378e-8 -0.7071132552475159 0.7071003070663006
outer loop
vertex -38.24078369140625 -56.281005859375 -0.3583499491214752
vertex -37.545230865478516 -56.327754974365234 -0.4050999879837036
vertex 56.87531280517578 -55.92265319824219 0
endloop
endfacet
facet normal 1.512960900359275e-7 -0.707122852375501 0.7070907096323023
outer loop
vertex -37.545230865478516 -56.327754974365234 -0.4050999879837036
vertex -37.12310028076172 -56.359859466552734 -0.4372060298919678
vertex 56.87531280517578 -55.92265319824219 0
endloop
endfacet
facet normal 1.295116941420543e-8 -0.7071058242800402 0.7071077380917599
outer loop
vertex 56.87531280517578 -55.92265319824219 0
vertex -39.00426483154297 -56.24280548095703 -0.32014966011047363
vertex -38.24078369140625 -56.281005859375 -0.3583499491214752
endloop
endfacet
facet normal 0 -0.7071038849511807 0.7071096774100518
outer loop
vertex -41.22310256958008 -55.92265319824219 0
vertex -39.00426483154297 -56.24280548095703 -0.32014966011047363
vertex 56.87531280517578 -55.92265319824219 0
endloop
endfacet
facet normal 0 -0.7071069309637491 0.7071066314093141
outer loop
vertex -37.12310028076172 -56.359859466552734 -0.4372060298919678
vertex -37.12310028076172 -56.92265319824219 -1
vertex 52.77531051635742 -56.92265319824219 -1
endloop
endfacet
facet normal 0 -0.7071069309637491 0.7071066314093141
outer loop
vertex -37.12310028076172 -56.359859466552734 -0.4372060298919678
vertex 52.77531051635742 -56.92265319824219 -1
vertex 52.77531051635742 -56.359859466552734 -0.4372060298919678
endloop
endfacet
facet normal 0 -0.7071238469975178 0.707089714963689
outer loop
vertex -37.12310028076172 -56.359859466552734 -0.4372060298919678
vertex 52.77531051635742 -56.359859466552734 -0.4372060298919678
vertex 53.19744110107422 -56.327754974365234 -0.4050999879837036
endloop
endfacet
facet normal -7.2034732376211134e-9 -0.7071137145391853 0.707099847765926
outer loop
vertex -37.12310028076172 -56.359859466552734 -0.4372060298919678
vertex 53.19744110107422 -56.327754974365234 -0.4050999879837036
vertex 53.89299011230469 -56.281005859375 -0.3583499491214752
endloop
endfacet
facet normal -2.1015148230854648e-8 -0.7071057436945584 0.7071078186770142
outer loop
vertex -37.12310028076172 -56.359859466552734 -0.4372060298919678
vertex 53.89299011230469 -56.281005859375 -0.3583499491214752
vertex 54.65647506713867 -56.24280548095703 -0.32014966011047363
endloop
endfacet
facet normal -6.76699817887205e-8 -0.7070874530791424 0.7071261087656479
outer loop
vertex -37.12310028076172 -56.359859466552734 -0.4372060298919678
vertex 54.65647506713867 -56.24280548095703 -0.32014966011047363
vertex 55.16501235961914 -56.22065353393555 -0.2979988753795624
endloop
endfacet
facet normal 3.829362546424112e-8 -0.7071225778853776 0.7070909841348118
outer loop
vertex 55.16501235961914 -56.22065353393555 -0.2979988753795624
vertex 56.258140563964844 -56.191314697265625 -0.2686587870121002
vertex -37.12310028076172 -56.359859466552734 -0.4372060298919678
endloop
endfacet
facet normal -3.174575592380502e-8 -0.7071031757407901 0.7071103866139207
outer loop
vertex 56.87531280517578 -55.92265319824219 0
vertex -37.12310028076172 -56.359859466552734 -0.4372060298919678
vertex 56.258140563964844 -56.191314697265625 -0.2686587870121002
endloop
endfacet
facet normal 5.628553670044428e-7 -0.7071113792208669 0.7071021831221048
outer loop
vertex 66.0889892578125 -55.92265319824219 0
vertex 58.29248046875 -56.191314697265625 -0.2686587870121002
vertex 59.38561248779297 -56.22065353393555 -0.2979988753795624
endloop
endfacet
facet normal 0.2546549437048355 -0.6596590927174286 0.7071073051821103
outer loop
vertex 66.27531433105469 -56.92265319824219 -1
vertex 67.14440155029297 -56.58715057373047 -1
vertex 66.61044311523438 -55.721351623535156 0
endloop
endfacet
facet normal 0.25465420188868587 -0.6596591014094335 0.7071075642277737
outer loop
vertex 66.0889892578125 -55.92265319824219 0
vertex 66.27531433105469 -56.92265319824219 -1
vertex 66.61044311523438 -55.721351623535156 0
endloop
endfacet
facet normal 0.47513863613936724 -0.5236839351024036 0.7071056586983897
outer loop
vertex 68.67780303955078 -53.84564208984375 0
vertex 67.14440155029297 -56.58715057373047 -1
vertex 69.50614929199219 -54.4443359375 -1
endloop
endfacet
facet normal 0.4751363751197988 -0.5236833757380924 0.7071075922471585
outer loop
vertex 66.61044311523438 -55.721351623535156 0
vertex 67.14440155029297 -56.58715057373047 -1
vertex 68.67780303955078 -53.84564208984375 0
endloop
endfacet
facet normal 0.6463102949908999 -0.28685278469727254 0.7071057081513317
outer loop
vertex 68.67780303955078 -53.84564208984375 0
vertex 69.50614929199219 -54.4443359375 -1
vertex 69.93450927734375 -53.47919464111328 -1
endloop
endfacet
facet normal 0.6463104001115366 -0.2868469664640897 0.7071079723337976
outer loop
vertex 68.67780303955078 -53.84564208984375 0
vertex 69.93450927734375 -53.47919464111328 -1
vertex 68.934814453125 -53.26655578613281 0
endloop
endfacet
facet normal 0.7071052138848061 -0.0010260661768414095 0.7071076040357106
outer loop
vertex 68.934814453125 -53.26655578613281 0
vertex 69.93450927734375 -53.47919464111328 -1
vertex 69.04225158691406 20.772876739501953 0
endloop
endfacet
facet normal 0.7071070328051531 -0.0010260198239623436 0.7071057851840934
outer loop
vertex 69.04225158691406 20.772876739501953 0
vertex 69.93450927734375 -53.47919464111328 -1
vertex 70.04251861572266 20.95812225341797 -1
endloop
endfacet
facet normal 0.659843806809048 0.254180252797372 0.7071057556713901
outer loop
vertex 69.04225158691406 20.772876739501953 0
vertex 70.04251861572266 20.95812225341797 -1
vertex 68.8409194946289 21.295528411865234 0
endloop
endfacet
facet normal 0.6598438464588303 0.2541764152494488 0.7071070981268363
outer loop
vertex 70.04251861572266 20.95812225341797 -1
vertex 69.70697021484375 21.829208374023438 -1
vertex 68.8409194946289 21.295528411865234 0
endloop
endfacet
facet normal 0.5236835155053822 0.4751365744137951 0.7071073548212099
outer loop
vertex 68.8409194946289 21.295528411865234 0
vertex 69.70697021484375 21.829208374023438 -1
vertex 66.96488952636719 23.36324119567871 0
endloop
endfacet
facet normal 0.5236836367181981 0.4751370640916736 0.7071069360145941
outer loop
vertex 69.70697021484375 21.829208374023438 -1
vertex 67.5636215209961 24.191551208496094 -1
vertex 66.96488952636719 23.36324119567871 0
endloop
endfacet
facet normal 0.2869168455869296 0.6462815468003691 0.7071059934576769
outer loop
vertex 66.59876251220703 24.619897842407227 -1
vertex 66.38597869873047 23.620248794555664 0
vertex 66.96488952636719 23.36324119567871 0
endloop
endfacet
facet normal 0.2869150175378946 0.6462815801786894 0.7071067047008999
outer loop
vertex 67.5636215209961 24.191551208496094 -1
vertex 66.59876251220703 24.619897842407227 -1
vertex 66.96488952636719 23.36324119567871 0
endloop
endfacet
facet normal 0.0011726003648150217 0.7071056199827084 0.7071069701235125
outer loop
vertex 66.59876251220703 24.619897842407227 -1
vertex 5.00338077545166 24.722042083740234 -1
vertex 66.38597869873047 23.620248794555664 0
endloop
endfacet
facet normal 0.0011726132758005767 0.7071059970364117 0.7071065930489175
outer loop
vertex 5.00338077545166 24.722042083740234 -1
vertex 5.00172233581543 23.722043991088867 -2.5849886467477212e-12
vertex 66.38597869873047 23.620248794555664 0
endloop
endfacet
facet normal 0.5009501372105227 0.500953976854968 0.7057578005958918
outer loop
vertex 5.00338077545166 24.722042083740234 -1
vertex 4.298380374908447 24.01820945739746 -5.109484450122048e-12
vertex 4.360592842102051 23.955997467041016 -4.707914613710784e-12
endloop
endfacet
facet normal 0.06232564862961613 0.7056810609951645 0.7057830783432233
outer loop
vertex 5.00338077545166 24.722042083740234 -1
vertex 4.829732418060303 23.737234115600586 -2.9190241803561667e-12
vertex 5.00172233581543 23.722043991088867 -2.5849886467477212e-12
endloop
endfacet
facet normal 0.2994061348484317 0.6420762740158444 0.7057577663483787
outer loop
vertex 5.00338077545166 24.722042083740234 -1
vertex 4.50338077545166 23.856016159057617 -3.9981325541949e-12
vertex 4.661360740661621 23.7823486328125 -3.3957344314911042e-12
endloop
endfacet
facet normal 0.40635244963275646 0.5803307404694872 0.7057576909560355
outer loop
vertex 4.360592842102051 23.955997467041016 -4.707914613710784e-12
vertex 4.50338077545166 23.856016159057617 -3.9981325541949e-12
vertex 5.00338077545166 24.722042083740234 -1
endloop
endfacet
facet normal 0.18335915541068354 0.6843138411128966 0.7057577395880219
outer loop
vertex 5.00338077545166 24.722042083740234 -1
vertex 4.661360740661621 23.7823486328125 -3.3957344314911042e-12
vertex 4.829732418060303 23.737234115600586 -2.9190241803561667e-12
endloop
endfacet
facet normal 0.5004142684385018 0.49958574827226 0.7071065266750161
outer loop
vertex 5.00338077545166 24.722042083740234 -1
vertex 3.883467197418213 25.843812942504883 -1
vertex 2.8341519832611084 25.479482650756836 0
endloop
endfacet
facet normal 0.5004147579217766 0.4995849451480582 0.7071067476947887
outer loop
vertex 3.883467197418213 25.843812942504883 -1
vertex 3.5418448448181152 26.186002731323242 -1
vertex 2.8341519832611084 25.479482650756836 0
endloop
endfacet
facet normal 0.5004460995976983 0.501458174177499 0.705757324402673
outer loop
vertex 2.8341519832611084 25.479482650756836 0
vertex 4.298380374908447 24.01820945739746 -5.109484450122048e-12
vertex 5.00338077545166 24.722042083740234 -1
endloop
endfacet
facet normal 0.6420772244240819 0.2994046400283145 0.705757535847392
outer loop
vertex 2.6021523475646973 25.843982696533203 0
vertex 2.6758193969726562 25.686002731323242 0
vertex 3.5418448448181152 26.186002731323242 -1
endloop
endfacet
facet normal 0.5217739166980769 0.4777227938452226 0.7067764229898047
outer loop
vertex 2.8341519832611084 25.479482650756836 0
vertex 3.5418448448181152 26.186002731323242 -1
vertex 2.7758004665374756 25.543214797973633 0
endloop
endfacet
facet normal 0.5803312807546316 0.40635185894668774 0.7057575867876025
outer loop
vertex 2.7758004665374756 25.543214797973633 0
vertex 3.5418448448181152 26.186002731323242 -1
vertex 2.6758193969726562 25.686002731323242 0
endloop
endfacet
facet normal 0.6843137641558964 0.18336048395080176 0.7057574690445124
outer loop
vertex 2.557037115097046 26.01235580444336 0
vertex 2.6021523475646973 25.843982696533203 0
vertex 3.5418448448181152 26.186002731323242 -1
endloop
endfacet
facet normal 0.7057575333012206 0.06174632278243742 0.7057575333012206
outer loop
vertex 2.5418448448181152 26.186002731323242 0
vertex 2.557037115097046 26.01235580444336 0
vertex 3.5418448448181152 26.186002731323242 -1
endloop
endfacet
facet normal 0.7071067811865475 0 0.7071067811865475
outer loop
vertex 2.5418448448181152 41.27960205078125 0
vertex 3.5418448448181152 26.186002731323242 -1
vertex 3.5418448448181152 41.46380615234375 -1
endloop
endfacet
facet normal 0.7071067811865476 0 0.7071067811865476
outer loop
vertex 2.5418448448181152 26.186002731323242 0
vertex 3.5418448448181152 26.186002731323242 -1
vertex 2.5418448448181152 41.27960205078125 0
endloop
endfacet
facet normal 0.6606958502496634 0.25195417523975766 0.7071068427346237
outer loop
vertex 2.5418448448181152 41.27960205078125 0
vertex 3.5418448448181152 41.46380615234375 -1
vertex 2.3449394702911377 41.79594421386719 0
endloop
endfacet
facet normal 0.6606958467335368 0.2519544851684277 0.7071067355870451
outer loop
vertex 3.2136693000793457 42.32437515258789 -1
vertex 2.3449394702911377 41.79594421386719 0
vertex 3.5418448448181152 41.46380615234375 -1
endloop
endfacet
facet normal 0.5275550876853897 0.47083515190318237 0.7071067028317353
outer loop
vertex 2.3449394702911377 41.79594421386719 0
vertex 3.2136693000793457 42.32437515258789 -1
vertex 1.1165685653686523 44.67410659790039 -1
endloop
endfacet
facet normal 0.5275548457382576 0.4708351189773248 0.7071069052665883
outer loop
vertex 2.3449394702911377 41.79594421386719 0
vertex 1.1165685653686523 44.67410659790039 -1
vertex 0.5089167952537537 43.853145599365234 0
endloop
endfacet
facet normal 0.2961932973079917 0.6420818766394396 0.7071070600135422
outer loop
vertex 1.1165685653686523 44.67410659790039 -1
vertex 0.17272131145000458 45.10950469970703 -1
vertex -0.05739159137010574 44.114383697509766 0
endloop
endfacet
facet normal 0.29619270891516586 0.6420825151724119 0.7071067266653354
outer loop
vertex 1.1165685653686523 44.67410659790039 -1
vertex -0.05739159137010574 44.114383697509766 0
vertex 0.5089167952537537 43.853145599365234 0
endloop
endfacet
facet normal 0.015752985759939237 0.7069311911595945 0.7071068762254573
outer loop
vertex -7.255908966064453 45.27503967285156 -1
vertex -21.073209762573242 45.58293914794922 -1
vertex -21.095489501953125 44.583187103271484 0
endloop
endfacet
facet normal 0.01575293146882358 0.7069311155735571 0.7071069530022065
outer loop
vertex 0.17272131145000458 45.10950469970703 -1
vertex -21.095489501953125 44.583187103271484 0
vertex -0.05739159137010574 44.114383697509766 0
endloop
endfacet
facet normal 0.015752841056632653 0.7069323769304047 0.707105693970974
outer loop
vertex 0.17272131145000458 45.10950469970703 -1
vertex -7.255908966064453 45.27503967285156 -1
vertex -21.095489501953125 44.583187103271484 0
endloop
endfacet
facet normal 0.07392614404764654 0.7044353606808005 0.7059077474066688
outer loop
vertex -21.073209762573242 45.58293914794922 -1
vertex -21.192943572998047 44.593414306640625 0
vertex -21.095489501953125 44.583187103271484 0
endloop
endfacet
facet normal 0.08506972906751653 0.703131956092326 0.7059522600843195
outer loop
vertex -21.073209762573242 45.58293914794922 -1
vertex -21.316967010498047 45.612430572509766 -1
vertex -21.192943572998047 44.593414306640625 0
endloop
endfacet
facet normal 0.07562307121421707 0.7030836437902849 0.7070746360425506
outer loop
vertex -21.192943572998047 44.593414306640625 0
vertex -21.316967010498047 45.612430572509766 -1
vertex -21.437091827392578 44.61967468261719 0
endloop
endfacet
facet normal 0.18334380550413712 0.6843178684353712 0.7057578224315555
outer loop
vertex -21.490615844726562 44.62762451171875 0
vertex -21.316967010498047 45.612430572509766 -1
vertex -21.533159255981445 44.63902282714844 0
endloop
endfacet
facet normal 0.10390482915809537 0.6995626957376373 0.7069765351197428
outer loop
vertex -21.316967010498047 45.612430572509766 -1
vertex -21.490615844726562 44.62762451171875 0
vertex -21.437091827392578 44.61967468261719 0
endloop
endfacet
facet normal 0.15353109597349465 0.6912791758418592 0.7060887363614983
outer loop
vertex -21.316967010498047 45.612430572509766 -1
vertex -39.08985900878906 48.53831481933594 0
vertex -21.533159255981445 44.63902282714844 0
endloop
endfacet
facet normal 0.15353111182354373 0.6912793223073996 0.7060885895214911
outer loop
vertex -38.8736686706543 49.511722564697266 -1
vertex -39.08985900878906 48.53831481933594 0
vertex -21.316967010498047 45.612430572509766 -1
endloop
endfacet
facet normal 0.18336245599663825 0.6843134795691532 0.7057572326309091
outer loop
vertex -39.08985900878906 48.53831481933594 0
vertex -38.8736686706543 49.511722564697266 -1
vertex -39.17698669433594 48.56166076660156 0
endloop
endfacet
facet normal 0.21535261398837022 0.6745161744319914 0.7061523787951204
outer loop
vertex -38.8736686706543 49.511722564697266 -1
vertex -39.08930969238281 49.580570220947266 -1
vertex -39.17698669433594 48.56166076660156 0
endloop
endfacet
facet normal 0.21534903192190133 0.6745168868874714 0.7061527906578959
outer loop
vertex -39.17698669433594 48.56166076660156 0
vertex -39.08930969238281 49.580570220947266 -1
vertex -39.39263153076172 48.63050842285156 0
endloop
endfacet
facet normal 0.24899168894002902 0.6633085852313807 0.7057087640076009
outer loop
vertex -39.08930969238281 49.580570220947266 -1
vertex -39.47706985473633 48.66220474243164 0
vertex -39.39263153076172 48.63050842285156 0
endloop
endfacet
facet normal 0.2753691602565581 0.6524863615403517 0.7059981399291584
outer loop
vertex -39.08930969238281 49.580570220947266 -1
vertex -56.84611892700195 55.99247360229492 0
vertex -39.47706985473633 48.66220474243164 0
endloop
endfacet
facet normal 0.2750471308256417 0.6514217851440788 0.7071058857514083
outer loop
vertex -39.08930969238281 49.580570220947266 -1
vertex -56.62850570678711 56.9860725402832 -1
vertex -56.84611892700195 55.99247360229492 0
endloop
endfacet
facet normal 0.022413255586581884 0.7067513182733186 0.7071069368157386
outer loop
vertex -56.62850570678711 56.9860725402832 -1
vertex -57.55809020996094 57.01555252075195 -1
vertex -57.40386962890625 56.01015853881836 0
endloop
endfacet
facet normal 0.022409438018771113 0.7067528779470542 0.7071054989188241
outer loop
vertex -56.62850570678711 56.9860725402832 -1
vertex -57.40386962890625 56.01015853881836 0
vertex -56.84611892700195 55.99247360229492 0
endloop
endfacet
facet normal -0.23322095581092 0.6675386381176038 0.707106888943062
outer loop
vertex -57.55809020996094 57.01555252075195 -1
vertex -60.56333923339844 55.96559524536133 -1
vertex -60.03519821166992 55.09083938598633 0
endloop
endfacet
facet normal -0.2332210011750917 0.6675386720730101 0.7071068419255256
outer loop
vertex -57.40386962890625 56.01015853881836 0
vertex -57.55809020996094 57.01555252075195 -1
vertex -60.03519821166992 55.09083938598633 0
endloop
endfacet
facet normal -0.4821117843801682 0.5172692463104112 0.7071073144744221
outer loop
vertex -60.56333923339844 55.96559524536133 -1
vertex -61.331695556640625 55.24946212768555 -1
vertex -60.03519821166992 55.09083938598633 0
endloop
endfacet
facet normal -0.48211048552861346 0.51727213291775 0.7071060883984002
outer loop
vertex -60.03519821166992 55.09083938598633 0
vertex -61.331695556640625 55.24946212768555 -1
vertex -60.4962158203125 54.66115951538086 0
endloop
endfacet
facet normal -0.64950024342167 0.27955313629580303 0.7071064119228248
outer loop
vertex -70.1028823852539 34.87091064453125 -1
vertex -69.11017608642578 34.64789962768555 0
vertex -61.331695556640625 55.24946212768555 -1
endloop
endfacet
facet normal -0.649500378068152 0.2795531802864575 0.7071062708540033
outer loop
vertex -61.331695556640625 55.24946212768555 -1
vertex -69.11017608642578 34.64789962768555 0
vertex -60.4962158203125 54.66115951538086 0
endloop
endfacet
facet normal -0.70666229358601 0.025108032387535204 0.7071053595705427
outer loop
vertex -70.1028823852539 34.87091064453125 -1
vertex -70.13619232177734 33.933406829833984 -1
vertex -69.13016510009766 34.08539581298828 0
endloop
endfacet
facet normal -0.706660748672919 0.025111743240714888 0.7071067717370852
outer loop
vertex -70.1028823852539 34.87091064453125 -1
vertex -69.13016510009766 34.08539581298828 0
vertex -69.11017608642578 34.64789962768555 0
endloop
endfacet
facet normal -0.6677049391690177 -0.2327463464414383 0.7071062525727378
outer loop
vertex -70.07085418701172 33.74596405029297 -1
vertex -69.08659362792969 30.92230796813965 -1
vertex -68.21138000488281 31.4495849609375 0
endloop
endfacet
facet normal -0.6677059287706419 -0.2327465483847926 0.7071052516418612
outer loop
vertex -70.13619232177734 33.933406829833984 -1
vertex -70.07085418701172 33.74596405029297 -1
vertex -69.13016510009766 34.08539581298828 0
endloop
endfacet
facet normal -0.6677056440610827 -0.23274735107674227 0.7071052562778292
outer loop
vertex -70.07085418701172 33.74596405029297 -1
vertex -68.21138000488281 31.4495849609375 0
vertex -69.13016510009766 34.08539581298828 0
endloop
endfacet
facet normal -0.5178439511394759 -0.48149633373014283 0.70710601954211
outer loop
vertex -69.08659362792969 30.92230796813965 -1
vertex -68.37223052978516 30.15401840209961 -1
vertex -68.21138000488281 31.4495849609375 0
endloop
endfacet
facet normal -0.5178427105630917 -0.48149689435226295 0.7071065463180184
outer loop
vertex -68.21138000488281 31.4495849609375 0
vertex -68.37223052978516 30.15401840209961 -1
vertex -67.78276062011719 30.988611221313477 0
endloop
endfacet
facet normal -0.2807951798831365 -0.6489443871704768 0.7071246349225371
outer loop
vertex -68.37223052978516 30.15401840209961 -1
vertex -55.201290130615234 25.544668197631836 0
vertex -67.78276062011719 30.988611221313477 0
endloop
endfacet
facet normal -0.2811197435397927 -0.6501378542853085 0.7058983356103175
outer loop
vertex -55.59682083129883 24.629928588867188 -1
vertex -55.201290130615234 25.544668197631836 0
vertex -68.37223052978516 30.15401840209961 -1
endloop
endfacet
facet normal -0.5009521406968298 -0.5009521406968298 0.7057576818303342
outer loop
vertex -54.95403289794922 25.395973205566406 0
vertex -55.59682083129883 24.629928588867188 -1
vertex -54.83077621459961 25.272716522216797 0
endloop
endfacet
facet normal -0.5803342254597604 -0.4063479071093316 0.7057574407315065
outer loop
vertex -54.83077621459961 25.272716522216797 0
vertex -55.59682083129883 24.629928588867188 -1
vertex -54.765480041503906 25.179462432861328 0
endloop
endfacet
facet normal -0.40635244963599154 -0.580330740469097 0.7057576909544935
outer loop
vertex -55.59682083129883 24.629928588867188 -1
vertex -54.95403289794922 25.395973205566406 0
vertex -55.09682083129883 25.495954513549805 0
endloop
endfacet
facet normal -0.29939960017296124 -0.6420796750459449 0.7057574443880594
outer loop
vertex -55.59682083129883 24.629928588867188 -1
vertex -55.09682083129883 25.495954513549805 0
vertex -55.201290130615234 25.544668197631836 0
endloop
endfacet
facet normal -0.5889770726167125 -0.3912895969185193 0.7071056917287475
outer loop
vertex -54.776161193847656 23.388423919677734 -1
vertex -53.94194412231445 23.93985939025879 0
vertex -54.765480041503906 25.179462432861328 0
endloop
endfacet
facet normal -0.5908991279157875 -0.3905962467319437 0.7058844046069301
outer loop
vertex -55.59682083129883 24.629928588867188 -1
vertex -54.776161193847656 23.388423919677734 -1
vertex -54.765480041503906 25.179462432861328 0
endloop
endfacet
facet normal -0.6910464619282296 -0.20923667748355163 0.6918632814741075
outer loop
vertex -53.94194412231445 23.93985939025879 0
vertex -54.776161193847656 23.388423919677734 -1
vertex -53.776641845703125 23.3939151763916 0
endloop
endfacet
facet normal -0.7070965140753225 -0.003889009031717818 0.7071063536634913
outer loop
vertex -53.35650634765625 -52.99478530883789 0
vertex -53.776641845703125 23.3939151763916 0
vertex -54.355403900146484 -53.19776153564453 -1
endloop
endfacet
facet normal -0.7072607298584341 -0.00388562387416398 0.706942120634514
outer loop
vertex -54.776161193847656 23.388423919677734 -1
vertex -54.355403900146484 -53.19776153564453 -1
vertex -53.776641845703125 23.3939151763916 0
endloop
endfacet
facet normal -0.652535987635316 -0.27239309434870906 0.7071059234598012
outer loop
vertex -54.355403900146484 -53.19776153564453 -1
vertex -53.12828063964844 -53.5415153503418 0
vertex -53.35650634765625 -52.99478530883789 0
endloop
endfacet
facet normal -0.6525360268763583 -0.2723910598102001 0.7071066709937706
outer loop
vertex -54.355403900146484 -53.19776153564453 -1
vertex -53.97502899169922 -54.10898208618164 -1
vertex -53.12828063964844 -53.5415153503418 0
endloop
endfacet
facet normal -0.49999973032412515 -0.49999973032412515 0.7071071625656214
outer loop
vertex -53.97502899169922 -54.10898208618164 -1
vertex -51.54195785522461 -56.54205322265625 -1
vertex -53.12828063964844 -53.5415153503418 0
endloop
endfacet
facet normal -0.49999973032412515 -0.49999973032412515 0.7071071625656214
outer loop
vertex -53.12828063964844 -53.5415153503418 0
vertex -51.54195785522461 -56.54205322265625 -1
vertex -50.975502014160156 -55.69429397583008 0
endloop
endfacet
facet normal -0.27059652733294914 -0.6532820259549272 0.7071068617681308
outer loop
vertex -50.975502014160156 -55.69429397583008 0
vertex -51.54195785522461 -56.54205322265625 -1
vertex -50.424190521240234 -55.92265319824219 0
endloop
endfacet
facet normal -0.2705961039979739 -0.6532824375406323 0.70710664351432
outer loop
vertex -51.54195785522461 -56.54205322265625 -1
vertex -50.62310028076172 -56.92265319824219 -1
vertex -50.424190521240234 -55.92265319824219 0
endloop
endfacet
facet normal 0.2557578372763855 -0.585742293034458 -0.76908640270287
outer loop
vertex 67.14440155029297 -56.58715057373047 -15.655341148376465
vertex 66.27531433105469 -56.72451400756836 -15.839736938476562
vertex 66.09090423583984 -55.64636993408203 -16.722185134887695
endloop
endfacet
facet normal 0.255756151799488 -0.5857437569410169 -0.769085848277902
outer loop
vertex 66.09090423583984 -55.64636993408203 -16.722185134887695
vertex 66.61656188964844 -55.443443298339844 -16.70193099975586
vertex 67.14440155029297 -56.389007568359375 -15.806248664855957
endloop
endfacet
facet normal 0.2557578260179658 -0.5857457000613611 -0.7690838116162569
outer loop
vertex 66.32205200195312 -56.90461349487305 -15.687027931213379
vertex 66.27531433105469 -56.72451400756836 -15.839736938476562
vertex 67.14440155029297 -56.58715057373047 -15.655341148376465
endloop
endfacet
facet normal 0.255760232701284 -0.585740368990843 -0.7690870714704909
outer loop
vertex 67.14440155029297 -56.58715057373047 -15.655341148376465
vertex 66.09090423583984 -55.64636993408203 -16.722185134887695
vertex 67.20780181884766 -56.52962875366211 -15.67806625366211
endloop
endfacet
facet normal 0.25575372114303213 -0.5857460489715637 -0.7690849109400694
outer loop
vertex 66.09090423583984 -55.64636993408203 -16.722185134887695
vertex 67.14440155029297 -56.389007568359375 -15.806248664855957
vertex 67.20780181884766 -56.52962875366211 -15.67806625366211
endloop
endfacet
facet normal 0.47642804576890757 -0.44969599318895725 -0.7555063407507691
outer loop
vertex 69.50614929199219 -54.246192932128906 -15.592368125915527
vertex 66.61656188964844 -55.443443298339844 -16.70193099975586
vertex 68.68887329101562 -53.563236236572266 -16.51426124572754
endloop
endfacet
facet normal 0.4747611448781427 -0.44936756327650534 -0.7567500567485483
outer loop
vertex 67.20780181884766 -56.52962875366211 -15.67806625366211
vertex 69.56671905517578 -54.30787658691406 -15.517459869384766
vertex 69.50614929199219 -54.4443359375 -15.474428176879883
endloop
endfacet
facet normal 0.47568068496462873 -0.4504314062544549 -0.7555391678868911
outer loop
vertex 67.20780181884766 -56.52962875366211 -15.67806625366211
vertex 69.50614929199219 -54.246192932128906 -15.592368125915527
vertex 69.56671905517578 -54.30787658691406 -15.517459869384766
endloop
endfacet
facet normal 0.4845900142439297 -0.4598270525722601 -0.7441314398799287
outer loop
vertex 67.14440155029297 -56.389007568359375 -15.806248664855957
vertex 69.50614929199219 -54.246192932128906 -15.592368125915527
vertex 67.20780181884766 -56.52962875366211 -15.67806625366211
endloop
endfacet
facet normal 0.476428009500522 -0.4496957506874019 -0.7555065079647326
outer loop
vertex 67.14440155029297 -56.389007568359375 -15.806248664855957
vertex 66.61656188964844 -55.443443298339844 -16.70193099975586
vertex 69.50614929199219 -54.246192932128906 -15.592368125915527
endloop
endfacet
facet normal 0.6594381549092676 -0.22395092422058407 -0.7176261585189094
outer loop
vertex 69.50614929199219 -54.246192932128906 -15.592368125915527
vertex 69.93450927734375 -53.47919464111328 -15.43809986114502
vertex 69.56671905517578 -54.30787658691406 -15.517459869384766
endloop
endfacet
facet normal 0.6468358329276508 -0.21400366717336441 -0.7319875925704917
outer loop
vertex 69.93450927734375 -53.47919464111328 -15.43809986114502
vertex 68.68887329101562 -53.563236236572266 -16.51426124572754
vertex 69.9347915649414 -53.28117370605469 -15.495743751525879
endloop
endfacet
facet normal 0.6468337250350209 -0.2140237461472011 -0.7319835846809936
outer loop
vertex 69.50614929199219 -54.246192932128906 -15.592368125915527
vertex 68.68887329101562 -53.563236236572266 -16.51426124572754
vertex 69.93450927734375 -53.47919464111328 -15.43809986114502
endloop
endfacet
facet normal 0.6468356900135045 -0.2140231695612686 -0.7319820168663314
outer loop
vertex 68.68887329101562 -53.563236236572266 -16.51426124572754
vertex 68.94963836669922 -52.97570037841797 -16.455617904663086
vertex 69.9347915649414 -53.28117370605469 -15.495743751525879
endloop
endfacet
facet normal 0.7070971491082796 0.06921487908411311 -0.7037207700759691
outer loop
vertex 70.04251861572266 20.95812225341797 -8.085688591003418
vertex 68.94963836669922 -52.97570037841797 -16.455617904663086
vertex 69.96821594238281 21.1510066986084 -8.141376495361328
endloop
endfacet
facet normal 0.7071075414667618 0.06921357937712876 -0.7037104555359666
outer loop
vertex 68.94963836669922 -52.97570037841797 -16.455617904663086
vertex 69.05709075927734 21.07434844970703 -9.06443977355957
vertex 69.96821594238281 21.1510066986084 -8.141376495361328
endloop
endfacet
facet normal 0.7071111435389789 0.06921310010877427 -0.7037068831952196
outer loop
vertex 69.9347915649414 -53.28117370605469 -15.495743751525879
vertex 68.94963836669922 -52.97570037841797 -16.455617904663086
vertex 70.04251861572266 20.95812225341797 -8.085688591003418
endloop
endfacet
facet normal 0.6602572850376291 0.32205447108556623 -0.6784845136099535
outer loop
vertex 69.96821594238281 21.1510066986084 -8.141376495361328
vertex 69.58235168457031 21.9665584564209 -8.129758834838867
vertex 69.70697021484375 21.829208374023438 -8.073683738708496
endloop
endfacet
facet normal 0.660266563632565 0.32205870384558843 -0.6784734749613603
outer loop
vertex 69.96821594238281 21.1510066986084 -8.141376495361328
vertex 69.05709075927734 21.07434844970703 -9.06443977355957
vertex 69.58235168457031 21.9665584564209 -8.129758834838867
endloop
endfacet
facet normal 0.660261226262645 0.32206443661933326 -0.6784759478118731
outer loop
vertex 69.05709075927734 21.07434844970703 -9.06443977355957
vertex 68.85274505615234 21.60481834411621 -9.011491775512695
vertex 69.58235168457031 21.9665584564209 -8.129758834838867
endloop
endfacet
facet normal 0.5248515098966899 0.5417296568726652 -0.6565514994452373
outer loop
vertex 68.85274505615234 21.60481834411621 -9.011491775512695
vertex 66.97196960449219 23.677757263183594 -8.804585456848145
vertex 67.44285583496094 24.245166778564453 -7.9599785804748535
endloop
endfacet
facet normal 0.5248591189717856 0.5417308917133481 -0.6565443977337876
outer loop
vertex 67.5636215209961 24.191551208496094 -7.907674789428711
vertex 68.85274505615234 21.60481834411621 -9.011491775512695
vertex 67.44285583496094 24.245166778564453 -7.9599785804748535
endloop
endfacet
facet normal 0.5248529291043187 0.5417301719189874 -0.6565499399461106
outer loop
vertex 69.58235168457031 21.9665584564209 -8.129758834838867
vertex 68.85274505615234 21.60481834411621 -9.011491775512695
vertex 67.5636215209961 24.191551208496094 -7.907674789428711
endloop
endfacet
facet normal 0.2881080521072385 0.7127875681454935 -0.6394744975432611
outer loop
vertex 66.97196960449219 23.677757263183594 -8.804585456848145
vertex 66.38818359375 23.936931610107422 -8.778716087341309
vertex 66.5512466430664 24.619976043701172 -7.943897247314453
endloop
endfacet
facet normal 0.2881213805535414 0.7127877990167234 -0.6394682350522319
outer loop
vertex 66.97196960449219 23.677757263183594 -8.804585456848145
vertex 66.5512466430664 24.619976043701172 -7.943897247314453
vertex 66.59876251220703 24.619897842407227 -7.9225754737854
endloop
endfacet
facet normal 0.28810251880004134 0.7127880358995549 -0.6394764691054136
outer loop
vertex 67.44285583496094 24.245166778564453 -7.9599785804748535
vertex 66.97196960449219 23.677757263183594 -8.804585456848145
vertex 66.59876251220703 24.619897842407227 -7.9225754737854
endloop
endfacet
facet normal 0.0011834956115040446 0.7738386189260348 -0.6333817105006939
outer loop
vertex 56.294525146484375 24.44026756286621 -8.182539939880371
vertex 5.833359241485596 24.720664978027344 -7.934250831604004
vertex 56.275474548339844 24.63701629638672 -7.942196369171143
endloop
endfacet
facet normal 0.0011835402968166171 0.7738424816392593 -0.6333769910904237
outer loop
vertex 56.35143280029297 24.252676010131836 -8.411627769470215
vertex 5.833359241485596 24.720664978027344 -7.934250831604004
vertex 56.294525146484375 24.44026756286621 -8.182539939880371
endloop
endfacet
facet normal 0.0011834772987837194 0.7738394542553022 -0.6333806899640525
outer loop
vertex 56.443843841552734 24.079788208007812 -8.622682571411133
vertex 5.833359241485596 24.720664978027344 -7.934250831604004
vertex 56.35143280029297 24.252676010131836 -8.411627769470215
endloop
endfacet
facet normal 0.001178782488947718 0.7738417721382865 -0.6333778668107373
outer loop
vertex 66.38818359375 23.936931610107422 -8.778716087341309
vertex 58.19919204711914 24.252676010131836 -8.40818977355957
vertex 58.25609588623047 24.44026756286621 -8.178890228271484
endloop
endfacet
facet normal 0.001178389413026337 0.7738375836158993 -0.6333829849166279
outer loop
vertex 66.38818359375 23.936931610107422 -8.778716087341309
vertex 58.106781005859375 24.079788208007812 -8.619587898254395
vertex 58.19919204711914 24.252676010131836 -8.40818977355957
endloop
endfacet
facet normal -0.0006791361046237203 0.7263006196437998 -0.687376860738841
outer loop
vertex 66.38818359375 23.936931610107422 -8.778716087341309
vertex 57.982418060302734 23.928251266479492 -8.779582977294922
vertex 58.106781005859375 24.079788208007812 -8.619587898254395
endloop
endfacet
facet normal 0.0011834999274468816 0.7738402270195988 -0.6333797457877681
outer loop
vertex 56.54768753051758 23.953250885009766 -8.777087211608887
vertex 5.833359241485596 24.720664978027344 -7.934250831604004
vertex 56.443843841552734 24.079788208007812 -8.622682571411133
endloop
endfacet
facet normal 0.0011852894960981426 0.7738907231815758 -0.6333180430576
outer loop
vertex 56.54768753051758 23.953250885009766 -8.777087211608887
vertex 5.832088947296143 24.0378360748291 -8.768644332885742
vertex 5.833359241485596 24.720664978027344 -7.934250831604004
endloop
endfacet
facet normal 0.0011779881690003446 0.7738365474949074 -0.6333842515448546
outer loop
vertex 58.25609588623047 24.44026756286621 -8.178890228271484
vertex 58.275150299072266 24.63370132446289 -7.9425272941589355
vertex 66.38818359375 23.936931610107422 -8.778716087341309
endloop
endfacet
facet normal 0.0011785091167876695 0.7738390065786395 -0.6333812461808813
outer loop
vertex 66.5512466430664 24.619976043701172 -7.943897247314453
vertex 66.38818359375 23.936931610107422 -8.778716087341309
vertex 58.275150299072266 24.63370132446289 -7.9425272941589355
endloop
endfacet
facet normal 0.5017316112107396 0.5661773873251872 -0.6539943091445828
outer loop
vertex 3.4247214794158936 25.210697174072266 -8.651577949523926
vertex 4.015292644500732 25.711769104003906 -7.764714241027832
vertex 3.7199394702911377 24.914989471435547 -8.681093215942383
endloop
endfacet
facet normal 0.5017309536950704 0.5661778001589706 -0.653994456177867
outer loop
vertex 4.310510635375977 25.416061401367188 -7.794229984283447
vertex 3.7199394702911377 24.914989471435547 -8.681093215942383
vertex 4.015292644500732 25.711769104003906 -7.764714241027832
endloop
endfacet
facet normal 0.4515183443385408 0.6138876192082133 -0.6475130699133838
outer loop
vertex 4.178593158721924 24.537952423095703 -8.71872615814209
vertex 3.7199394702911377 24.914989471435547 -8.681093215942383
vertex 4.615532398223877 25.110532760620117 -7.87119722366333
endloop
endfacet
facet normal 0.33413059321208133 0.6920850617130241 -0.6398242055701101
outer loop
vertex 4.69468879699707 24.263458251953125 -8.746124267578125
vertex 4.178593158721924 24.537952423095703 -8.71872615814209
vertex 4.9388651847839355 24.786664962768555 -8.052667617797852
endloop
endfacet
facet normal 0.4515183868378935 0.6138875547855088 -0.6475131013553126
outer loop
vertex 4.615532398223877 25.110532760620117 -7.87119722366333
vertex 3.7199394702911377 24.914989471435547 -8.681093215942383
vertex 4.310510635375977 25.416061401367188 -7.794229984283447
endloop
endfacet
facet normal 0.06947774618268544 0.7719705138546968 -0.6318499572875586
outer loop
vertex 5.832088947296143 24.0378360748291 -8.768644332885742
vertex 5.254685878753662 24.094425201416016 -8.762996673583984
vertex 5.394217491149902 24.721393585205078 -7.981647491455078
endloop
endfacet
facet normal 0.20575740853816188 0.7449966938305599 -0.6345422090083488
outer loop
vertex 5.394217491149902 24.721393585205078 -7.981647491455078
vertex 5.254685878753662 24.094425201416016 -8.762996673583984
vertex 5.00338077545166 24.722042083740234 -8.107619285583496
endloop
endfacet
facet normal 0.06947656714293322 0.7719702620508544 -0.6318503945770461
outer loop
vertex 5.394217491149902 24.721393585205078 -7.981647491455078
vertex 5.833359241485596 24.720664978027344 -7.934250831604004
vertex 5.832088947296143 24.0378360748291 -8.768644332885742
endloop
endfacet
facet normal 0.20575779055683768 0.7449959196984676 -0.6345429940183747
outer loop
vertex 5.00338077545166 24.722042083740234 -8.107619285583496
vertex 4.69468879699707 24.263458251953125 -8.746124267578125
vertex 4.9388651847839355 24.786664962768555 -8.052667617797852
endloop
endfacet
facet normal 0.20575606440064756 0.7449966565080456 -0.6345426886775938
outer loop
vertex 5.254685878753662 24.094425201416016 -8.762996673583984
vertex 4.69468879699707 24.263458251953125 -8.746124267578125
vertex 5.00338077545166 24.722042083740234 -8.107619285583496
endloop
endfacet
facet normal 0.3341300324405112 0.692085702868883 -0.6398238048914615
outer loop
vertex 4.9388651847839355 24.786664962768555 -8.052667617797852
vertex 4.178593158721924 24.537952423095703 -8.71872615814209
vertex 4.615532398223877 25.110532760620117 -7.87119722366333
endloop
endfacet
facet normal 0.7071067149106075 0.07022966905871744 -0.7036106077314582
outer loop
vertex 3.5418448448181152 27.205617904663086 -7.462396144866943
vertex 2.556678056716919 27.303462982177734 -8.442691802978516
vertex 3.5418448448181152 41.46380615234375 -6.039239883422852
endloop
endfacet
facet normal 0.70710654557544 0.07022970904655698 -0.7036107739166622
outer loop
vertex 3.5418448448181152 41.46380615234375 -6.039239883422852
vertex 2.556678056716919 27.303462982177734 -8.442691802978516
vertex 2.556678056716919 41.58104705810547 -7.017599105834961
endloop
endfacet
facet normal 0.707106556501465 0.07023080705949578 -0.7036106533391976
outer loop
vertex 3.5418448448181152 41.46380615234375 -6.039239883422852
vertex 2.556678056716919 41.58104705810547 -7.017599105834961
vertex 3.468238115310669 41.656822204589844 -6.09394645690918
endloop
endfacet
facet normal 0.5479200889616985 0.5175004034408319 -0.6572495025108658
outer loop
vertex 4.015292644500732 25.711769104003906 -7.764714241027832
vertex 3.4247214794158936 25.210697174072266 -8.651577949523926
vertex 3.716284990310669 26.011274337768555 -7.778161525726318
endloop
endfacet
facet normal 0.5479183295224078 0.5175016089142481 -0.6572500201175644
outer loop
vertex 3.4247214794158936 25.210697174072266 -8.651577949523926
vertex 3.05976939201355 25.653194427490234 -8.607410430908203
vertex 3.716284990310669 26.011274337768555 -7.778161525726318
endloop
endfacet
facet normal 0.6251163615775414 0.4025388057013644 -0.6687241915712155
outer loop
vertex 3.05976939201355 25.653194427490234 -8.607410430908203
vertex 2.7839105129241943 26.166738510131836 -8.55615234375
vertex 3.5418448448181152 26.186002731323242 -7.836047172546387
endloop
endfacet
facet normal 0.6251162456370485 0.4025391721879917 -0.6687240793442746
outer loop
vertex 3.5418448448181152 26.186002731323242 -7.836047172546387
vertex 2.7839105129241943 26.166738510131836 -8.55615234375
vertex 3.5418448448181152 26.39765167236328 -7.708644866943359
endloop
endfacet
facet normal 0.6782898798709585 0.2748002161934899 -0.6814746363912982
outer loop
vertex 2.7839105129241943 26.166738510131836 -8.55615234375
vertex 2.614037275314331 26.723966598510742 -8.500533103942871
vertex 3.5418448448181152 26.81365203857422 -7.540896415710449
endloop
endfacet
facet normal 0.70539804150032 0.13919219367815497 -0.695010169901546
outer loop
vertex 2.614037275314331 26.723966598510742 -8.500533103942871
vertex 2.556678056716919 27.303462982177734 -8.442691802978516
vertex 3.5418448448181152 27.205617904663086 -7.462396144866943
endloop
endfacet
facet normal 0.6782909312470528 0.27479845600315805 -0.6814742997107714
outer loop
vertex 3.5418448448181152 26.39765167236328 -7.708644866943359
vertex 2.7839105129241943 26.166738510131836 -8.55615234375
vertex 3.5418448448181152 26.81365203857422 -7.540896415710449
endloop
endfacet
facet normal 0.7053981350796649 0.1391919247774973 -0.6950101287771758
outer loop
vertex 3.5418448448181152 26.81365203857422 -7.540896415710449
vertex 2.614037275314331 26.723966598510742 -8.500533103942871
vertex 3.5418448448181152 27.205617904663086 -7.462396144866943
endloop
endfacet
facet normal 0.6251141019537733 0.4025415321555426 -0.6687246626440481
outer loop
vertex 3.716284990310669 26.011274337768555 -7.778161525726318
vertex 3.05976939201355 25.653194427490234 -8.607410430908203
vertex 3.5418448448181152 26.186002731323242 -7.836047172546387
endloop
endfacet
facet normal 0.6611099413837024 0.31985428088281204 -0.678694986282186
outer loop
vertex 3.468238115310669 41.656822204589844 -6.09394645690918
vertex 2.556678056716919 41.58104705810547 -7.017599105834961
vertex 3.2136693000793457 42.32437515258789 -6.027316093444824
endloop
endfacet
facet normal 0.6611091857532141 0.31985523267321164 -0.6786952737748273
outer loop
vertex 2.556678056716919 41.58104705810547 -7.017599105834961
vertex 2.3568220138549805 42.105125427246094 -6.965289115905762
vertex 3.089885950088501 42.463069915771484 -6.082528114318848
endloop
endfacet
facet normal 0.6611094307797584 0.31985496516744855 -0.6786951611672166
outer loop
vertex 2.556678056716919 41.58104705810547 -7.017599105834961
vertex 3.089885950088501 42.463069915771484 -6.082528114318848
vertex 3.2136693000793457 42.32437515258789 -6.027316093444824
endloop
endfacet
facet normal 0.5287116735361733 0.5374425462413557 -0.6569775306326595
outer loop
vertex 1.1165685653686523 44.67410659790039 -5.861836910247803
vertex 2.3568220138549805 42.105125427246094 -6.965289115905762
vertex 0.9948921799659729 44.7302360534668 -5.9138407707214355
endloop
endfacet
facet normal 0.5287117283312114 0.5374425518008615 -0.6569774819876262
outer loop
vertex 3.089885950088501 42.463069915771484 -6.082528114318848
vertex 2.3568220138549805 42.105125427246094 -6.965289115905762
vertex 1.1165685653686523 44.67410659790039 -5.861836910247803
endloop
endfacet
facet normal 0.5287123301723607 0.5374426434129966 -0.656976922703502
outer loop
vertex 2.3568220138549805 42.105125427246094 -6.965289115905762
vertex 0.5161367058753967 44.16755294799805 -6.759431838989258
vertex 0.9948921799659729 44.7302360534668 -5.9138407707214355
endloop
endfacet
facet normal 0.29740514617806013 0.7085789775414365 -0.6398953130107605
outer loop
vertex 0.9948921799659729 44.7302360534668 -5.9138407707214355
vertex 0.5161367058753967 44.16755294799805 -6.759431838989258
vertex 0.17272131145000458 45.10950469970703 -5.8759846687316895
endloop
endfacet
facet normal 0.29740936249801314 0.7085790411438551 -0.6398932829387883
outer loop
vertex 0.5161367058753967 44.16755294799805 -6.759431838989258
vertex -0.05500021204352379 44.43102264404297 -6.7331342697143555
vertex 0.12134730070829391 45.11064910888672 -5.898594379425049
endloop
endfacet
facet normal 0.29740280391413454 0.7085790594913537 -0.6398963108772856
outer loop
vertex 0.5161367058753967 44.16755294799805 -6.759431838989258
vertex 0.12134730070829391 45.11064910888672 -5.898594379425049
vertex 0.17272131145000458 45.10950469970703 -5.8759846687316895
endloop
endfacet
facet normal 0.01597699377359722 0.7736481363109748 -0.6334140011497327
outer loop
vertex -0.05500021204352379 44.43102264404297 -6.7331342697143555
vertex -20.881732940673828 45.578670501708984 -5.856729507446289
vertex 0.12134730070829391 45.11064910888672 -5.898594379425049
endloop
endfacet
facet normal 0.01604402932066624 0.7742765900887006 -0.6326439371113672
outer loop
vertex -20.898672103881836 44.901283264160156 -6.6861958503723145
vertex -20.881732940673828 45.578670501708984 -5.856729507446289
vertex -0.05500021204352379 44.43102264404297 -6.7331342697143555
endloop
endfacet
facet normal 0.15312134075837477 0.7571450542955173 -0.6350474169384488
outer loop
vertex -21.317659378051758 45.612586975097656 -5.869234561920166
vertex -21.478395462036133 44.96522903442383 -6.679813385009766
vertex -38.742454528808594 49.482582092285156 -5.456604480743408
endloop
endfacet
facet normal 0.15312132623990748 0.7571450130678989 -0.6350474695933704
outer loop
vertex -21.478395462036133 44.96522903442383 -6.679813385009766
vertex -38.908870697021484 48.812355041503906 -6.29581880569458
vertex -38.742454528808594 49.482582092285156 -5.456604480743408
endloop
endfacet
facet normal 0.06948318158559032 0.771969222616138 -0.6318509371759922
outer loop
vertex -21.073209762573242 45.58293914794922 -5.872570514678955
vertex -20.881732940673828 45.578670501708984 -5.856729507446289
vertex -20.898672103881836 44.901283264160156 -6.6861958503723145
endloop
endfacet
facet normal 0.06946708797276265 0.7719722495423887 -0.6318490085653758
outer loop
vertex -21.073209762573242 45.58293914794922 -5.872570514678955
vertex -21.41434669494629 44.95182418823242 -6.681151390075684
vertex -21.26862907409668 45.60658264160156 -5.865168571472168
endloop
endfacet
facet normal 0.1455704016739254 0.7587889986934071 -0.6348610191359593
outer loop
vertex -21.317659378051758 45.612586975097656 -5.869234561920166
vertex -21.26862907409668 45.60658264160156 -5.865168571472168
vertex -21.41434669494629 44.95182418823242 -6.681151390075684
endloop
endfacet
facet normal 0.06947923744897531 0.7719690223911111 -0.6318516155174577
outer loop
vertex -20.898672103881836 44.901283264160156 -6.6861958503723145
vertex -21.41434669494629 44.95182418823242 -6.681151390075684
vertex -21.073209762573242 45.58293914794922 -5.872570514678955
endloop
endfacet
facet normal 0.14554625177336888 0.7587931862116168 -0.6348615511696594
outer loop
vertex -21.41434669494629 44.95182418823242 -6.681151390075684
vertex -21.478395462036133 44.96522903442383 -6.679813385009766
vertex -21.317659378051758 45.612586975097656 -5.869234561920166
endloop
endfacet
facet normal 0.274906406830215 0.718753321403376 -0.6386079630378215
outer loop
vertex -39.42473220825195 48.97857666015625 -6.279228210449219
vertex -41.225650787353516 49.73441696166992 -6.203784942626953
vertex -41.06753158569336 49.818931579589844 -6.040596961975098
endloop
endfacet
facet normal 0.27485376030519404 0.7186802033572278 -0.6387129055753521
outer loop
vertex -39.42473220825195 48.97857666015625 -6.279228210449219
vertex -41.06753158569336 49.818931579589844 -6.040596961975098
vertex -40.91599655151367 49.943294525146484 -5.83545446395874
endloop
endfacet
facet normal 0.2747907424474943 0.7186242304556253 -0.6388029925315122
outer loop
vertex -40.91599655151367 49.943294525146484 -5.83545446395874
vertex -40.79163360595703 50.09483337402344 -5.611483573913574
vertex -39.42473220825195 48.97857666015625 -6.279228210449219
endloop
endfacet
facet normal 0.27472081812062754 0.7185838002403461 -0.6388785441093444
outer loop
vertex -40.79163360595703 50.09483337402344 -5.611483573913574
vertex -40.702449798583984 50.261680603027344 -5.385471343994141
vertex -39.42473220825195 48.97857666015625 -6.279228210449219
endloop
endfacet
facet normal 0.27500737480663173 0.7186956266454027 -0.6386294230950659
outer loop
vertex -39.42473220825195 48.97857666015625 -6.279228210449219
vertex -40.702449798583984 50.261680603027344 -5.385471343994141
vertex -39.129547119140625 49.597557067871094 -5.455532073974609
endloop
endfacet
facet normal 0.2755180557091132 0.7182322389654487 -0.6389305532598584
outer loop
vertex -56.843326568603516 56.30907440185547 -5.547546863555908
vertex -56.67695617675781 56.98760986328125 -4.713052272796631
vertex -56.62850570678711 56.9860725402832 -4.693887710571289
endloop
endfacet
facet normal 0.27551180472370396 0.7182344654455964 -0.6389307459372775
outer loop
vertex -56.843326568603516 56.30907440185547 -5.547546863555908
vertex -56.62850570678711 56.9860725402832 -4.693887710571289
vertex -42.554962158203125 50.29402542114258 -6.147928714752197
endloop
endfacet
facet normal 0.2755138017668824 0.7182376904619807 -0.6389262594664574
outer loop
vertex -56.62850570678711 56.9860725402832 -4.693887710571289
vertex -42.603885650634766 50.4553108215332 -5.9877190589904785
vertex -42.554962158203125 50.29402542114258 -6.147928714752197
endloop
endfacet
facet normal 0.27551120293416476 0.7182333076322409 -0.6389323069507602
outer loop
vertex -42.603885650634766 50.4553108215332 -5.9877190589904785
vertex -56.62850570678711 56.9860725402832 -4.693887710571289
vertex -42.62310028076172 50.6504020690918 -5.776699542999268
endloop
endfacet
facet normal 0.27551096479987064 0.7182328807776581 -0.6389328894687382
outer loop
vertex -42.62310028076172 50.6504020690918 -5.776699542999268
vertex -56.62850570678711 56.9860725402832 -4.693887710571289
vertex -42.603885650634766 50.84549331665039 -5.54910945892334
endloop
endfacet
facet normal 0.27551322325599453 0.7182372234028175 -0.6389270339637412
outer loop
vertex -42.603885650634766 50.84549331665039 -5.54910945892334
vertex -56.62850570678711 56.9860725402832 -4.693887710571289
vertex -42.54698181152344 51.033084869384766 -5.313694477081299
endloop
endfacet
facet normal 0.21868894790206195 0.7419498743374181 -0.6337866581399287
outer loop
vertex -38.908870697021484 48.812355041503906 -6.29581880569458
vertex -39.42473220825195 48.97857666015625 -6.279228210449219
vertex -39.08930969238281 49.580570220947266 -5.458759307861328
endloop
endfacet
facet normal 0.20488979828808251 0.7427281653796479 -0.6374755233805068
outer loop
vertex -39.08930969238281 49.580570220947266 -5.458759307861328
vertex -38.8736686706543 49.511722564697266 -5.46966552734375
vertex -38.908870697021484 48.812355041503906 -6.29581880569458
endloop
endfacet
facet normal 0.22719737738159795 0.7384877363708899 -0.6348363686342512
outer loop
vertex -38.742454528808594 49.482582092285156 -5.456604480743408
vertex -38.908870697021484 48.812355041503906 -6.29581880569458
vertex -38.8736686706543 49.511722564697266 -5.46966552734375
endloop
endfacet
facet normal 0.25562639028438255 0.7266594934858337 -0.6376685103696812
outer loop
vertex -39.129547119140625 49.597557067871094 -5.455532073974609
vertex -39.08930969238281 49.580570220947266 -5.458759307861328
vertex -39.42473220825195 48.97857666015625 -6.279228210449219
endloop
endfacet
facet normal 0.02252464538124699 0.7734828314164938 -0.6334168847247229
outer loop
vertex -56.843326568603516 56.30907440185547 -5.547546863555908
vertex -57.52366638183594 57.014461517333984 -4.710372447967529
vertex -56.67695617675781 56.98760986328125 -4.713052272796631
endloop
endfacet
facet normal 0.022524190161228846 0.7734826600006321 -0.6334171102330022
outer loop
vertex -57.40544509887695 56.326900482177734 -5.545767784118652
vertex -57.52366638183594 57.014461517333984 -4.710372447967529
vertex -56.843326568603516 56.30907440185547 -5.547546863555908
endloop
endfacet
facet normal -0.23425283853435777 0.7341082304595745 -0.6373466196741834
outer loop
vertex -57.40544509887695 56.326900482177734 -5.545767784118652
vertex -60.45286560058594 56.00419235229492 -4.797408580780029
vertex -57.55809020996094 57.01555252075195 -4.696461200714111
endloop
endfacet
facet normal -0.23429576617997225 0.7340962596119869 -0.6373446285753336
outer loop
vertex -57.52366638183594 57.014461517333984 -4.710372447967529
vertex -57.40544509887695 56.326900482177734 -5.545767784118652
vertex -57.55809020996094 57.01555252075195 -4.696461200714111
endloop
endfacet
facet normal -0.23425286483812086 0.7341080683993881 -0.6373467966704253
outer loop
vertex -57.40544509887695 56.326900482177734 -5.545767784118652
vertex -60.04125213623047 55.4060173034668 -5.637683868408203
vertex -60.45286560058594 56.00419235229492 -4.797408580780029
endloop
endfacet
facet normal -0.4833889295629575 0.5837542630929953 -0.6523542772886004
outer loop
vertex -60.04125213623047 55.4060173034668 -5.637683868408203
vertex -61.19989013671875 55.372310638427734 -4.809305191040039
vertex -60.56333923339844 55.96559524536133 -4.750087738037109
endloop
endfacet
facet normal -0.4833892365664238 0.5837534940409308 -0.6523547379813646
outer loop
vertex -60.04125213623047 55.4060173034668 -5.637683868408203
vertex -60.50743103027344 54.97152328491211 -5.681052207946777
vertex -61.19989013671875 55.372310638427734 -4.809305191040039
endloop
endfacet
facet normal -0.4833850551067857 0.5837576394382826 -0.6523541269102647
outer loop
vertex -60.45286560058594 56.00419235229492 -4.797408580780029
vertex -60.04125213623047 55.4060173034668 -5.637683868408203
vertex -60.56333923339844 55.96559524536133 -4.750087738037109
endloop
endfacet
facet normal -0.6500029788575965 0.3472344858259017 -0.675961788364899
outer loop
vertex -61.19989013671875 55.372310638427734 -4.809305191040039
vertex -60.50743103027344 54.97152328491211 -5.681052207946777
vertex -61.331695556640625 55.24946212768555 -4.745667457580566
endloop
endfacet
facet normal -0.6500011621255836 0.34723861476588735 -0.6759614143210089
outer loop
vertex -60.50743103027344 54.97152328491211 -5.681052207946777
vertex -70.0214614868164 35.06007766723633 -6.760835647583008
vertex -61.331695556640625 55.24946212768555 -4.745667457580566
endloop
endfacet
facet normal -0.6500015710136764 0.3472387841002806 -0.6759609341495344
outer loop
vertex -60.50743103027344 54.97152328491211 -5.681052207946777
vertex -69.12482452392578 34.950286865234375 -7.679437637329102
vertex -70.0214614868164 35.06007766723633 -6.760835647583008
endloop
endfacet
facet normal -0.7066657365784327 0.0950711195152885 -0.701131242336391
outer loop
vertex -69.12482452392578 34.950286865234375 -7.679437637329102
vertex -70.1028823852539 34.87091064453125 -6.704422473907471
vertex -70.0214614868164 35.06007766723633 -6.760835647583008
endloop
endfacet
facet normal -0.7066669999379988 0.09506650644957411 -0.7011305945044057
outer loop
vertex -69.14514923095703 34.37771224975586 -7.736588001251221
vertex -70.12908935546875 34.1333122253418 -6.778016567230225
vertex -69.12482452392578 34.950286865234375 -7.679437637329102
endloop
endfacet
facet normal -0.7066659395233129 0.0950635869019158 -0.7011320591464745
outer loop
vertex -69.12482452392578 34.950286865234375 -7.679437637329102
vertex -70.12908935546875 34.1333122253418 -6.778016567230225
vertex -70.1028823852539 34.87091064453125 -6.704422473907471
endloop
endfacet
facet normal -0.6876005560434402 -0.15707624066303746 -0.7088952884227115
outer loop
vertex -69.14514923095703 34.37771224975586 -7.736588001251221
vertex -69.08659362792969 31.12044906616211 -7.071643829345703
vertex -69.13959503173828 31.074359893798828 -7.010022163391113
endloop
endfacet
facet normal -0.6680601189534505 -0.16034454082141653 -0.7266259737255961
outer loop
vertex -68.22340393066406 31.733413696289062 -8.000523567199707
vertex -69.08659362792969 31.12044906616211 -7.071643829345703
vertex -69.14514923095703 34.37771224975586 -7.736588001251221
endloop
endfacet
facet normal -0.6680614145512058 -0.1603469944836701 -0.7266242410956957
outer loop
vertex -70.12908935546875 34.1333122253418 -6.778016567230225
vertex -69.14514923095703 34.37771224975586 -7.736588001251221
vertex -70.13619232177734 33.933406829833984 -6.727372169494629
endloop
endfacet
facet normal -0.6678496817609588 -0.16095568941835428 -0.7266842977632364
outer loop
vertex -69.14514923095703 34.37771224975586 -7.736588001251221
vertex -69.13959503173828 31.074359893798828 -7.010022163391113
vertex -70.13619232177734 33.933406829833984 -6.727372169494629
endloop
endfacet
facet normal -0.5190406991368747 -0.4076103717266448 -0.7512992329959953
outer loop
vertex -69.08659362792969 30.92230796813965 -6.964144229888916
vertex -69.13959503173828 31.074359893798828 -7.010022163391113
vertex -69.08659362792969 31.12044906616211 -7.071643829345703
endloop
endfacet
facet normal -0.5190318531279481 -0.4076098469326195 -0.7513056289700847
outer loop
vertex -69.08659362792969 30.92230796813965 -6.964144229888916
vertex -68.22340393066406 31.733413696289062 -8.000523567199707
vertex -68.45625305175781 30.244382858276367 -7.031810283660889
endloop
endfacet
facet normal -0.519028265388544 -0.40761397223526086 -0.7513058693810073
outer loop
vertex -69.08659362792969 31.12044906616211 -7.071643829345703
vertex -68.22340393066406 31.733413696289062 -8.000523567199707
vertex -69.08659362792969 30.92230796813965 -6.964144229888916
endloop
endfacet
facet normal -0.5190250090939216 -0.40761291146804013 -0.7513086944389785
outer loop
vertex -68.22340393066406 31.733413696289062 -8.000523567199707
vertex -68.37223052978516 30.352161407470703 -7.148329257965088
vertex -68.45625305175781 30.244382858276367 -7.031810283660889
endloop
endfacet
facet normal -0.5190371395296101 -0.4076080585307011 -0.7513029471589691
outer loop
vertex -68.22340393066406 31.733413696289062 -8.000523567199707
vertex -67.78971099853516 31.26697540283203 -8.047080993652344
vertex -68.37223052978516 30.352161407470703 -7.148329257965088
endloop
endfacet
facet normal -0.32292891474661833 -0.5672656908553526 -0.7575794030984284
outer loop
vertex -68.45625305175781 30.244382858276367 -7.031810283660889
vertex -68.37223052978516 30.352161407470703 -7.148329257965088
vertex -68.37223052978516 30.15401840209961 -6.999962329864502
endloop
endfacet
facet normal -0.28195000192375846 -0.5750174509263075 -0.7680228691552121
outer loop
vertex -67.78971099853516 31.26697540283203 -8.047080993652344
vertex -56.21003723144531 24.895082473754883 -7.527486324310303
vertex -68.37223052978516 30.15401840209961 -6.999962329864502
endloop
endfacet
facet normal -0.28181905080532854 -0.5750841932298045 -0.7680209588939669
outer loop
vertex -68.37223052978516 30.352161407470703 -7.148329257965088
vertex -67.78971099853516 31.26697540283203 -8.047080993652344
vertex -68.37223052978516 30.15401840209961 -6.999962329864502
endloop
endfacet
facet normal -0.28226041466674634 -0.5755403175735114 -0.7675170363969375
outer loop
vertex -55.752464294433594 26.05706214904785 -8.567099571228027
vertex -56.21003723144531 24.895082473754883 -7.527486324310303
vertex -67.78971099853516 31.26697540283203 -8.047080993652344
endloop
endfacet
facet normal -0.5909708490781661 -0.3165839601977213 -0.7419757756728714
outer loop
vertex -54.44804382324219 24.968189239501953 -8.675783157348633
vertex -54.280582427978516 24.71485137939453 -8.701069831848145
vertex -55.18867492675781 24.012475967407227 -7.678102493286133
endloop
endfacet
facet normal -0.5909708490781661 -0.3165839601977213 -0.7419757756728714
outer loop
vertex -54.44804382324219 24.968189239501953 -8.675783157348633
vertex -55.18867492675781 24.012475967407227 -7.678102493286133
vertex -55.356136322021484 24.26581382751465 -7.652815818786621
endloop
endfacet
facet normal -0.33413144149481533 -0.5519646752975568 -0.7639968435983617
outer loop
vertex -55.752464294433594 26.05706214904785 -8.567099571228027
vertex -55.281883239746094 25.806774139404297 -8.592081069946289
vertex -56.21003723144531 24.895082473754883 -7.527486324310303
endloop
endfacet
facet normal -0.44966630384819173 -0.47514927491532566 -0.7563288846334947
outer loop
vertex -55.281883239746094 25.806774139404297 -8.592081069946289
vertex -54.82952117919922 25.43736457824707 -8.628952980041504
vertex -55.59682083129883 24.629928588867188 -7.665507793426514
endloop
endfacet
facet normal -0.5512436974847736 -0.3737412381519381 -0.7459543369992373
outer loop
vertex -55.57271194458008 24.59345817565918 -7.656929016113281
vertex -54.44804382324219 24.968189239501953 -8.675783157348633
vertex -55.356136322021484 24.26581382751465 -7.652815818786621
endloop
endfacet
facet normal -0.4496587989377024 -0.4751563941060145 -0.7563288740211316
outer loop
vertex -55.59682083129883 24.629928588867188 -7.665507793426514
vertex -54.82952117919922 25.43736457824707 -8.628952980041504
vertex -55.57271194458008 24.59345817565918 -7.656929016113281
endloop
endfacet
facet normal -0.5512410221892595 -0.37374691262178056 -0.7459534709091629
outer loop
vertex -54.82952117919922 25.43736457824707 -8.628952980041504
vertex -54.44804382324219 24.968189239501953 -8.675783157348633
vertex -55.57271194458008 24.59345817565918 -7.656929016113281
endloop
endfacet
facet normal -0.44966135226389153 -0.47515171226141006 -0.7563302973008939
outer loop
vertex -55.59682083129883 24.629928588867188 -7.665507793426514
vertex -55.907020568847656 24.764057159423828 -7.5653486251831055
vertex -55.281883239746094 25.806774139404297 -8.592081069946289
endloop
endfacet
facet normal -0.3341329929267284 -0.5519633888417755 -0.7639970945076491
outer loop
vertex -56.21003723144531 24.895082473754883 -7.527486324310303
vertex -55.281883239746094 25.806774139404297 -8.592081069946289
vertex -55.907020568847656 24.764057159423828 -7.5653486251831055
endloop
endfacet
facet normal -0.7072805637704361 0.06635429959941708 -0.703811985573736
outer loop
vertex -53.789329528808594 23.099863052368164 -8.862266540527344
vertex -54.355403900146484 -52.99961853027344 -15.46794319152832
vertex -54.774009704589844 22.996654510498047 -7.8824639320373535
endloop
endfacet
facet normal -0.7070947776622014 0.06636899935417383 -0.7039972523579674
outer loop
vertex -53.37131118774414 -52.703704833984375 -16.428468704223633
vertex -54.355403900146484 -52.99961853027344 -15.46794319152832
vertex -53.789329528808594 23.099863052368164 -8.862266540527344
endloop
endfacet
facet normal -0.6251138826307282 -0.2624230768717118 -0.7350964307269623
outer loop
vertex -54.280582427978516 24.71485137939453 -8.701069831848145
vertex -54.01495361328125 24.22035789489746 -8.750426292419434
vertex -54.99085235595703 23.713214874267578 -7.739492416381836
endloop
endfacet
facet normal -0.7053975361775536 0.0009283399876337609 -0.7088112965659509
outer loop
vertex -53.8450813293457 23.663129806518555 -8.806045532226562
vertex -53.789329528808594 23.099863052368164 -8.862266540527344
vertex -54.774009704589844 22.996654510498047 -7.8824639320373535
endloop
endfacet
facet normal -0.6782901408462693 -0.13467795114196932 -0.7223464088004795
outer loop
vertex -54.01495361328125 24.22035789489746 -8.750426292419434
vertex -53.8450813293457 23.663129806518555 -8.806045532226562
vertex -54.776161193847656 23.388423919677734 -7.880535125732422
endloop
endfacet
facet normal -0.6251119271217362 -0.2624252985582682 -0.7350973005301767
outer loop
vertex -54.280582427978516 24.71485137939453 -8.701069831848145
vertex -54.99085235595703 23.713214874267578 -7.739492416381836
vertex -55.18867492675781 24.012475967407227 -7.678102493286133
endloop
endfacet
facet normal -0.704926073400692 -0.00037924303873746763 -0.7092806829560492
outer loop
vertex -54.774009704589844 22.996654510498047 -7.8824639320373535
vertex -54.776161193847656 23.388423919677734 -7.880535125732422
vertex -53.8450813293457 23.663129806518555 -8.806045532226562
endloop
endfacet
facet normal -0.6782913300884421 -0.1346760633641707 -0.7223456440538575
outer loop
vertex -54.99085235595703 23.713214874267578 -7.739492416381836
vertex -54.01495361328125 24.22035789489746 -8.750426292419434
vertex -54.776161193847656 23.388423919677734 -7.880535125732422
endloop
endfacet
facet normal -0.6530131253096522 -0.19967297593138292 -0.7305508612383028
outer loop
vertex -53.37131118774414 -52.703704833984375 -16.428468704223633
vertex -53.13971710205078 -53.258506774902344 -16.483844757080078
vertex -53.97502899169922 -53.91083908081055 -15.558895111083984
endloop
endfacet
facet normal -0.6530140859617446 -0.19967249413027452 -0.7305501342299122
outer loop
vertex -53.37131118774414 -52.703704833984375 -16.428468704223633
vertex -54.04021453857422 -53.952823638916016 -15.489151954650879
vertex -54.355403900146484 -53.19776153564453 -15.413786888122559
endloop
endfacet
facet normal -0.6530136918893671 -0.19967346021103585 -0.7305502224298959
outer loop
vertex -54.355403900146484 -52.99961853027344 -15.46794319152832
vertex -53.37131118774414 -52.703704833984375 -16.428468704223633
vertex -54.355403900146484 -53.19776153564453 -15.413786888122559
endloop
endfacet
facet normal -0.6530235862256847 -0.19966297689238655 -0.7305442433497207
outer loop
vertex -53.97502899169922 -53.91083908081055 -15.558895111083984
vertex -54.04021453857422 -53.952823638916016 -15.489151954650879
vertex -53.37131118774414 -52.703704833984375 -16.428468704223633
endloop
endfacet
facet normal -0.5004788746287114 -0.42686748101398986 -0.7531965544950068
outer loop
vertex -53.97502899169922 -54.10898208618164 -15.446803092956543
vertex -53.13971710205078 -53.258506774902344 -16.483844757080078
vertex -51.60667037963867 -56.47734069824219 -15.678267478942871
endloop
endfacet
facet normal -0.5012351339291948 -0.42606531785705143 -0.7531478509790437
outer loop
vertex -53.97502899169922 -53.91083908081055 -15.558895111083984
vertex -53.13971710205078 -53.258506774902344 -16.483844757080078
vertex -53.97502899169922 -54.10898208618164 -15.446803092956543
endloop
endfacet
facet normal -0.5233027142610368 -0.41958344513471596 -0.7416899634051377
outer loop
vertex -53.97502899169922 -53.91083908081055 -15.558895111083984
vertex -53.97502899169922 -54.10898208618164 -15.446803092956543
vertex -54.04021453857422 -53.952823638916016 -15.489151954650879
endloop
endfacet
facet normal -0.5012379651931688 -0.42606333801411533 -0.7531470867295986
outer loop
vertex -53.13971710205078 -53.258506774902344 -16.483844757080078
vertex -50.98209762573242 -55.4161262512207 -16.69920539855957
vertex -51.54195785522461 -56.343910217285156 -15.80174732208252
endloop
endfacet
facet normal -0.5184519476896932 -0.4316633915247388 -0.7381560094953666
outer loop
vertex -51.60667037963867 -56.47734069824219 -15.678267478942871
vertex -53.13971710205078 -53.258506774902344 -16.483844757080078
vertex -51.54195785522461 -56.343910217285156 -15.80174732208252
endloop
endfacet
facet normal -0.2717454208562457 -0.5793465111652645 -0.7684478162141514
outer loop
vertex -51.54195785522461 -56.343910217285156 -15.80174732208252
vertex -51.54195785522461 -56.54205322265625 -15.652363777160645
vertex -51.60667037963867 -56.47734069824219 -15.678267478942871
endloop
endfacet
facet normal -0.2717415857481258 -0.5793477649105876 -0.7684482271878833
outer loop
vertex -50.98209762573242 -55.4161262512207 -16.69920539855957
vertex -50.426239013671875 -55.64636993408203 -16.722185134887695
vertex -50.62310028076172 -56.72451400756836 -15.839736938476562
endloop
endfacet
facet normal -0.27174846712908324 -0.5793459933335438 -0.7684471293598297
outer loop
vertex -50.98209762573242 -55.4161262512207 -16.69920539855957
vertex -51.54195785522461 -56.54205322265625 -15.652363777160645
vertex -51.54195785522461 -56.343910217285156 -15.80174732208252
endloop
endfacet
facet normal -0.27174419718889037 -0.5793480669350778 -0.7684470760128859
outer loop
vertex -51.54195785522461 -56.54205322265625 -15.652363777160645
vertex -50.98209762573242 -55.4161262512207 -16.69920539855957
vertex -50.67241668701172 -56.90222930908203 -15.688313484191895
endloop
endfacet
facet normal -0.27174882236999054 -0.579347968594706 -0.7684455145458986
outer loop
vertex -50.62310028076172 -56.72451400756836 -15.839736938476562
vertex -50.67241668701172 -56.90222930908203 -15.688313484191895
vertex -50.98209762573242 -55.4161262512207 -16.69920539855957
endloop
endfacet
facet normal -0.09315181448626757 -0.6306338448865936 -0.770469787299585
outer loop
vertex -50.62310028076172 -56.72451400756836 -15.839736938476562
vertex -50.62310028076172 -56.92265319824219 -15.677558898925781
vertex -50.67241668701172 -56.90222930908203 -15.688313484191895
endloop
endfacet
facet normal 0.00007381541572120602 -0.6333878662993914 -0.7738344818990612
outer loop
vertex -50.62310028076172 -56.72451400756836 -15.839736938476562
vertex -50.426239013671875 -55.64636993408203 -16.722185134887695
vertex -50.62310028076172 -56.92265319824219 -15.677558898925781
endloop
endfacet
facet normal -0.0000787993534040758 -0.6333878660585069 -0.7738344816047634
outer loop
vertex 66.27531433105469 -56.92265319824219 -15.677558898925781
vertex 66.09090423583984 -55.64636993408203 -16.722185134887695
vertex 66.27531433105469 -56.72451400756836 -15.839736938476562
endloop
endfacet
facet normal 0 -0.6333810499600971 -0.7738400645814645
outer loop
vertex 66.27531433105469 -56.92265319824219 -15.677558898925781
vertex -50.426239013671875 -55.64636993408203 -16.722185134887695
vertex 66.09090423583984 -55.64636993408203 -16.722185134887695
endloop
endfacet
facet normal 0 -0.633381049960097 -0.7738400645814645
outer loop
vertex -50.62310028076172 -56.92265319824219 -15.677558898925781
vertex -50.426239013671875 -55.64636993408203 -16.722185134887695
vertex 66.27531433105469 -56.92265319824219 -15.677558898925781
endloop
endfacet
facet normal 0.0873598433561904 -0.6309663125337779 -0.7708759758977503
outer loop
vertex 66.27531433105469 -56.92265319824219 -15.677558898925781
vertex 66.27531433105469 -56.72451400756836 -15.839736938476562
vertex 66.32205200195312 -56.90461349487305 -15.687027931213379
endloop
endfacet
facet normal 0 -1 0
outer loop
vertex -13.826047897338867 -55.9826545715332 -5.992893218994141
vertex -13.609275817871094 -55.9826545715332 -6.31731653213501
vertex -12.28315544128418 -55.9826545715332 -3.450000047683716
endloop
endfacet
facet normal 0 -1 0
outer loop
vertex -24.28315544128418 -55.9826545715332 -11.449999809265137
vertex -23.03315544128418 -55.9826545715332 -8.199999809265137
vertex -24.28315544128418 -55.9826545715332 -3.450000047683716
endloop
endfacet
facet normal 0 -1 0
outer loop
vertex -13.53315544128418 -55.9826545715332 -6.699999809265137
vertex -12.28315544128418 -55.9826545715332 -11.449999809265137
vertex -12.28315544128418 -55.9826545715332 -3.450000047683716
endloop
endfacet
facet normal -0.5555700231666056 0 0.8314697525217963
outer loop
vertex -11.70913028717041 -56.92265319824219 -11.335819244384766
vertex -11.222495079040527 -56.92265319824219 -11.010660171508789
vertex -11.222495079040527 -55.9826545715332 -11.010660171508789
endloop
endfacet
facet normal -0.1950900960897925 0 0.9807853253427457
outer loop
vertex -12.28315544128418 -56.92265319824219 -11.449999809265137
vertex -11.70913028717041 -56.92265319824219 -11.335819244384766
vertex -11.70913028717041 -55.9826545715332 -11.335819244384766
endloop
endfacet
facet normal 0.5555703047945764 0 -0.8314695643440364
outer loop
vertex -24.857179641723633 -56.92265319824219 -3.564180612564087
vertex -25.343814849853516 -55.9826545715332 -3.8893399238586426
vertex -24.857179641723633 -55.9826545715332 -3.564180612564087
endloop
endfacet
facet normal 0 -1 0
outer loop
vertex -10.89733600616455 -55.9826545715332 -10.524024963378906
vertex -10.78315544128418 -55.9826545715332 -9.949999809265137
vertex -10.89733600616455 -55.9826545715332 -4.375974655151367
endloop
endfacet
facet normal -1 0 0
outer loop
vertex -10.78315544128418 -55.9826545715332 -9.949999809265137
vertex -10.78315544128418 -56.92265319824219 -9.949999809265137
vertex -10.78315544128418 -55.9826545715332 -4.949999809265137
endloop
endfacet
facet normal 0.8314695010489662 0 -0.5555703995223135
outer loop
vertex -25.343814849853516 -56.92265319824219 -3.8893399238586426
vertex -25.668973922729492 -55.9826545715332 -4.375974655151367
vertex -25.343814849853516 -55.9826545715332 -3.8893399238586426
endloop
endfacet
facet normal 0 -1 0
outer loop
vertex -14.53315544128418 -55.9826545715332 -9.199999809265137
vertex -24.28315544128418 -55.9826545715332 -11.449999809265137
vertex -12.28315544128418 -55.9826545715332 -11.449999809265137
endloop
endfacet
facet normal 0 -1 0
outer loop
vertex -24.28315544128418 -55.9826545715332 -3.450000047683716
vertex -22.03315544128418 -55.9826545715332 -5.699999809265137
vertex -12.28315544128418 -55.9826545715332 -3.450000047683716
endloop
endfacet
facet normal 0.9807850135586839 0 -0.19509166352946058
outer loop
vertex -25.668973922729492 -56.92265319824219 -4.375974655151367
vertex -25.78315544128418 -55.9826545715332 -4.949999809265137
vertex -25.668973922729492 -55.9826545715332 -4.375974655151367
endloop
endfacet
facet normal 0.8314695010489662 0 -0.5555703995223135
outer loop
vertex -25.668973922729492 -55.9826545715332 -4.375974655151367
vertex -25.343814849853516 -56.92265319824219 -3.8893399238586426
vertex -25.668973922729492 -56.92265319824219 -4.375974655151367
endloop
endfacet
facet normal 0 -1 0
outer loop
vertex -24.28315544128418 -55.9826545715332 -3.450000047683716
vertex -22.41583824157715 -55.9826545715332 -5.776120662689209
vertex -22.03315544128418 -55.9826545715332 -5.699999809265137
endloop
endfacet
facet normal 0 -1 0
outer loop
vertex -24.28315544128418 -55.9826545715332 -3.450000047683716
vertex -22.74026107788086 -55.9826545715332 -5.992893218994141
vertex -22.41583824157715 -55.9826545715332 -5.776120662689209
endloop
endfacet
facet normal 0.9807850135586839 0 -0.19509166352946058
outer loop
vertex -25.78315544128418 -55.9826545715332 -4.949999809265137
vertex -25.668973922729492 -56.92265319824219 -4.375974655151367
vertex -25.78315544128418 -56.92265319824219 -4.949999809265137
endloop
endfacet
facet normal 0.5555703047945764 0 -0.8314695643440364
outer loop
vertex -24.857179641723633 -56.92265319824219 -3.564180612564087
vertex -25.343814849853516 -56.92265319824219 -3.8893399238586426
vertex -25.343814849853516 -55.9826545715332 -3.8893399238586426
endloop
endfacet
facet normal 0 -1 0
outer loop
vertex -24.28315544128418 -55.9826545715332 -3.450000047683716
vertex -22.957035064697266 -55.9826545715332 -6.31731653213501
vertex -22.74026107788086 -55.9826545715332 -5.992893218994141
endloop
endfacet
facet normal -0.1950900960897925 0 0.9807853253427457
outer loop
vertex -12.28315544128418 -55.9826545715332 -11.449999809265137
vertex -12.28315544128418 -56.92265319824219 -11.449999809265137
vertex -11.70913028717041 -55.9826545715332 -11.335819244384766
endloop
endfacet
facet normal -0.5555700231666056 0 0.8314697525217963
outer loop
vertex -11.70913028717041 -55.9826545715332 -11.335819244384766
vertex -11.70913028717041 -56.92265319824219 -11.335819244384766
vertex -11.222495079040527 -55.9826545715332 -11.010660171508789
endloop
endfacet
facet normal 0 0 1
outer loop
vertex -24.28315544128418 -55.9826545715332 -11.449999809265137
vertex -24.28315544128418 -56.92265319824219 -11.449999809265137
vertex -12.28315544128418 -55.9826545715332 -11.449999809265137
endloop
endfacet
facet normal 0.8314697525217963 0 0.5555700231666056
outer loop
vertex -25.668973922729492 -56.92265319824219 -10.524024963378906
vertex -25.343814849853516 -55.9826545715332 -11.010660171508789
vertex -25.668973922729492 -55.9826545715332 -10.524024963378906
endloop
endfacet
facet normal 0.8314697525217963 0 0.5555700231666056
outer loop
vertex -25.668973922729492 -56.92265319824219 -10.524024963378906
vertex -25.343814849853516 -56.92265319824219 -11.010660171508789
vertex -25.343814849853516 -55.9826545715332 -11.010660171508789
endloop
endfacet
facet normal 0.5555700231666056 0 0.8314697525217963
outer loop
vertex -25.343814849853516 -56.92265319824219 -11.010660171508789
vertex -24.857179641723633 -55.9826545715332 -11.335819244384766
vertex -25.343814849853516 -55.9826545715332 -11.010660171508789
endloop
endfacet
facet normal -0.8314697525217963 0 0.5555700231666056
outer loop
vertex -11.222495079040527 -56.92265319824219 -11.010660171508789
vertex -10.89733600616455 -56.92265319824219 -10.524024963378906
vertex -10.89733600616455 -55.9826545715332 -10.524024963378906
endloop
endfacet
facet normal -0.8314697525217963 0 0.5555700231666056
outer loop
vertex -11.222495079040527 -55.9826545715332 -11.010660171508789
vertex -11.222495079040527 -56.92265319824219 -11.010660171508789
vertex -10.89733600616455 -55.9826545715332 -10.524024963378906
endloop
endfacet
facet normal 0 -1 0
outer loop
vertex -14.53315544128418 -55.9826545715332 -9.199999809265137
vertex -12.28315544128418 -55.9826545715332 -11.449999809265137
vertex -14.150471687316895 -55.9826545715332 -9.123879432678223
endloop
endfacet
facet normal 0 -1 0
outer loop
vertex -14.150471687316895 -55.9826545715332 -9.123879432678223
vertex -12.28315544128418 -55.9826545715332 -11.449999809265137
vertex -13.826047897338867 -55.9826545715332 -8.907106399536133
endloop
endfacet
facet normal 0 -1 0
outer loop
vertex -13.826047897338867 -55.9826545715332 -8.907106399536133
vertex -12.28315544128418 -55.9826545715332 -11.449999809265137
vertex -13.609275817871094 -55.9826545715332 -8.582683563232422
endloop
endfacet
facet normal -0.9807853253427457 0 0.1950900960897925
outer loop
vertex -10.89733600616455 -56.92265319824219 -10.524024963378906
vertex -10.78315544128418 -56.92265319824219 -9.949999809265137
vertex -10.78315544128418 -55.9826545715332 -9.949999809265137
endloop
endfacet
facet normal -0.9807853253427457 0 0.1950900960897925
outer loop
vertex -10.89733600616455 -55.9826545715332 -10.524024963378906
vertex -10.89733600616455 -56.92265319824219 -10.524024963378906
vertex -10.78315544128418 -55.9826545715332 -9.949999809265137
endloop
endfacet
facet normal 0 -1 0
outer loop
vertex -13.609275817871094 -55.9826545715332 -8.582683563232422
vertex -12.28315544128418 -55.9826545715332 -11.449999809265137
vertex -13.53315544128418 -55.9826545715332 -8.199999809265137
endloop
endfacet
facet normal -0.9807853253427457 0 -0.1950900960897925
outer loop
vertex -10.89733600616455 -55.9826545715332 -4.375974655151367
vertex -10.78315544128418 -56.92265319824219 -4.949999809265137
vertex -10.89733600616455 -56.92265319824219 -4.375974655151367
endloop
endfacet
facet normal -0.8314695010489662 0 -0.5555703995223135
outer loop
vertex -11.222495079040527 -55.9826545715332 -3.8893399238586426
vertex -10.89733600616455 -55.9826545715332 -4.375974655151367
vertex -10.89733600616455 -56.92265319824219 -4.375974655151367
endloop
endfacet
facet normal 0.9807850135586839 0 0.19509166352946058
outer loop
vertex -25.78315544128418 -56.92265319824219 -9.949999809265137
vertex -25.668973922729492 -55.9826545715332 -10.524024963378906
vertex -25.78315544128418 -55.9826545715332 -9.949999809265137
endloop
endfacet
facet normal 0 -1 0
outer loop
vertex -24.28315544128418 -55.9826545715332 -3.450000047683716
vertex -23.03315544128418 -55.9826545715332 -6.699999809265137
vertex -22.957035064697266 -55.9826545715332 -6.31731653213501
endloop
endfacet
facet normal 0 0 1
outer loop
vertex -12.28315544128418 -55.9826545715332 -11.449999809265137
vertex -24.28315544128418 -56.92265319824219 -11.449999809265137
vertex -12.28315544128418 -56.92265319824219 -11.449999809265137
endloop
endfacet
facet normal 0.9807850135586839 0 0.19509166352946058
outer loop
vertex -25.78315544128418 -56.92265319824219 -9.949999809265137
vertex -25.668973922729492 -56.92265319824219 -10.524024963378906
vertex -25.668973922729492 -55.9826545715332 -10.524024963378906
endloop
endfacet
facet normal -0.9807853253427457 0 -0.1950900960897925
outer loop
vertex -10.78315544128418 -55.9826545715332 -4.949999809265137
vertex -10.78315544128418 -56.92265319824219 -4.949999809265137
vertex -10.89733600616455 -55.9826545715332 -4.375974655151367
endloop
endfacet
facet normal 0 -1 0
outer loop
vertex -14.53315544128418 -55.9826545715332 -5.699999809265137
vertex -14.150471687316895 -55.9826545715332 -5.776120662689209
vertex -12.28315544128418 -55.9826545715332 -3.450000047683716
endloop
endfacet
facet normal 0 -1 0
outer loop
vertex -25.78315544128418 -55.9826545715332 -9.949999809265137
vertex -25.668973922729492 -55.9826545715332 -10.524024963378906
vertex -25.78315544128418 -55.9826545715332 -4.949999809265137
endloop
endfacet
facet normal 0 -1 0
outer loop
vertex -25.343814849853516 -55.9826545715332 -11.010660171508789
vertex -24.857179641723633 -55.9826545715332 -11.335819244384766
vertex -25.343814849853516 -55.9826545715332 -3.8893399238586426
endloop
endfacet
facet normal 0 -1 0
outer loop
vertex -24.857179641723633 -55.9826545715332 -11.335819244384766
vertex -24.28315544128418 -55.9826545715332 -11.449999809265137
vertex -24.857179641723633 -55.9826545715332 -3.564180612564087
endloop
endfacet
facet normal 0 -1 0
outer loop
vertex -13.53315544128418 -55.9826545715332 -8.199999809265137
vertex -12.28315544128418 -55.9826545715332 -11.449999809265137
vertex -13.53315544128418 -55.9826545715332 -6.699999809265137
endloop
endfacet
facet normal 0 -1 0
outer loop
vertex -12.28315544128418 -55.9826545715332 -11.449999809265137
vertex -11.70913028717041 -55.9826545715332 -11.335819244384766
vertex -12.28315544128418 -55.9826545715332 -3.450000047683716
endloop
endfacet
facet normal 0 -1 0
outer loop
vertex -14.150471687316895 -55.9826545715332 -5.776120662689209
vertex -13.826047897338867 -55.9826545715332 -5.992893218994141
vertex -12.28315544128418 -55.9826545715332 -3.450000047683716
endloop
endfacet
facet normal 0 -1 0
outer loop
vertex -12.28315544128418 -55.9826545715332 -3.450000047683716
vertex -22.03315544128418 -55.9826545715332 -5.699999809265137
vertex -14.53315544128418 -55.9826545715332 -5.699999809265137
endloop
endfacet
facet normal 0 -1 0
outer loop
vertex -11.222495079040527 -55.9826545715332 -3.8893399238586426
vertex -10.89733600616455 -55.9826545715332 -10.524024963378906
vertex -10.89733600616455 -55.9826545715332 -4.375974655151367
endloop
endfacet
facet normal 0.19509040787318935 0 -0.9807852633251953
outer loop
vertex -24.28315544128418 -56.92265319824219 -3.450000047683716
vertex -24.857179641723633 -56.92265319824219 -3.564180612564087
vertex -24.857179641723633 -55.9826545715332 -3.564180612564087
endloop
endfacet
facet normal 0 -1 0
outer loop
vertex -24.28315544128418 -55.9826545715332 -3.450000047683716
vertex -23.03315544128418 -55.9826545715332 -8.199999809265137
vertex -23.03315544128418 -55.9826545715332 -6.699999809265137
endloop
endfacet
facet normal 0 -1 0
outer loop
vertex -24.857179641723633 -55.9826545715332 -3.564180612564087
vertex -24.28315544128418 -55.9826545715332 -11.449999809265137
vertex -24.28315544128418 -55.9826545715332 -3.450000047683716
endloop
endfacet
facet normal 0 -1 0
outer loop
vertex -25.343814849853516 -55.9826545715332 -3.8893399238586426
vertex -24.857179641723633 -55.9826545715332 -11.335819244384766
vertex -24.857179641723633 -55.9826545715332 -3.564180612564087
endloop
endfacet
facet normal 1 0 0
outer loop
vertex -25.78315544128418 -56.92265319824219 -4.949999809265137
vertex -25.78315544128418 -56.92265319824219 -9.949999809265137
vertex -25.78315544128418 -55.9826545715332 -9.949999809265137
endloop
endfacet
facet normal 0 -1 0
outer loop
vertex -11.70913028717041 -55.9826545715332 -11.335819244384766
vertex -11.222495079040527 -55.9826545715332 -11.010660171508789
vertex -11.70913028717041 -55.9826545715332 -3.564180612564087
endloop
endfacet
facet normal 0 -1 0
outer loop
vertex -11.222495079040527 -55.9826545715332 -11.010660171508789
vertex -10.89733600616455 -55.9826545715332 -10.524024963378906
vertex -11.222495079040527 -55.9826545715332 -3.8893399238586426
endloop
endfacet
facet normal 0.19509040787318935 0 0.9807852633251953
outer loop
vertex -24.857179641723633 -55.9826545715332 -11.335819244384766
vertex -24.857179641723633 -56.92265319824219 -11.335819244384766
vertex -24.28315544128418 -55.9826545715332 -11.449999809265137
endloop
endfacet
facet normal 0.5555700231666056 0 0.8314697525217963
outer loop
vertex -25.343814849853516 -56.92265319824219 -11.010660171508789
vertex -24.857179641723633 -56.92265319824219 -11.335819244384766
vertex -24.857179641723633 -55.9826545715332 -11.335819244384766
endloop
endfacet
facet normal 0.19509040787318935 0 0.9807852633251953
outer loop
vertex -24.857179641723633 -56.92265319824219 -11.335819244384766
vertex -24.28315544128418 -56.92265319824219 -11.449999809265137
vertex -24.28315544128418 -55.9826545715332 -11.449999809265137
endloop
endfacet
facet normal 0 -1 0
outer loop
vertex -10.89733600616455 -55.9826545715332 -4.375974655151367
vertex -10.78315544128418 -55.9826545715332 -9.949999809265137
vertex -10.78315544128418 -55.9826545715332 -4.949999809265137
endloop
endfacet
facet normal 0 0 -1
outer loop
vertex -24.28315544128418 -56.92265319824219 -3.450000047683716
vertex -24.28315544128418 -55.9826545715332 -3.450000047683716
vertex -12.28315544128418 -56.92265319824219 -3.450000047683716
endloop
endfacet
facet normal 0 0 -1
outer loop
vertex -12.28315544128418 -56.92265319824219 -3.450000047683716
vertex -24.28315544128418 -55.9826545715332 -3.450000047683716
vertex -12.28315544128418 -55.9826545715332 -3.450000047683716
endloop
endfacet
facet normal -0.8314695010489662 0 -0.5555703995223135
outer loop
vertex -11.222495079040527 -55.9826545715332 -3.8893399238586426
vertex -10.89733600616455 -56.92265319824219 -4.375974655151367
vertex -11.222495079040527 -56.92265319824219 -3.8893399238586426
endloop
endfacet
facet normal -0.5555703047945764 0 -0.8314695643440364
outer loop
vertex -11.222495079040527 -56.92265319824219 -3.8893399238586426
vertex -11.70913028717041 -56.92265319824219 -3.564180612564087
vertex -11.70913028717041 -55.9826545715332 -3.564180612564087
endloop
endfacet
facet normal -0.5555703047945764 0 -0.8314695643440364
outer loop
vertex -11.70913028717041 -55.9826545715332 -3.564180612564087
vertex -11.222495079040527 -55.9826545715332 -3.8893399238586426
vertex -11.222495079040527 -56.92265319824219 -3.8893399238586426
endloop
endfacet
facet normal -0.1950900960897925 0 -0.9807853253427457
outer loop
vertex -12.28315544128418 -56.92265319824219 -3.450000047683716
vertex -12.28315544128418 -55.9826545715332 -3.450000047683716
vertex -11.70913028717041 -56.92265319824219 -3.564180612564087
endloop
endfacet
facet normal 0 -1 0
outer loop
vertex -24.28315544128418 -55.9826545715332 -11.449999809265137
vertex -22.41583824157715 -55.9826545715332 -9.123879432678223
vertex -22.74026107788086 -55.9826545715332 -8.907106399536133
endloop
endfacet
facet normal -0.1950900960897925 0 -0.9807853253427457
outer loop
vertex -11.70913028717041 -55.9826545715332 -3.564180612564087
vertex -11.70913028717041 -56.92265319824219 -3.564180612564087
vertex -12.28315544128418 -55.9826545715332 -3.450000047683716
endloop
endfacet
facet normal 0 -1 0
outer loop
vertex -22.41583824157715 -55.9826545715332 -9.123879432678223
vertex -24.28315544128418 -55.9826545715332 -11.449999809265137
vertex -22.03315544128418 -55.9826545715332 -9.199999809265137
endloop
endfacet
facet normal 0 -1 0
outer loop
vertex -24.28315544128418 -55.9826545715332 -11.449999809265137
vertex -22.74026107788086 -55.9826545715332 -8.907106399536133
vertex -22.957035064697266 -55.9826545715332 -8.582683563232422
endloop
endfacet
facet normal 0 -1 0
outer loop
vertex -25.668973922729492 -55.9826545715332 -10.524024963378906
vertex -25.343814849853516 -55.9826545715332 -11.010660171508789
vertex -25.668973922729492 -55.9826545715332 -4.375974655151367
endloop
endfacet
facet normal 0 -1 0
outer loop
vertex -25.668973922729492 -55.9826545715332 -4.375974655151367
vertex -25.343814849853516 -55.9826545715332 -11.010660171508789
vertex -25.343814849853516 -55.9826545715332 -3.8893399238586426
endloop
endfacet
facet normal 0 -1 0
outer loop
vertex -25.78315544128418 -55.9826545715332 -4.949999809265137
vertex -25.668973922729492 -55.9826545715332 -10.524024963378906
vertex -25.668973922729492 -55.9826545715332 -4.375974655151367
endloop
endfacet
facet normal 0 -1 0
outer loop
vertex -24.28315544128418 -55.9826545715332 -11.449999809265137
vertex -22.957035064697266 -55.9826545715332 -8.582683563232422
vertex -23.03315544128418 -55.9826545715332 -8.199999809265137
endloop
endfacet
facet normal 0 -1 0
outer loop
vertex -22.03315544128418 -55.9826545715332 -9.199999809265137
vertex -24.28315544128418 -55.9826545715332 -11.449999809265137
vertex -14.53315544128418 -55.9826545715332 -9.199999809265137
endloop
endfacet
facet normal 0 -1 0
outer loop
vertex -13.53315544128418 -55.9826545715332 -6.699999809265137
vertex -12.28315544128418 -55.9826545715332 -3.450000047683716
vertex -13.609275817871094 -55.9826545715332 -6.31731653213501
endloop
endfacet
facet normal 0 -1 0
outer loop
vertex -12.28315544128418 -55.9826545715332 -3.450000047683716
vertex -11.70913028717041 -55.9826545715332 -11.335819244384766
vertex -11.70913028717041 -55.9826545715332 -3.564180612564087
endloop
endfacet
facet normal 0 -1 0
outer loop
vertex -11.70913028717041 -55.9826545715332 -3.564180612564087
vertex -11.222495079040527 -55.9826545715332 -11.010660171508789
vertex -11.222495079040527 -55.9826545715332 -3.8893399238586426
endloop
endfacet
facet normal 1 0 0
outer loop
vertex -25.78315544128418 -56.92265319824219 -4.949999809265137
vertex -25.78315544128418 -55.9826545715332 -9.949999809265137
vertex -25.78315544128418 -55.9826545715332 -4.949999809265137
endloop
endfacet
facet normal 0.19509040787318935 0 -0.9807852633251953
outer loop
vertex -24.28315544128418 -56.92265319824219 -3.450000047683716
vertex -24.857179641723633 -55.9826545715332 -3.564180612564087
vertex -24.28315544128418 -55.9826545715332 -3.450000047683716
endloop
endfacet
facet normal -1 0 0
outer loop
vertex -10.78315544128418 -55.9826545715332 -4.949999809265137
vertex -10.78315544128418 -56.92265319824219 -9.949999809265137
vertex -10.78315544128418 -56.92265319824219 -4.949999809265137
endloop
endfacet
facet normal -0.5555693651831525 0 -0.8314701921716671
outer loop
vertex -14.150471687316895 -54.78265380859375 -5.776120662689209
vertex -13.826047897338867 -55.9826545715332 -5.992893218994141
vertex -14.150471687316895 -55.9826545715332 -5.776120662689209
endloop
endfacet
facet normal -0.19509111577748656 0 -0.9807851225139456
outer loop
vertex -14.150471687316895 -54.78265380859375 -5.776120662689209
vertex -14.150471687316895 -55.9826545715332 -5.776120662689209
vertex -14.53315544128418 -54.78265380859375 -5.699999809265137
endloop
endfacet
facet normal 1 0 0
outer loop
vertex -23.03315544128418 -55.9826545715332 -6.699999809265137
vertex -23.03315544128418 -54.78265380859375 -8.199999809265137
vertex -23.03315544128418 -54.78265380859375 -6.699999809265137
endloop
endfacet
facet normal 0 0 -1
outer loop
vertex -14.53315544128418 -55.9826545715332 -5.699999809265137
vertex -22.03315544128418 -54.78265380859375 -5.699999809265137
vertex -14.53315544128418 -54.78265380859375 -5.699999809265137
endloop
endfacet
facet normal 1 0 0
outer loop
vertex -23.03315544128418 -55.9826545715332 -8.199999809265137
vertex -23.03315544128418 -54.78265380859375 -8.199999809265137
vertex -23.03315544128418 -55.9826545715332 -6.699999809265137
endloop
endfacet
facet normal -0.5555693651831525 0 -0.8314701921716671
outer loop
vertex -13.826047897338867 -54.78265380859375 -5.992893218994141
vertex -13.826047897338867 -55.9826545715332 -5.992893218994141
vertex -14.150471687316895 -54.78265380859375 -5.776120662689209
endloop
endfacet
facet normal -0.831470379496779 0 -0.5555690848305744
outer loop
vertex -13.826047897338867 -54.78265380859375 -5.992893218994141
vertex -13.609275817871094 -55.9826545715332 -6.31731653213501
vertex -13.826047897338867 -55.9826545715332 -5.992893218994141
endloop
endfacet
facet normal -0.831470379496779 0 -0.5555690848305744
outer loop
vertex -13.609275817871094 -54.78265380859375 -6.31731653213501
vertex -13.609275817871094 -55.9826545715332 -6.31731653213501
vertex -13.826047897338867 -54.78265380859375 -5.992893218994141
endloop
endfacet
facet normal 0.9807853563514094 0 0.1950899401984604
outer loop
vertex -23.03315544128418 -55.9826545715332 -8.199999809265137
vertex -22.957035064697266 -54.78265380859375 -8.582683563232422
vertex -23.03315544128418 -54.78265380859375 -8.199999809265137
endloop
endfacet
facet normal 0.5555713391342493 0 0.8314688732193027
outer loop
vertex -22.74026107788086 -55.9826545715332 -8.907106399536133
vertex -22.41583824157715 -55.9826545715332 -9.123879432678223
vertex -22.41583824157715 -54.78265380859375 -9.123879432678223
endloop
endfacet
facet normal 0.19509040787318935 0 0.9807852633251952
outer loop
vertex -22.41583824157715 -55.9826545715332 -9.123879432678223
vertex -22.03315544128418 -54.78265380859375 -9.199999809265137
vertex -22.41583824157715 -54.78265380859375 -9.123879432678223
endloop
endfacet
facet normal 0.19509040787318935 0 0.9807852633251952
outer loop
vertex -22.41583824157715 -55.9826545715332 -9.123879432678223
vertex -22.03315544128418 -55.9826545715332 -9.199999809265137
vertex -22.03315544128418 -54.78265380859375 -9.199999809265137
endloop
endfacet
facet normal 0.5555713391342493 0 0.8314688732193027
outer loop
vertex -22.74026107788086 -55.9826545715332 -8.907106399536133
vertex -22.41583824157715 -54.78265380859375 -9.123879432678223
vertex -22.74026107788086 -54.78265380859375 -8.907106399536133
endloop
endfacet
facet normal 0.9807853098383859 0 -0.19509017403555012
outer loop
vertex -23.03315544128418 -55.9826545715332 -6.699999809265137
vertex -23.03315544128418 -54.78265380859375 -6.699999809265137
vertex -22.957035064697266 -55.9826545715332 -6.31731653213501
endloop
endfacet
facet normal 0.9807853098383859 0 -0.19509017403555012
outer loop
vertex -22.957035064697266 -55.9826545715332 -6.31731653213501
vertex -23.03315544128418 -54.78265380859375 -6.699999809265137
vertex -22.957035064697266 -54.78265380859375 -6.31731653213501
endloop
endfacet
facet normal 0.5555704942502147 0 -0.831469437753771
outer loop
vertex -22.74026107788086 -55.9826545715332 -5.992893218994141
vertex -22.74026107788086 -54.78265380859375 -5.992893218994141
vertex -22.41583824157715 -55.9826545715332 -5.776120662689209
endloop
endfacet
facet normal 0.5555704942502147 0 -0.831469437753771
outer loop
vertex -22.41583824157715 -55.9826545715332 -5.776120662689209
vertex -22.74026107788086 -54.78265380859375 -5.992893218994141
vertex -22.41583824157715 -54.78265380859375 -5.776120662689209
endloop
endfacet
facet normal -0.9807853563514094 0 0.1950899401984604
outer loop
vertex -13.53315544128418 -54.78265380859375 -8.199999809265137
vertex -13.609275817871094 -54.78265380859375 -8.582683563232422
vertex -13.609275817871094 -55.9826545715332 -8.582683563232422
endloop
endfacet
facet normal -0.8314700022881474 0 0.5555696493644593
outer loop
vertex -13.609275817871094 -54.78265380859375 -8.582683563232422
vertex -13.826047897338867 -55.9826545715332 -8.907106399536133
vertex -13.609275817871094 -55.9826545715332 -8.582683563232422
endloop
endfacet
facet normal -0.8314700022881474 0 0.5555696493644593
outer loop
vertex -13.826047897338867 -54.78265380859375 -8.907106399536133
vertex -13.826047897338867 -55.9826545715332 -8.907106399536133
vertex -13.609275817871094 -54.78265380859375 -8.582683563232422
endloop
endfacet
facet normal 0.8314677441500905 0 0.5555730288971555
outer loop
vertex -22.957035064697266 -55.9826545715332 -8.582683563232422
vertex -22.74026107788086 -55.9826545715332 -8.907106399536133
vertex -22.74026107788086 -54.78265380859375 -8.907106399536133
endloop
endfacet
facet normal 0.8314677441500905 0 0.5555730288971555
outer loop
vertex -22.957035064697266 -55.9826545715332 -8.582683563232422
vertex -22.74026107788086 -54.78265380859375 -8.907106399536133
vertex -22.957035064697266 -54.78265380859375 -8.582683563232422
endloop
endfacet
facet normal -0.5555702100670031 0 0.8314696276389812
outer loop
vertex -13.826047897338867 -54.78265380859375 -8.907106399536133
vertex -14.150471687316895 -55.9826545715332 -9.123879432678223
vertex -13.826047897338867 -55.9826545715332 -8.907106399536133
endloop
endfacet
facet normal 0.9807853563514094 0 0.1950899401984604
outer loop
vertex -22.957035064697266 -55.9826545715332 -8.582683563232422
vertex -22.957035064697266 -54.78265380859375 -8.582683563232422
vertex -23.03315544128418 -55.9826545715332 -8.199999809265137
endloop
endfacet
facet normal -0.5555702100670031 0 0.8314696276389812
outer loop
vertex -14.150471687316895 -54.78265380859375 -9.123879432678223
vertex -14.150471687316895 -55.9826545715332 -9.123879432678223
vertex -13.826047897338867 -54.78265380859375 -8.907106399536133
endloop
endfacet
facet normal 0 0 1
outer loop
vertex -22.03315544128418 -54.78265380859375 -9.199999809265137
vertex -22.03315544128418 -55.9826545715332 -9.199999809265137
vertex -14.53315544128418 -54.78265380859375 -9.199999809265137
endloop
endfacet
facet normal -0.1950899401984604 0 0.9807853563514094
outer loop
vertex -14.150471687316895 -54.78265380859375 -9.123879432678223
vertex -14.53315544128418 -55.9826545715332 -9.199999809265137
vertex -14.150471687316895 -55.9826545715332 -9.123879432678223
endloop
endfacet
facet normal 0.19509158345481065 0 -0.9807850294866326
outer loop
vertex -22.41583824157715 -55.9826545715332 -5.776120662689209
vertex -22.41583824157715 -54.78265380859375 -5.776120662689209
vertex -22.03315544128418 -55.9826545715332 -5.699999809265137
endloop
endfacet
facet normal 0.19509158345481065 0 -0.9807850294866326
outer loop
vertex -22.03315544128418 -55.9826545715332 -5.699999809265137
vertex -22.41583824157715 -54.78265380859375 -5.776120662689209
vertex -22.03315544128418 -54.78265380859375 -5.699999809265137
endloop
endfacet
facet normal -0.1950899401984604 0 0.9807853563514094
outer loop
vertex -14.53315544128418 -54.78265380859375 -9.199999809265137
vertex -14.53315544128418 -55.9826545715332 -9.199999809265137
vertex -14.150471687316895 -54.78265380859375 -9.123879432678223
endloop
endfacet
facet normal 0 0 1
outer loop
vertex -14.53315544128418 -54.78265380859375 -9.199999809265137
vertex -22.03315544128418 -55.9826545715332 -9.199999809265137
vertex -14.53315544128418 -55.9826545715332 -9.199999809265137
endloop
endfacet
facet normal 0 0 -1
outer loop
vertex -22.03315544128418 -55.9826545715332 -5.699999809265137
vertex -22.03315544128418 -54.78265380859375 -5.699999809265137
vertex -14.53315544128418 -55.9826545715332 -5.699999809265137
endloop
endfacet
facet normal -0.9807853563514094 0 0.1950899401984604
outer loop
vertex -13.53315544128418 -54.78265380859375 -8.199999809265137
vertex -13.609275817871094 -55.9826545715332 -8.582683563232422
vertex -13.53315544128418 -55.9826545715332 -8.199999809265137
endloop
endfacet
facet normal -1 0 0
outer loop
vertex -13.53315544128418 -54.78265380859375 -8.199999809265137
vertex -13.53315544128418 -55.9826545715332 -8.199999809265137
vertex -13.53315544128418 -54.78265380859375 -6.699999809265137
endloop
endfacet
facet normal -1 0 0
outer loop
vertex -13.53315544128418 -54.78265380859375 -6.699999809265137
vertex -13.53315544128418 -55.9826545715332 -8.199999809265137
vertex -13.53315544128418 -55.9826545715332 -6.699999809265137
endloop
endfacet
facet normal -0.9807853098383859 0 -0.19509017403555012
outer loop
vertex -13.53315544128418 -54.78265380859375 -6.699999809265137
vertex -13.53315544128418 -55.9826545715332 -6.699999809265137
vertex -13.609275817871094 -54.78265380859375 -6.31731653213501
endloop
endfacet
facet normal -0.9807853098383859 0 -0.19509017403555012
outer loop
vertex -13.609275817871094 -54.78265380859375 -6.31731653213501
vertex -13.53315544128418 -55.9826545715332 -6.699999809265137
vertex -13.609275817871094 -55.9826545715332 -6.31731653213501
endloop
endfacet
facet normal -0.19509111577748656 0 -0.9807851225139456
outer loop
vertex -14.53315544128418 -54.78265380859375 -5.699999809265137
vertex -14.150471687316895 -55.9826545715332 -5.776120662689209
vertex -14.53315544128418 -55.9826545715332 -5.699999809265137
endloop
endfacet
facet normal 0.831468121362287 0 -0.5555724643629031
outer loop
vertex -22.74026107788086 -55.9826545715332 -5.992893218994141
vertex -22.957035064697266 -54.78265380859375 -6.31731653213501
vertex -22.74026107788086 -54.78265380859375 -5.992893218994141
endloop
endfacet
facet normal 0.831468121362287 0 -0.5555724643629031
outer loop
vertex -22.957035064697266 -55.9826545715332 -6.31731653213501
vertex -22.957035064697266 -54.78265380859375 -6.31731653213501
vertex -22.74026107788086 -55.9826545715332 -5.992893218994141
endloop
endfacet
facet normal -0.05019165176549849 -0.10763596667221456 0.9929226036160064
outer loop
vertex 53.27531051635742 -57.35085678100586 -0.5
vertex 54.53915023803711 -57.9401969909668 -0.5
vertex 54.81155014038086 -57.1917839050293 -0.4050999879837036
endloop
endfacet
facet normal 0.04492996573993881 -0.09635246026124106 0.9943326915978444
outer loop
vertex 59.89414978027344 -56.24280548095703 -0.32014966011047363
vertex 59.73907470703125 -57.1917839050293 -0.4050999879837036
vertex 60.87709045410156 -56.66111755371094 -0.4050999879837036
endloop
endfacet
facet normal -1 0 0
outer loop
vertex 52.77531051635742 -56.92265319824219 -1
vertex 52.77531051635742 -56.92265319824219 -1.5076520442962646
vertex 52.77531051635742 -57.000755310058594 -1.5
endloop
endfacet
facet normal -0.0501915785178297 -0.10763631257218294 -0.992922569821913
outer loop
vertex 53.52253341674805 -56.92265319824219 -1.5589157342910767
vertex 54.234397888183594 -56.92265319824219 -1.5949000120162964
vertex 53.27531051635742 -57.35085678100586 -1.5
endloop
endfacet
facet normal -0.05019169434009487 -0.10763605797341061 -0.9929225915665406
outer loop
vertex 53.27531051635742 -57.35085678100586 -1.5
vertex 54.234397888183594 -56.92265319824219 -1.5949000120162964
vertex 54.53915023803711 -57.9401969909668 -1.5
endloop
endfacet
facet normal -0.050191531744763214 -0.10763601052270612 -0.9929226049294428
outer loop
vertex 54.53915023803711 -57.9401969909668 -1.5
vertex 54.234397888183594 -56.92265319824219 -1.5949000120162964
vertex 54.81155014038086 -57.1917839050293 -1.5949000120162964
endloop
endfacet
facet normal -0.5735739099356075 -0.8191538132983204 0
outer loop
vertex 53.27531051635742 -57.35085678100586 -1.5
vertex 53.27531051635742 -57.35085678100586 -0.5
vertex 52.77531051635742 -57.000755310058594 -1.5
endloop
endfacet
facet normal -0.42261948047228126 -0.9063072187317825 0
outer loop
vertex 54.53915023803711 -57.9401969909668 -1.5
vertex 54.53915023803711 -57.9401969909668 -0.5
vertex 53.27531051635742 -57.35085678100586 -1.5
endloop
endfacet
facet normal -0.06812006781441063 -0.09728531718798292 -0.992922566679091
outer loop
vertex 53.27531051635742 -57.35085678100586 -1.5
vertex 52.77531051635742 -56.92265319824219 -1.5076520442962646
vertex 53.52253341674805 -56.92265319824219 -1.5589157342910767
endloop
endfacet
facet normal -0.030738062168052558 -0.11471648956975991 -0.9929226045140398
outer loop
vertex 54.53915023803711 -57.9401969909668 -1.5
vertex 54.81155014038086 -57.1917839050293 -1.5949000120162964
vertex 55.88612747192383 -58.301116943359375 -1.5
endloop
endfacet
facet normal -0.030738278794330765 -0.11471669678733101 -0.9929225738671498
outer loop
vertex 55.88612747192383 -58.301116943359375 -1.5
vertex 54.81155014038086 -57.1917839050293 -1.5949000120162964
vertex 56.0244255065918 -57.51677322387695 -1.5949000120162964
endloop
endfacet
facet normal -0.01035109264277009 -0.11831143307198261 -0.9929225849408173
outer loop
vertex 55.88612747192383 -58.301116943359375 -1.5
vertex 56.0244255065918 -57.51677322387695 -1.5949000120162964
vertex 56.87531280517578 -58.38766098022461 -1.5
endloop
endfacet
facet normal -0.010351017476558772 -0.11831136065763857 -0.9929225943529225
outer loop
vertex 56.87531280517578 -58.38766098022461 -1.5
vertex 56.0244255065918 -57.51677322387695 -1.5949000120162964
vertex 56.87531280517578 -57.591217041015625 -1.5949000120162964
endloop
endfacet
facet normal -0.25881803504136525 -0.9659260969335732 0
outer loop
vertex 54.53915023803711 -57.9401969909668 -1.5
vertex 55.88612747192383 -58.301116943359375 -1.5
vertex 55.88612747192383 -58.301116943359375 -0.5
endloop
endfacet
facet normal -0.0871572759617764 -0.9961945639517026 0
outer loop
vertex 55.88612747192383 -58.301116943359375 -1.5
vertex 56.87531280517578 -58.38766098022461 -1.5
vertex 56.87531280517578 -58.38766098022461 -0.5
endloop
endfacet
facet normal -0.04492985548786129 -0.09635231741218338 -0.9943327104219903
outer loop
vertex 54.234397888183594 -56.92265319824219 -1.5949000120162964
vertex 54.90950393676758 -56.92265319824219 -1.6254053115844727
vertex 54.81155014038086 -57.1917839050293 -1.5949000120162964
endloop
endfacet
facet normal -0.02751579733167336 -0.1026902449704308 -0.9943327383150549
outer loop
vertex 54.81155014038086 -57.1917839050293 -1.5949000120162964
vertex 56.12918472290039 -56.92265319824219 -1.6591570377349854
vertex 56.0244255065918 -57.51677322387695 -1.5949000120162964
endloop
endfacet
facet normal -0.027515761586896732 -0.10269041599209901 -0.994332721641837
outer loop
vertex 56.12918472290039 -56.92265319824219 -1.6591570377349854
vertex 54.81155014038086 -57.1917839050293 -1.5949000120162964
vertex 54.90950393676758 -56.92265319824219 -1.6254053115844727
endloop
endfacet
facet normal 0.0092659044802313 -0.10590812492613437 -0.9943327471670605
outer loop
vertex 57.67531204223633 -57.591217041015625 -1.5949000120162964
vertex 57.67531204223633 -56.92265319824219 -1.6661099195480347
vertex 58.52619552612305 -57.51677322387695 -1.5949000120162964
endloop
endfacet
facet normal 0.009265853322310233 -0.10590819732606105 -0.9943327399323396
outer loop
vertex 58.52619552612305 -57.51677322387695 -1.5949000120162964
vertex 57.67531204223633 -56.92265319824219 -1.6661099195480347
vertex 58.42143630981445 -56.92265319824219 -1.6591570377349854
endloop
endfacet
facet normal 0.027515762057422326 -0.10269025122592364 -0.9943327386451459
outer loop
vertex 58.52619552612305 -57.51677322387695 -1.5949000120162964
vertex 58.42143630981445 -56.92265319824219 -1.6591570377349854
vertex 59.641117095947266 -56.92265319824219 -1.6254053115844727
endloop
endfacet
facet normal 0.027515662914882624 -0.10269006629720422 -0.9943327604872679
outer loop
vertex 58.52619552612305 -57.51677322387695 -1.5949000120162964
vertex 59.641117095947266 -56.92265319824219 -1.6254053115844727
vertex 59.73907470703125 -57.1917839050293 -1.5949000120162964
endloop
endfacet
facet normal 0.044929858244803354 -0.09635168648220108 -0.9943327714352663
outer loop
vertex 59.73907470703125 -57.1917839050293 -1.5949000120162964
vertex 59.641117095947266 -56.92265319824219 -1.6254053115844727
vertex 60.31622314453125 -56.92265319824219 -1.5949000120162964
endloop
endfacet
facet normal 0.01035108629984877 -0.1183113605733453 -0.9929225936454951
outer loop
vertex 57.67531204223633 -57.591217041015625 -1.5949000120162964
vertex 58.66449737548828 -58.301116943359375 -1.5
vertex 57.67531204223633 -58.38766098022461 -1.5
endloop
endfacet
facet normal 0.010351066279839425 -0.11831138805961072 -0.9929225905790836
outer loop
vertex 58.66449737548828 -58.301116943359375 -1.5
vertex 57.67531204223633 -57.591217041015625 -1.5949000120162964
vertex 58.52619552612305 -57.51677322387695 -1.5949000120162964
endloop
endfacet
facet normal 0.03073808729870106 -0.11471658335900925 -0.9929225929001984
outer loop
vertex 58.66449737548828 -58.301116943359375 -1.5
vertex 58.52619552612305 -57.51677322387695 -1.5949000120162964
vertex 60.011474609375 -57.9401969909668 -1.5
endloop
endfacet
facet normal -0.00926580594504671 -0.10590820563200387 -0.99433273948915
outer loop
vertex 56.0244255065918 -57.51677322387695 -1.5949000120162964
vertex 56.12918472290039 -56.92265319824219 -1.6591570377349854
vertex 56.87531280517578 -56.92265319824219 -1.6661099195480347
endloop
endfacet
facet normal -0.009265862942902197 -0.10590812496689979 -0.9943327475497922
outer loop
vertex 56.0244255065918 -57.51677322387695 -1.5949000120162964
vertex 56.87531280517578 -56.92265319824219 -1.6661099195480347
vertex 56.87531280517578 -57.591217041015625 -1.5949000120162964
endloop
endfacet
facet normal 0.0871572759617764 -0.9961945639517026 0
outer loop
vertex 58.66449737548828 -58.301116943359375 -1.5
vertex 58.66449737548828 -58.301116943359375 -0.5
vertex 57.67531204223633 -58.38766098022461 -1.5
endloop
endfacet
facet normal 0.06812059794204042 -0.09728499614224934 0.9929225617648244
outer loop
vertex 61.35318374633789 -56.327754974365234 -0.4050999879837036
vertex 61.77531051635742 -57.000755310058594 -0.5
vertex 61.77531051635742 -56.359859466552734 -0.4372060298919678
endloop
endfacet
facet normal 0.0681196551996702 -0.09728558839721468 0.9929225684139151
outer loop
vertex 61.35318374633789 -56.327754974365234 -0.4050999879837036
vertex 61.27531051635742 -57.35085678100586 -0.5
vertex 61.77531051635742 -57.000755310058594 -0.5
endloop
endfacet
facet normal 0.03073812088894997 -0.11471646827852612 -0.9929226051560707
outer loop
vertex 60.011474609375 -57.9401969909668 -1.5
vertex 58.52619552612305 -57.51677322387695 -1.5949000120162964
vertex 59.73907470703125 -57.1917839050293 -1.5949000120162964
endloop
endfacet
facet normal 0.050191781208217705 -0.10763591937932698 -0.9929226021994432
outer loop
vertex 60.011474609375 -57.9401969909668 -1.5
vertex 59.73907470703125 -57.1917839050293 -1.5949000120162964
vertex 61.27531051635742 -57.35085678100586 -1.5
endloop
endfacet
facet normal 0.05019178879530628 -0.10763585034336379 -0.9929226092996313
outer loop
vertex 61.27531051635742 -57.35085678100586 -1.5
vertex 59.73907470703125 -57.1917839050293 -1.5949000120162964
vertex 60.31622314453125 -56.92265319824219 -1.5949000120162964
endloop
endfacet
facet normal 0.0501915785178297 -0.10763631257218294 -0.992922569821913
outer loop
vertex 61.27531051635742 -57.35085678100586 -1.5
vertex 60.31622314453125 -56.92265319824219 -1.5949000120162964
vertex 61.0280876159668 -56.92265319824219 -1.5589157342910767
endloop
endfacet
facet normal 0.25881803504136525 -0.9659260969335732 0
outer loop
vertex 58.66449737548828 -58.301116943359375 -1.5
vertex 60.011474609375 -57.9401969909668 -1.5
vertex 60.011474609375 -57.9401969909668 -0.5
endloop
endfacet
facet normal 0.42262052825064694 -0.9063067301422538 0
outer loop
vertex 60.011474609375 -57.9401969909668 -1.5
vertex 61.27531051635742 -57.35085678100586 -1.5
vertex 61.27531051635742 -57.35085678100586 -0.5
endloop
endfacet
facet normal 1 0 0
outer loop
vertex 61.77531051635742 -57.000755310058594 -0.5
vertex 61.77531051635742 -56.92265319824219 -1
vertex 61.77531051635742 -56.359859466552734 -0.4372060298919678
endloop
endfacet
facet normal -1 0 0
outer loop
vertex 52.77531051635742 -56.92265319824219 -1
vertex 52.77531051635742 -57.000755310058594 -1.5
vertex 52.77531051635742 -57.000755310058594 -0.5
endloop
endfacet
facet normal -0.5735739099356075 -0.8191538132983204 0
outer loop
vertex 52.77531051635742 -57.000755310058594 -0.5
vertex 52.77531051635742 -57.000755310058594 -1.5
vertex 53.27531051635742 -57.35085678100586 -0.5
endloop
endfacet
facet normal -0.42261948047228126 -0.9063072187317825 0
outer loop
vertex 53.27531051635742 -57.35085678100586 -0.5
vertex 53.27531051635742 -57.35085678100586 -1.5
vertex 54.53915023803711 -57.9401969909668 -0.5
endloop
endfacet
facet normal -1 0 0
outer loop
vertex 52.77531051635742 -56.359859466552734 -0.4372060298919678
vertex 52.77531051635742 -56.92265319824219 -1
vertex 52.77531051635742 -57.000755310058594 -0.5
endloop
endfacet
facet normal -0.25881803504136525 -0.9659260969335732 0
outer loop
vertex 54.53915023803711 -57.9401969909668 -0.5
vertex 54.53915023803711 -57.9401969909668 -1.5
vertex 55.88612747192383 -58.301116943359375 -0.5
endloop
endfacet
facet normal -0.0871572759617764 -0.9961945639517026 0
outer loop
vertex 55.88612747192383 -58.301116943359375 -0.5
vertex 55.88612747192383 -58.301116943359375 -1.5
vertex 56.87531280517578 -58.38766098022461 -0.5
endloop
endfacet
facet normal 0.5735739099356075 -0.8191538132983204 0
outer loop
vertex 61.27531051635742 -57.35085678100586 -0.5
vertex 61.27531051635742 -57.35085678100586 -1.5
vertex 61.77531051635742 -57.000755310058594 -0.5
endloop
endfacet
facet normal 1 0 0
outer loop
vertex 61.77531051635742 -57.000755310058594 -0.5
vertex 61.77531051635742 -57.000755310058594 -1.5
vertex 61.77531051635742 -56.92265319824219 -1
endloop
endfacet
facet normal 0.5735739099356075 -0.8191538132983204 0
outer loop
vertex 61.27531051635742 -57.35085678100586 -1.5
vertex 61.77531051635742 -57.000755310058594 -1.5
vertex 61.77531051635742 -57.000755310058594 -0.5
endloop
endfacet
facet normal 1 0 0
outer loop
vertex 61.77531051635742 -57.000755310058594 -1.5
vertex 61.77531051635742 -56.92265319824219 -1.5076520442962646
vertex 61.77531051635742 -56.92265319824219 -1
endloop
endfacet
facet normal 0.06811680533969541 -0.09728151834865552 -0.992923162695933
outer loop
vertex 61.77531051635742 -56.92265319824219 -1.5076520442962646
vertex 61.77531051635742 -57.000755310058594 -1.5
vertex 61.27531051635742 -57.35085678100586 -1.5
endloop
endfacet
facet normal -0.06811951544568683 -0.09728538880653174 0.9929225975574365
outer loop
vertex 52.77531051635742 -57.000755310058594 -0.5
vertex 53.27531051635742 -57.35085678100586 -0.5
vertex 53.67353439331055 -56.66111755371094 -0.4050999879837036
endloop
endfacet
facet normal -0.06811956302014474 -0.09728526545365165 0.9929226063795491
outer loop
vertex 53.67353439331055 -56.66111755371094 -0.4050999879837036
vertex 53.19744110107422 -56.327754974365234 -0.4050999879837036
vertex 52.77531051635742 -57.000755310058594 -0.5
endloop
endfacet
facet normal -0.06811680533969541 -0.09728151834865552 -0.992923162695933
outer loop
vertex 52.77531051635742 -56.92265319824219 -1.5076520442962646
vertex 53.27531051635742 -57.35085678100586 -1.5
vertex 52.77531051635742 -57.000755310058594 -1.5
endloop
endfacet
facet normal -0.050191634272210156 -0.1076361258464307 0.9929225872452777
outer loop
vertex 53.67353439331055 -56.66111755371094 -0.4050999879837036
vertex 53.27531051635742 -57.35085678100586 -0.5
vertex 54.81155014038086 -57.1917839050293 -0.4050999879837036
endloop
endfacet
facet normal -0.04492993578162218 -0.09635239601553189 0.9943326991770538
outer loop
vertex 53.67353439331055 -56.66111755371094 -0.4050999879837036
vertex 54.81155014038086 -57.1917839050293 -0.4050999879837036
vertex 55.08433151245117 -56.442317962646484 -0.32014966011047363
endloop
endfacet
facet normal -0.0681199852083784 -0.09728500022181655 0.9929226034022246
outer loop
vertex 53.19744110107422 -56.327754974365234 -0.4050999879837036
vertex 52.77531051635742 -56.359859466552734 -0.4372060298919678
vertex 52.77531051635742 -57.000755310058594 -0.5
endloop
endfacet
facet normal -0.06097892785455547 -0.08708733468614809 0.9943326236702543
outer loop
vertex 53.89299011230469 -56.281005859375 -0.3583499491214752
vertex 53.19744110107422 -56.327754974365234 -0.4050999879837036
vertex 53.67353439331055 -56.66111755371094 -0.4050999879837036
endloop
endfacet
facet normal -0.04492958099481958 -0.0963533503418611 0.9943326227322167
outer loop
vertex 54.65647506713867 -56.24280548095703 -0.32014966011047363
vertex 53.89299011230469 -56.281005859375 -0.3583499491214752
vertex 53.67353439331055 -56.66111755371094 -0.4050999879837036
endloop
endfacet
facet normal -0.04492990169117645 -0.0963526084335357 0.9943326801338047
outer loop
vertex 54.65647506713867 -56.24280548095703 -0.32014966011047363
vertex 53.67353439331055 -56.66111755371094 -0.4050999879837036
vertex 55.08433151245117 -56.442317962646484 -0.32014966011047363
endloop
endfacet
facet normal -0.030738209004710124 -0.11471643632919659 0.9929226061194862
outer loop
vertex 54.81155014038086 -57.1917839050293 -0.4050999879837036
vertex 54.53915023803711 -57.9401969909668 -0.5
vertex 56.0244255065918 -57.51677322387695 -0.4050999879837036
endloop
endfacet
facet normal -0.030738125009298393 -0.11471672409746315 0.9929225754726594
outer loop
vertex 56.0244255065918 -57.51677322387695 -0.4050999879837036
vertex 54.53915023803711 -57.9401969909668 -0.5
vertex 55.88612747192383 -58.301116943359375 -0.5
endloop
endfacet
facet normal -0.02751592422463865 -0.10269071854092318 0.9943326858952254
outer loop
vertex 54.81155014038086 -57.1917839050293 -0.4050999879837036
vertex 56.0244255065918 -57.51677322387695 -0.4050999879837036
vertex 56.16292190551758 -56.731327056884766 -0.32014966011047363
endloop
endfacet
facet normal -0.027515997446134484 -0.10269050729791639 0.9943327056852957
outer loop
vertex 55.08433151245117 -56.442317962646484 -0.32014966011047363
vertex 54.81155014038086 -57.1917839050293 -0.4050999879837036
vertex 56.16292190551758 -56.731327056884766 -0.32014966011047363
endloop
endfacet
facet normal -0.01035102485037157 -0.11831144493977097 0.9929225842334389
outer loop
vertex 56.0244255065918 -57.51677322387695 -0.4050999879837036
vertex 55.88612747192383 -58.301116943359375 -0.5
vertex 56.87531280517578 -57.591217041015625 -0.4050999879837036
endloop
endfacet
facet normal -0.01035108629984877 -0.1183113605733453 0.9929225936454951
outer loop
vertex 56.87531280517578 -57.591217041015625 -0.4050999879837036
vertex 55.88612747192383 -58.301116943359375 -0.5
vertex 56.87531280517578 -58.38766098022461 -0.5
endloop
endfacet
facet normal -0.009265887941016196 -0.10590841069348539 0.9943327168835613
outer loop
vertex 56.0244255065918 -57.51677322387695 -0.4050999879837036
vertex 56.87531280517578 -57.591217041015625 -0.4050999879837036
vertex 56.87531280517578 -56.79365158081055 -0.32014966011047363
endloop
endfacet
facet normal -0.009265578380794868 -0.10590877078192316 0.9943326814143904
outer loop
vertex 56.16292190551758 -56.731327056884766 -0.32014966011047363
vertex 56.0244255065918 -57.51677322387695 -0.4050999879837036
vertex 56.87531280517578 -56.79365158081055 -0.32014966011047363
endloop
endfacet
facet normal -0.03966069924199264 -0.08505275285332775 0.9955867908764695
outer loop
vertex 55.16501235961914 -56.22065353393555 -0.2979988753795624
vertex 54.65647506713867 -56.24280548095703 -0.32014966011047363
vertex 55.08433151245117 -56.442317962646484 -0.32014966011047363
endloop
endfacet
facet normal -0.024289108633733052 -0.09064766386517628 0.9955867818716582
outer loop
vertex 55.08433151245117 -56.442317962646484 -0.32014966011047363
vertex 56.16292190551758 -56.731327056884766 -0.32014966011047363
vertex 55.16501235961914 -56.22065353393555 -0.2979988753795624
endloop
endfacet
facet normal -0.024289106425468516 -0.09064765956929878 0.9955867823166702
outer loop
vertex 56.258140563964844 -56.191314697265625 -0.2686587870121002
vertex 55.16501235961914 -56.22065353393555 -0.2979988753795624
vertex 56.16292190551758 -56.731327056884766 -0.32014966011047363
endloop
endfacet
facet normal -0.008179082358627776 -0.09348828883728388 0.9955867829888299
outer loop
vertex 56.258140563964844 -56.191314697265625 -0.2686587870121002
vertex 56.16292190551758 -56.731327056884766 -0.32014966011047363
vertex 56.87531280517578 -56.18571853637695 -0.2630630135536194
endloop
endfacet
facet normal -0.008178967929628096 -0.09348843688885525 0.9955867700264427
outer loop
vertex 56.87531280517578 -56.18571853637695 -0.2630630135536194
vertex 56.16292190551758 -56.731327056884766 -0.32014966011047363
vertex 56.87531280517578 -56.79365158081055 -0.32014966011047363
endloop
endfacet
facet normal 0.06812006781441063 -0.09728531718798292 -0.992922566679091
outer loop
vertex 61.27531051635742 -57.35085678100586 -1.5
vertex 61.0280876159668 -56.92265319824219 -1.5589157342910767
vertex 61.77531051635742 -56.92265319824219 -1.5076520442962646
endloop
endfacet
facet normal 0.0609786261601738 -0.0870869038199372 0.9943326799088295
outer loop
vertex 60.657630920410156 -56.281005859375 -0.3583499491214752
vertex 60.87709045410156 -56.66111755371094 -0.4050999879837036
vertex 61.35318374633789 -56.327754974365234 -0.4050999879837036
endloop
endfacet
facet normal 0.04492983746721477 -0.09635275701113633 0.9943326686383801
outer loop
vertex 59.89414978027344 -56.24280548095703 -0.32014966011047363
vertex 60.87709045410156 -56.66111755371094 -0.4050999879837036
vertex 60.657630920410156 -56.281005859375 -0.3583499491214752
endloop
endfacet
facet normal 0.03966066673982234 -0.08505344146775805 0.9955867333428281
outer loop
vertex 59.38561248779297 -56.22065353393555 -0.2979988753795624
vertex 59.46628952026367 -56.442317962646484 -0.32014966011047363
vertex 59.89414978027344 -56.24280548095703 -0.32014966011047363
endloop
endfacet
facet normal 0.0871572759617764 -0.9961945639517026 0
outer loop
vertex 57.67531204223633 -58.38766098022461 -0.5
vertex 57.67531204223633 -58.38766098022461 -1.5
vertex 58.66449737548828 -58.301116943359375 -0.5
endloop
endfacet
facet normal 0.06811979595942606 -0.09728559812695156 0.992922557803743
outer loop
vertex 60.87709045410156 -56.66111755371094 -0.4050999879837036
vertex 61.27531051635742 -57.35085678100586 -0.5
vertex 61.35318374633789 -56.327754974365234 -0.4050999879837036
endloop
endfacet
facet normal 0.25881803504136525 -0.9659260969335732 0
outer loop
vertex 58.66449737548828 -58.301116943359375 -0.5
vertex 58.66449737548828 -58.301116943359375 -1.5
vertex 60.011474609375 -57.9401969909668 -0.5
endloop
endfacet
facet normal 0.42262052825064694 -0.9063067301422538 0
outer loop
vertex 60.011474609375 -57.9401969909668 -0.5
vertex 60.011474609375 -57.9401969909668 -1.5
vertex 61.27531051635742 -57.35085678100586 -0.5
endloop
endfacet
facet normal 0.010351063877468076 -0.11831136060080781 0.9929225938759729
outer loop
vertex 57.67531204223633 -57.591217041015625 -0.4050999879837036
vertex 57.67531204223633 -58.38766098022461 -0.5
vertex 58.52619552612305 -57.51677322387695 -0.4050999879837036
endloop
endfacet
facet normal 0.009265596518211124 -0.10590841097948898 0.9943327195687374
outer loop
vertex 57.67531204223633 -56.79365158081055 -0.32014966011047363
vertex 57.67531204223633 -57.591217041015625 -0.4050999879837036
vertex 58.387699127197266 -56.731327056884766 -0.32014966011047363
endloop
endfacet
facet normal 0.010351088366339644 -0.11831138419302538 0.9929225908095567
outer loop
vertex 58.52619552612305 -57.51677322387695 -0.4050999879837036
vertex 57.67531204223633 -58.38766098022461 -0.5
vertex 58.66449737548828 -58.301116943359375 -0.5
endloop
endfacet
facet normal 0.030738148798137778 -0.11471657243725038 0.9929225922581844
outer loop
vertex 58.52619552612305 -57.51677322387695 -0.4050999879837036
vertex 58.66449737548828 -58.301116943359375 -0.5
vertex 59.73907470703125 -57.1917839050293 -0.4050999879837036
endloop
endfacet
facet normal 0.00926595520625241 -0.1059087047181873 0.9943326849395183
outer loop
vertex 58.387699127197266 -56.731327056884766 -0.32014966011047363
vertex 57.67531204223633 -57.591217041015625 -0.4050999879837036
vertex 58.52619552612305 -57.51677322387695 -0.4050999879837036
endloop
endfacet
facet normal 0.027516048159649344 -0.10269069656223719 0.9943326847354654
outer loop
vertex 58.387699127197266 -56.731327056884766 -0.32014966011047363
vertex 58.52619552612305 -57.51677322387695 -0.4050999879837036
vertex 59.46628952026367 -56.442317962646484 -0.32014966011047363
endloop
endfacet
facet normal 0.008179131442338807 -0.09348843676381743 0.995586768694877
outer loop
vertex 57.67531204223633 -56.18571853637695 -0.2630630135536194
vertex 57.67531204223633 -56.79365158081055 -0.32014966011047363
vertex 58.29248046875 -56.191314697265625 -0.2686587870121002
endloop
endfacet
facet normal 0.00817900003809652 -0.09348830328770039 0.9955867823081843
outer loop
vertex 58.29248046875 -56.191314697265625 -0.2686587870121002
vertex 57.67531204223633 -56.79365158081055 -0.32014966011047363
vertex 58.387699127197266 -56.731327056884766 -0.32014966011047363
endloop
endfacet
facet normal 0.024289107434750767 -0.09064765939053933 0.9955867823083229
outer loop
vertex 58.29248046875 -56.191314697265625 -0.2686587870121002
vertex 58.387699127197266 -56.731327056884766 -0.32014966011047363
vertex 59.46628952026367 -56.442317962646484 -0.32014966011047363
endloop
endfacet
facet normal 0.024289008406685426 -0.09064811448756792 0.9955867432878306
outer loop
vertex 59.46628952026367 -56.442317962646484 -0.32014966011047363
vertex 59.38561248779297 -56.22065353393555 -0.2979988753795624
vertex 58.29248046875 -56.191314697265625 -0.2686587870121002
endloop
endfacet
facet normal 0.05019157339915261 -0.1076359953039573 0.9929226044736035
outer loop
vertex 59.73907470703125 -57.1917839050293 -0.4050999879837036
vertex 60.011474609375 -57.9401969909668 -0.5
vertex 60.87709045410156 -56.66111755371094 -0.4050999879837036
endloop
endfacet
facet normal 0.030738062168052558 -0.11471648956975991 0.9929226045140398
outer loop
vertex 59.73907470703125 -57.1917839050293 -0.4050999879837036
vertex 58.66449737548828 -58.301116943359375 -0.5
vertex 60.011474609375 -57.9401969909668 -0.5
endloop
endfacet
facet normal 0.027515766447171405 -0.10269045268577248 0.9943327177177748
outer loop
vertex 59.46628952026367 -56.442317962646484 -0.32014966011047363
vertex 58.52619552612305 -57.51677322387695 -0.4050999879837036
vertex 59.73907470703125 -57.1917839050293 -0.4050999879837036
endloop
endfacet
facet normal 0.04492938956454648 -0.09635236922714858 0.9943327264541143
outer loop
vertex 59.46628952026367 -56.442317962646484 -0.32014966011047363
vertex 59.73907470703125 -57.1917839050293 -0.4050999879837036
vertex 59.89414978027344 -56.24280548095703 -0.32014966011047363
endloop
endfacet
facet normal 0.05019192655943981 -0.10763623108399352 0.9929225610621834
outer loop
vertex 60.011474609375 -57.9401969909668 -0.5
vertex 61.27531051635742 -57.35085678100586 -0.5
vertex 60.87709045410156 -56.66111755371094 -0.4050999879837036
endloop
endfacet
facet normal -0.050191781208217705 -0.10763591937932698 0.9929226021994432
outer loop
vertex -44.08686447143555 -57.1917839050293 -0.4050999879837036
vertex -45.62310028076172 -57.35085678100586 -0.5
vertex -44.3592643737793 -57.9401969909668 -0.5
endloop
endfacet
facet normal 0.04492996573993881 -0.09635246026124106 0.9943326915978444
outer loop
vertex -39.00426483154297 -56.24280548095703 -0.32014966011047363
vertex -39.159339904785156 -57.1917839050293 -0.4050999879837036
vertex -38.021324157714844 -56.66111755371094 -0.4050999879837036
endloop
endfacet
facet normal 1 0 0
outer loop
vertex -37.12310028076172 -57.000755310058594 -0.5
vertex -37.12310028076172 -56.92265319824219 -1
vertex -37.12310028076172 -56.359859466552734 -0.4372060298919678
endloop
endfacet
facet normal -0.044929858244803354 -0.09635168648220108 -0.9943327714352663
outer loop
vertex -44.66401290893555 -56.92265319824219 -1.5949000120162964
vertex -43.98890686035156 -56.92265319824219 -1.6254053115844727
vertex -44.08686447143555 -57.1917839050293 -1.5949000120162964
endloop
endfacet
facet normal -1 0 0
outer loop
vertex -46.12310028076172 -57.000755310058594 -1.5
vertex -46.12310028076172 -56.92265319824219 -1
vertex -46.12310028076172 -56.92265319824219 -1.5076520442962646
endloop
endfacet
facet normal 0.030738062168052558 -0.11471648956975991 0.9929226045140398
outer loop
vertex -39.159339904785156 -57.1917839050293 -0.4050999879837036
vertex -40.233917236328125 -58.301116943359375 -0.5
vertex -38.886940002441406 -57.9401969909668 -0.5
endloop
endfacet
facet normal 1 0 0
outer loop
vertex -37.12310028076172 -57.000755310058594 -0.5
vertex -37.12310028076172 -57.000755310058594 -1.5
vertex -37.12310028076172 -56.92265319824219 -1
endloop
endfacet
facet normal 0.5735739099356075 -0.8191538132983204 0
outer loop
vertex -37.62310028076172 -57.35085678100586 -0.5
vertex -37.62310028076172 -57.35085678100586 -1.5
vertex -37.12310028076172 -57.000755310058594 -0.5
endloop
endfacet
facet normal 0.42261948047228126 -0.9063072187317825 0
outer loop
vertex -38.886940002441406 -57.9401969909668 -0.5
vertex -38.886940002441406 -57.9401969909668 -1.5
vertex -37.62310028076172 -57.35085678100586 -0.5
endloop
endfacet
facet normal 0.05019157339915261 -0.1076359953039573 0.9929226044736035
outer loop
vertex -39.159339904785156 -57.1917839050293 -0.4050999879837036
vertex -38.886940002441406 -57.9401969909668 -0.5
vertex -38.021324157714844 -56.66111755371094 -0.4050999879837036
endloop
endfacet
facet normal -0.06811963910102185 -0.09728556540581122 -0.992922571771041
outer loop
vertex -46.12310028076172 -57.000755310058594 -1.5
vertex -45.375877380371094 -56.92265319824219 -1.5589157342910767
vertex -45.62310028076172 -57.35085678100586 -1.5
endloop
endfacet
facet normal -0.06812009337612583 -0.09728149645836451 -0.9929229392683246
outer loop
vertex -46.12310028076172 -57.000755310058594 -1.5
vertex -46.12310028076172 -56.92265319824219 -1.5076520442962646
vertex -45.375877380371094 -56.92265319824219 -1.5589157342910767
endloop
endfacet
facet normal -0.0501915785178297 -0.10763631257218294 -0.992922569821913
outer loop
vertex -45.375877380371094 -56.92265319824219 -1.5589157342910767
vertex -44.66401290893555 -56.92265319824219 -1.5949000120162964
vertex -45.62310028076172 -57.35085678100586 -1.5
endloop
endfacet
facet normal 0.024289094022462324 -0.09064808340094824 0.9955867440295209
outer loop
vertex -40.60593032836914 -56.191314697265625 -0.2686587870121002
vertex -39.432125091552734 -56.442317962646484 -0.32014966011047363
vertex -39.51280212402344 -56.22065353393555 -0.2979988753795624
endloop
endfacet
facet normal -0.05019176915157082 -0.10763589352393312 -0.9929226056117064
outer loop
vertex -45.62310028076172 -57.35085678100586 -1.5
vertex -44.66401290893555 -56.92265319824219 -1.5949000120162964
vertex -44.3592643737793 -57.9401969909668 -1.5
endloop
endfacet
facet normal -0.0501918151968808 -0.10763590696130851 -0.992922601827483
outer loop
vertex -44.3592643737793 -57.9401969909668 -1.5
vertex -44.66401290893555 -56.92265319824219 -1.5949000120162964
vertex -44.08686447143555 -57.1917839050293 -1.5949000120162964
endloop
endfacet
facet normal -0.5735739099356075 -0.8191538132983204 0
outer loop
vertex -45.62310028076172 -57.35085678100586 -1.5
vertex -45.62310028076172 -57.35085678100586 -0.5
vertex -46.12310028076172 -57.000755310058594 -1.5
endloop
endfacet
facet normal -0.42262052825064694 -0.9063067301422538 0
outer loop
vertex -44.3592643737793 -57.9401969909668 -1.5
vertex -44.3592643737793 -57.9401969909668 -0.5
vertex -45.62310028076172 -57.35085678100586 -1.5
endloop
endfacet
facet normal 0.024289189447212516 -0.09064764486486765 0.9955867816300347
outer loop
vertex -40.60593032836914 -56.191314697265625 -0.2686587870121002
vertex -40.510711669921875 -56.731327056884766 -0.32014966011047363
vertex -39.432125091552734 -56.442317962646484 -0.32014966011047363
endloop
endfacet
facet normal 0.00817895690376607 -0.0934883108594326 0.9955867819515366
outer loop
vertex -40.60593032836914 -56.191314697265625 -0.2686587870121002
vertex -41.22310256958008 -56.79365158081055 -0.32014966011047363
vertex -40.510711669921875 -56.731327056884766 -0.32014966011047363
endloop
endfacet
facet normal 0.008179080891097194 -0.09348843680247414 0.9955867691065439
outer loop
vertex -41.22310256958008 -56.18571853637695 -0.2630630135536194
vertex -41.22310256958008 -56.79365158081055 -0.32014966011047363
vertex -40.60593032836914 -56.191314697265625 -0.2686587870121002
endloop
endfacet
facet normal 0.027515766447171405 -0.10269045268577248 0.9943327177177748
outer loop
vertex -39.432125091552734 -56.442317962646484 -0.32014966011047363
vertex -40.37221908569336 -57.51677322387695 -0.4050999879837036
vertex -39.159339904785156 -57.1917839050293 -0.4050999879837036
endloop
endfacet
facet normal -1 0 0
outer loop
vertex -46.12310028076172 -56.92265319824219 -1
vertex -46.12310028076172 -57.000755310058594 -1.5
vertex -46.12310028076172 -57.000755310058594 -0.5
endloop
endfacet
facet normal -1 0 0
outer loop
vertex -46.12310028076172 -56.92265319824219 -1
vertex -46.12310028076172 -57.000755310058594 -0.5
vertex -46.12310028076172 -56.359859466552734 -0.4372060298919678
endloop
endfacet
facet normal -0.42262052825064694 -0.9063067301422538 0
outer loop
vertex -45.62310028076172 -57.35085678100586 -0.5
vertex -45.62310028076172 -57.35085678100586 -1.5
vertex -44.3592643737793 -57.9401969909668 -0.5
endloop
endfacet
facet normal 0.02751617486923178 -0.1026908062538072 0.9943326699005263
outer loop
vertex -40.510711669921875 -56.731327056884766 -0.32014966011047363
vertex -40.37221908569336 -57.51677322387695 -0.4050999879837036
vertex -39.432125091552734 -56.442317962646484 -0.32014966011047363
endloop
endfacet
facet normal 0.030738148798137778 -0.11471657243725038 0.9929225922581844
outer loop
vertex -40.37221908569336 -57.51677322387695 -0.4050999879837036
vertex -40.233917236328125 -58.301116943359375 -0.5
vertex -39.159339904785156 -57.1917839050293 -0.4050999879837036
endloop
endfacet
facet normal -0.5735739099356075 -0.8191538132983204 0
outer loop
vertex -46.12310028076172 -57.000755310058594 -0.5
vertex -46.12310028076172 -57.000755310058594 -1.5
vertex -45.62310028076172 -57.35085678100586 -0.5
endloop
endfacet
facet normal -0.25881803504136525 -0.9659260969335732 0
outer loop
vertex -44.3592643737793 -57.9401969909668 -0.5
vertex -44.3592643737793 -57.9401969909668 -1.5
vertex -43.01228713989258 -58.301116943359375 -0.5
endloop
endfacet
facet normal 0.009265959039856905 -0.1059087485358054 0.9943326802366759
outer loop
vertex -40.510711669921875 -56.731327056884766 -0.32014966011047363
vertex -41.22310256958008 -57.591217041015625 -0.4050999879837036
vertex -40.37221908569336 -57.51677322387695 -0.4050999879837036
endloop
endfacet
facet normal 0.009265546907230283 -0.10590841102817652 0.9943327200258457
outer loop
vertex -41.22310256958008 -56.79365158081055 -0.32014966011047363
vertex -41.22310256958008 -57.591217041015625 -0.4050999879837036
vertex -40.510711669921875 -56.731327056884766 -0.32014966011047363
endloop
endfacet
facet normal 0.010351063877468076 -0.11831136060080781 0.9929225938759729
outer loop
vertex -41.22310256958008 -57.591217041015625 -0.4050999879837036
vertex -41.22310256958008 -58.38766098022461 -0.5
vertex -40.37221908569336 -57.51677322387695 -0.4050999879837036
endloop
endfacet
facet normal 0.010351088366339644 -0.11831138419302538 0.9929225908095567
outer loop
vertex -41.22310256958008 -58.38766098022461 -0.5
vertex -40.233917236328125 -58.301116943359375 -0.5
vertex -40.37221908569336 -57.51677322387695 -0.4050999879837036
endloop
endfacet
facet normal -0.00817913299765836 -0.09348827994818783 0.9955867834075219
outer loop
vertex -42.6402702331543 -56.191314697265625 -0.2686587870121002
vertex -42.73548889160156 -56.731327056884766 -0.32014966011047363
vertex -42.023101806640625 -56.18571853637695 -0.2630630135536194
endloop
endfacet
facet normal -0.008179011723514984 -0.0934884368553664 0.9955867696698096
outer loop
vertex -42.73548889160156 -56.731327056884766 -0.32014966011047363
vertex -42.023101806640625 -56.79365158081055 -0.32014966011047363
vertex -42.023101806640625 -56.18571853637695 -0.2630630135536194
endloop
endfacet
facet normal -0.02428902127803763 -0.09064767465022112 0.9955867830208788
outer loop
vertex -42.6402702331543 -56.191314697265625 -0.2686587870121002
vertex -43.733402252197266 -56.22065353393555 -0.2979988753795624
vertex -42.73548889160156 -56.731327056884766 -0.32014966011047363
endloop
endfacet
facet normal -0.024289209785864532 -0.0906480413678896 0.9955867450323671
outer loop
vertex -43.733402252197266 -56.22065353393555 -0.2979988753795624
vertex -43.81407928466797 -56.442317962646484 -0.32014966011047363
vertex -42.73548889160156 -56.731327056884766 -0.32014966011047363
endloop
endfacet
facet normal -0.009265627246703552 -0.10590876221492196 0.9943326818715296
outer loop
vertex -42.73548889160156 -56.731327056884766 -0.32014966011047363
vertex -42.873985290527344 -57.51677322387695 -0.4050999879837036
vertex -42.023101806640625 -56.79365158081055 -0.32014966011047363
endloop
endfacet
facet normal -0.009265929478457342 -0.10590841065271965 0.9943327165008277
outer loop
vertex -42.873985290527344 -57.51677322387695 -0.4050999879837036
vertex -42.023101806640625 -57.591217041015625 -0.4050999879837036
vertex -42.023101806640625 -56.79365158081055 -0.32014966011047363
endloop
endfacet
facet normal -0.010351066279839425 -0.11831138805961072 0.9929225905790836
outer loop
vertex -42.873985290527344 -57.51677322387695 -0.4050999879837036
vertex -43.01228713989258 -58.301116943359375 -0.5
vertex -42.023101806640625 -57.591217041015625 -0.4050999879837036
endloop
endfacet
facet normal -0.01035108629984877 -0.1183113605733453 0.9929225936454951
outer loop
vertex -43.01228713989258 -58.301116943359375 -0.5
vertex -42.023101806640625 -58.38766098022461 -0.5
vertex -42.023101806640625 -57.591217041015625 -0.4050999879837036
endloop
endfacet
facet normal -0.027515841608460975 -0.1026907331921093 0.9943326866683228
outer loop
vertex -42.73548889160156 -56.731327056884766 -0.32014966011047363
vertex -44.08686447143555 -57.1917839050293 -0.4050999879837036
vertex -42.873985290527344 -57.51677322387695 -0.4050999879837036
endloop
endfacet
facet normal -0.027515963639905126 -0.1026903811320796 0.9943327196506788
outer loop
vertex -43.81407928466797 -56.442317962646484 -0.32014966011047363
vertex -44.08686447143555 -57.1917839050293 -0.4050999879837036
vertex -42.73548889160156 -56.731327056884766 -0.32014966011047363
endloop
endfacet
facet normal -0.03073812088894997 -0.11471646827852612 0.9929226051560707
outer loop
vertex -44.08686447143555 -57.1917839050293 -0.4050999879837036
vertex -44.3592643737793 -57.9401969909668 -0.5
vertex -42.873985290527344 -57.51677322387695 -0.4050999879837036
endloop
endfacet
facet normal -0.03073808729870106 -0.11471658335900925 0.9929225929001984
outer loop
vertex -44.3592643737793 -57.9401969909668 -0.5
vertex -43.01228713989258 -58.301116943359375 -0.5
vertex -42.873985290527344 -57.51677322387695 -0.4050999879837036
endloop
endfacet
facet normal -0.06811970065101544 -0.0972856533088889 0.9929225589357303
outer loop
vertex -46.12310028076172 -57.000755310058594 -0.5
vertex -45.62310028076172 -57.35085678100586 -0.5
vertex -45.22488021850586 -56.66111755371094 -0.4050999879837036
endloop
endfacet
facet normal 0.25881803504136525 -0.9659260969335732 0
outer loop
vertex -40.233917236328125 -58.301116943359375 -0.5
vertex -40.233917236328125 -58.301116943359375 -1.5
vertex -38.886940002441406 -57.9401969909668 -0.5
endloop
endfacet
facet normal -0.0681197482257337 -0.09728552995586051 0.992922567757864
outer loop
vertex -45.22488021850586 -56.66111755371094 -0.4050999879837036
vertex -45.70097351074219 -56.327754974365234 -0.4050999879837036
vertex -46.12310028076172 -57.000755310058594 -0.5
endloop
endfacet
facet normal 0.0871572759617764 -0.9961945639517026 0
outer loop
vertex -41.22310256958008 -58.38766098022461 -0.5
vertex -41.22310256958008 -58.38766098022461 -1.5
vertex -40.233917236328125 -58.301116943359375 -0.5
endloop
endfacet
facet normal -0.05019173482004852 -0.10763634147160292 0.9929225587881275
outer loop
vertex -45.22488021850586 -56.66111755371094 -0.4050999879837036
vertex -45.62310028076172 -57.35085678100586 -0.5
vertex -44.08686447143555 -57.1917839050293 -0.4050999879837036
endloop
endfacet
facet normal -0.04492984564579062 -0.09635220271894271 0.9943327219806523
outer loop
vertex -45.22488021850586 -56.66111755371094 -0.4050999879837036
vertex -44.08686447143555 -57.1917839050293 -0.4050999879837036
vertex -43.81407928466797 -56.442317962646484 -0.32014966011047363
endloop
endfacet
facet normal -0.06812059794204042 -0.09728499614224934 0.9929225617648244
outer loop
vertex -46.12310028076172 -56.359859466552734 -0.4372060298919678
vertex -46.12310028076172 -57.000755310058594 -0.5
vertex -45.70097351074219 -56.327754974365234 -0.4050999879837036
endloop
endfacet
facet normal -0.0609786261601738 -0.0870869038199372 0.9943326799088295
outer loop
vertex -45.00542068481445 -56.281005859375 -0.3583499491214752
vertex -45.70097351074219 -56.327754974365234 -0.4050999879837036
vertex -45.22488021850586 -56.66111755371094 -0.4050999879837036
endloop
endfacet
facet normal -0.04492983746721477 -0.09635275701113633 0.9943326686383801
outer loop
vertex -44.241939544677734 -56.24280548095703 -0.32014966011047363
vertex -45.00542068481445 -56.281005859375 -0.3583499491214752
vertex -45.22488021850586 -56.66111755371094 -0.4050999879837036
endloop
endfacet
facet normal -0.044929708987724734 -0.09635305423934903 0.994332645641803
outer loop
vertex -44.241939544677734 -56.24280548095703 -0.32014966011047363
vertex -45.22488021850586 -56.66111755371094 -0.4050999879837036
vertex -43.81407928466797 -56.442317962646484 -0.32014966011047363
endloop
endfacet
facet normal -0.0871572759617764 -0.9961945639517026 0
outer loop
vertex -43.01228713989258 -58.301116943359375 -0.5
vertex -43.01228713989258 -58.301116943359375 -1.5
vertex -42.023101806640625 -58.38766098022461 -0.5
endloop
endfacet
facet normal -0.03966066673982234 -0.08505344146775805 0.9955867333428281
outer loop
vertex -43.733402252197266 -56.22065353393555 -0.2979988753795624
vertex -44.241939544677734 -56.24280548095703 -0.32014966011047363
vertex -43.81407928466797 -56.442317962646484 -0.32014966011047363
endloop
endfacet
facet normal -0.027515762688915563 -0.1026900300925275 -0.9943327614653171
outer loop
vertex -44.08686447143555 -57.1917839050293 -1.5949000120162964
vertex -43.98890686035156 -56.92265319824219 -1.6254053115844727
vertex -42.76922607421875 -56.92265319824219 -1.6591570377349854
endloop
endfacet
facet normal -0.027515714715842476 -0.10269025962142168 -0.9943327390881591
outer loop
vertex -44.08686447143555 -57.1917839050293 -1.5949000120162964
vertex -42.76922607421875 -56.92265319824219 -1.6591570377349854
vertex -42.873985290527344 -57.51677322387695 -1.5949000120162964
endloop
endfacet
facet normal -0.009265853322310233 -0.10590819732606105 -0.9943327399323396
outer loop
vertex -42.873985290527344 -57.51677322387695 -1.5949000120162964
vertex -42.76922607421875 -56.92265319824219 -1.6591570377349854
vertex -42.023101806640625 -56.92265319824219 -1.6661099195480347
endloop
endfacet
facet normal 1 0 0
outer loop
vertex -37.12310028076172 -57.000755310058594 -1.5
vertex -37.12310028076172 -56.92265319824219 -1.5076520442962646
vertex -37.12310028076172 -56.92265319824219 -1
endloop
endfacet
facet normal -0.0092659044802313 -0.10590812492613437 -0.9943327471670605
outer loop
vertex -42.873985290527344 -57.51677322387695 -1.5949000120162964
vertex -42.023101806640625 -56.92265319824219 -1.6661099195480347
vertex -42.023101806640625 -57.591217041015625 -1.5949000120162964
endloop
endfacet
facet normal 0.5735739099356075 -0.8191538132983204 0
outer loop
vertex -37.62310028076172 -57.35085678100586 -1.5
vertex -37.12310028076172 -57.000755310058594 -1.5
vertex -37.12310028076172 -57.000755310058594 -0.5
endloop
endfacet
facet normal 0.42261948047228126 -0.9063072187317825 0
outer loop
vertex -38.886940002441406 -57.9401969909668 -1.5
vertex -37.62310028076172 -57.35085678100586 -1.5
vertex -37.62310028076172 -57.35085678100586 -0.5
endloop
endfacet
facet normal 0.25881803504136525 -0.9659260969335732 0
outer loop
vertex -40.233917236328125 -58.301116943359375 -1.5
vertex -38.886940002441406 -57.9401969909668 -1.5
vertex -38.886940002441406 -57.9401969909668 -0.5
endloop
endfacet
facet normal 0.06811680533969541 -0.09728151834865552 -0.992923162695933
outer loop
vertex -37.12310028076172 -56.92265319824219 -1.5076520442962646
vertex -37.12310028076172 -57.000755310058594 -1.5
vertex -37.62310028076172 -57.35085678100586 -1.5
endloop
endfacet
facet normal 0.06811972435667797 -0.09728491726437098 -0.9929226294260972
outer loop
vertex -37.62310028076172 -57.35085678100586 -1.5
vertex -37.87032699584961 -56.92265319824219 -1.5589157342910767
vertex -37.12310028076172 -56.92265319824219 -1.5076520442962646
endloop
endfacet
facet normal 0.050191850059932826 -0.10763571567236295 -0.9929226208014699
outer loop
vertex -37.62310028076172 -57.35085678100586 -1.5
vertex -38.58218765258789 -56.92265319824219 -1.5949000120162964
vertex -37.87032699584961 -56.92265319824219 -1.5589157342910767
endloop
endfacet
facet normal 0.05019162497391216 -0.10763621045311886 -0.9929225785436497
outer loop
vertex -37.62310028076172 -57.35085678100586 -1.5
vertex -39.159339904785156 -57.1917839050293 -1.5949000120162964
vertex -38.58218765258789 -56.92265319824219 -1.5949000120162964
endloop
endfacet
facet normal 0.05019165176549849 -0.10763596667221456 -0.9929226036160064
outer loop
vertex -38.886940002441406 -57.9401969909668 -1.5
vertex -39.159339904785156 -57.1917839050293 -1.5949000120162964
vertex -37.62310028076172 -57.35085678100586 -1.5
endloop
endfacet
facet normal 0.04492985548786129 -0.09635231741218338 -0.9943327104219903
outer loop
vertex -39.159339904785156 -57.1917839050293 -1.5949000120162964
vertex -39.257293701171875 -56.92265319824219 -1.6254053115844727
vertex -38.58218765258789 -56.92265319824219 -1.5949000120162964
endloop
endfacet
facet normal 0.009265853322310233 -0.10590819732606105 -0.9943327399323396
outer loop
vertex -41.22310256958008 -56.92265319824219 -1.6661099195480347
vertex -40.47697830200195 -56.92265319824219 -1.6591570377349854
vertex -40.37221908569336 -57.51677322387695 -1.5949000120162964
endloop
endfacet
facet normal 0.0092659044802313 -0.10590812492613437 -0.9943327471670605
outer loop
vertex -41.22310256958008 -57.591217041015625 -1.5949000120162964
vertex -41.22310256958008 -56.92265319824219 -1.6661099195480347
vertex -40.37221908569336 -57.51677322387695 -1.5949000120162964
endloop
endfacet
facet normal 0.0871572759617764 -0.9961945639517026 0
outer loop
vertex -40.233917236328125 -58.301116943359375 -1.5
vertex -40.233917236328125 -58.301116943359375 -0.5
vertex -41.22310256958008 -58.38766098022461 -1.5
endloop
endfacet
facet normal 0.02751567602114017 -0.10269026648349285 -0.994332739450255
outer loop
vertex -40.37221908569336 -57.51677322387695 -1.5949000120162964
vertex -40.47697830200195 -56.92265319824219 -1.6591570377349854
vertex -39.257293701171875 -56.92265319824219 -1.6254053115844727
endloop
endfacet
facet normal 0.0681199852083784 -0.09728500022181655 0.9929226034022246
outer loop
vertex -37.12310028076172 -57.000755310058594 -0.5
vertex -37.12310028076172 -56.359859466552734 -0.4372060298919678
vertex -37.545230865478516 -56.327754974365234 -0.4050999879837036
endloop
endfacet
facet normal 0.03073812088894997 -0.11471646827852612 -0.9929226051560707
outer loop
vertex -38.886940002441406 -57.9401969909668 -1.5
vertex -40.37221908569336 -57.51677322387695 -1.5949000120162964
vertex -39.159339904785156 -57.1917839050293 -1.5949000120162964
endloop
endfacet
facet normal 0.03073808729870106 -0.11471658335900925 -0.9929225929001984
outer loop
vertex -40.233917236328125 -58.301116943359375 -1.5
vertex -40.37221908569336 -57.51677322387695 -1.5949000120162964
vertex -38.886940002441406 -57.9401969909668 -1.5
endloop
endfacet
facet normal 0.010351066279839425 -0.11831138805961072 -0.9929225905790836
outer loop
vertex -40.233917236328125 -58.301116943359375 -1.5
vertex -41.22310256958008 -57.591217041015625 -1.5949000120162964
vertex -40.37221908569336 -57.51677322387695 -1.5949000120162964
endloop
endfacet
facet normal 0.01035108629984877 -0.1183113605733453 -0.9929225936454951
outer loop
vertex -41.22310256958008 -57.591217041015625 -1.5949000120162964
vertex -40.233917236328125 -58.301116943359375 -1.5
vertex -41.22310256958008 -58.38766098022461 -1.5
endloop
endfacet
facet normal 0.0609786261601738 -0.0870869038199372 0.9943326799088295
outer loop
vertex -38.24078369140625 -56.281005859375 -0.3583499491214752
vertex -38.021324157714844 -56.66111755371094 -0.4050999879837036
vertex -37.545230865478516 -56.327754974365234 -0.4050999879837036
endloop
endfacet
facet normal 0.04492983746721477 -0.09635275701113633 0.9943326686383801
outer loop
vertex -39.00426483154297 -56.24280548095703 -0.32014966011047363
vertex -38.021324157714844 -56.66111755371094 -0.4050999879837036
vertex -38.24078369140625 -56.281005859375 -0.3583499491214752
endloop
endfacet
facet normal -0.0871572759617764 -0.9961945639517026 0
outer loop
vertex -43.01228713989258 -58.301116943359375 -1.5
vertex -42.023101806640625 -58.38766098022461 -1.5
vertex -42.023101806640625 -58.38766098022461 -0.5
endloop
endfacet
facet normal -0.25881803504136525 -0.9659260969335732 0
outer loop
vertex -43.01228713989258 -58.301116943359375 -0.5
vertex -44.3592643737793 -57.9401969909668 -1.5
vertex -43.01228713989258 -58.301116943359375 -1.5
endloop
endfacet
facet normal -0.010351063877468076 -0.11831136060080781 -0.9929225938759729
outer loop
vertex -42.023101806640625 -58.38766098022461 -1.5
vertex -42.873985290527344 -57.51677322387695 -1.5949000120162964
vertex -42.023101806640625 -57.591217041015625 -1.5949000120162964
endloop
endfacet
facet normal -0.010351088366339644 -0.11831138419302538 -0.9929225908095567
outer loop
vertex -43.01228713989258 -58.301116943359375 -1.5
vertex -42.873985290527344 -57.51677322387695 -1.5949000120162964
vertex -42.023101806640625 -58.38766098022461 -1.5
endloop
endfacet
facet normal -0.030738148798137778 -0.11471657243725038 -0.9929225922581844
outer loop
vertex -43.01228713989258 -58.301116943359375 -1.5
vertex -44.08686447143555 -57.1917839050293 -1.5949000120162964
vertex -42.873985290527344 -57.51677322387695 -1.5949000120162964
endloop
endfacet
facet normal -0.030738062168052558 -0.11471648956975991 -0.9929226045140398
outer loop
vertex -44.3592643737793 -57.9401969909668 -1.5
vertex -44.08686447143555 -57.1917839050293 -1.5949000120162964
vertex -43.01228713989258 -58.301116943359375 -1.5
endloop
endfacet
facet normal 0.03966066673982234 -0.08505344146775805 0.9955867333428281
outer loop
vertex -39.51280212402344 -56.22065353393555 -0.2979988753795624
vertex -39.432125091552734 -56.442317962646484 -0.32014966011047363
vertex -39.00426483154297 -56.24280548095703 -0.32014966011047363
endloop
endfacet
facet normal 0.06811961075357942 -0.09728533362437468 0.9929225964255094
outer loop
vertex -37.62310028076172 -57.35085678100586 -0.5
vertex -37.545230865478516 -56.327754974365234 -0.4050999879837036
vertex -38.021324157714844 -56.66111755371094 -0.4050999879837036
endloop
endfacet
facet normal 0.027515757055701244 -0.10269041763625554 -0.9943327215974254
outer loop
vertex -40.37221908569336 -57.51677322387695 -1.5949000120162964
vertex -39.257293701171875 -56.92265319824219 -1.6254053115844727
vertex -39.159339904785156 -57.1917839050293 -1.5949000120162964
endloop
endfacet
facet normal 0.06811946999458696 -0.09728532389520796 0.9929226070355438
outer loop
vertex -37.62310028076172 -57.35085678100586 -0.5
vertex -37.12310028076172 -57.000755310058594 -0.5
vertex -37.545230865478516 -56.327754974365234 -0.4050999879837036
endloop
endfacet
facet normal 0.05019170657828703 -0.10763608421820625 0.9929225881028845
outer loop
vertex -38.021324157714844 -56.66111755371094 -0.4050999879837036
vertex -38.886940002441406 -57.9401969909668 -0.5
vertex -37.62310028076172 -57.35085678100586 -0.5
endloop
endfacet
facet normal 0.04492938956454648 -0.09635236922714858 0.9943327264541143
outer loop
vertex -39.432125091552734 -56.442317962646484 -0.32014966011047363
vertex -39.159339904785156 -57.1917839050293 -0.4050999879837036
vertex -39.00426483154297 -56.24280548095703 -0.32014966011047363
endloop
endfacet
facet normal 0 0 -1
outer loop
vertex 51.27531051635742 -56.92265319824219 -4
vertex 51.58396911621094 -55.684593200683594 -4
vertex 51.77531051635742 -55.72265625 -4
endloop
endfacet
facet normal 0.8314782854783427 0.5555572524753821 0
outer loop
vertex 51.421756744384766 -55.576210021972656 -4
vertex 51.31337356567383 -55.413997650146484 -4
vertex 51.31337356567383 -55.413997650146484 0
endloop
endfacet
facet normal 1 0 0
outer loop
vertex 56.87531280517578 -58.38766098022461 -1.5
vertex 56.87531280517578 -57.591217041015625 -1.5949000120162964
vertex 56.87531280517578 -57.591217041015625 -0.4050999879837036
endloop
endfacet
facet normal 1 0 0
outer loop
vertex 56.87531280517578 -57.591217041015625 -1.5949000120162964
vertex 56.87531280517578 -56.92265319824219 -1.6661099195480347
vertex 56.87531280517578 -56.79365158081055 -0.32014966011047363
endloop
endfacet
facet normal -1 0 0
outer loop
vertex 57.67531204223633 -56.92265319824219 -4
vertex 57.67531204223633 -56.92265319824219 -1.6661099195480347
vertex 57.67531204223633 -56.18571853637695 -0.2630630135536194
endloop
endfacet
facet normal 0 0 1
outer loop
vertex 51.27531051635742 -56.92265319824219 -5
vertex 51.31337356567383 -54.031314849853516 -5
vertex 51.27531051635742 -54.22265625 -5
endloop
endfacet
facet normal -1 0 0
outer loop
vertex 57.67531204223633 -57.591217041015625 -1.5949000120162964
vertex 57.67531204223633 -58.38766098022461 -1.5
vertex 57.67531204223633 -57.591217041015625 -0.4050999879837036
endloop
endfacet
facet normal -1 0 0
outer loop
vertex 63.27531051635742 -54.42265319824219 -4.099999904632568
vertex 63.27531051635742 -55.22265625 -4
vertex 63.27531051635742 -54.42265319824219 0
endloop
endfacet
facet normal -1 0 0
outer loop
vertex 57.67531204223633 -56.92265319824219 -1.6661099195480347
vertex 57.67531204223633 -57.591217041015625 -1.5949000120162964
vertex 57.67531204223633 -57.591217041015625 -0.4050999879837036
endloop
endfacet
facet normal -0.9807861986664705 0.19508570553829574 0
outer loop
vertex 63.27531051635742 -55.22265625 -4
vertex 63.23725128173828 -55.413997650146484 -4
vertex 63.23725128173828 -55.413997650146484 0
endloop
endfacet
facet normal -0.8314692529919772 0.5555707707654927 0
outer loop
vertex 63.23725128173828 -55.413997650146484 -4
vertex 63.12886428833008 -55.576210021972656 -4
vertex 63.12886428833008 -55.576210021972656 0
endloop
endfacet
facet normal -0.5555572524753821 0.8314782854783427 0
outer loop
vertex 63.12886428833008 -55.576210021972656 -4
vertex 62.966651916503906 -55.684593200683594 -4
vertex 62.966651916503906 -55.684593200683594 0
endloop
endfacet
facet normal 1 0 0
outer loop
vertex 56.87531280517578 -56.92265319824219 -1.6661099195480347
vertex 56.87531280517578 -55.72265625 -4
vertex 56.87531280517578 -55.72265625 0
endloop
endfacet
facet normal 0 0 1
outer loop
vertex 51.31337356567383 -54.031314849853516 -5
vertex 51.27531051635742 -56.92265319824219 -5
vertex 51.421756744384766 -53.869102478027344 -5
endloop
endfacet
facet normal 0 0 -1
outer loop
vertex 63.27531051635742 -55.22265625 -4
vertex 63.27531051635742 -56.92265319824219 -4
vertex 63.23725128173828 -55.413997650146484 -4
endloop
endfacet
facet normal 0 0 -1
outer loop
vertex 63.27531051635742 -56.92265319824219 -4
vertex 63.12886428833008 -55.576210021972656 -4
vertex 63.23725128173828 -55.413997650146484 -4
endloop
endfacet
facet normal 0 0 -1
outer loop
vertex 63.27531051635742 -56.92265319824219 -4
vertex 62.966651916503906 -55.684593200683594 -4
vertex 63.12886428833008 -55.576210021972656 -4
endloop
endfacet
facet normal 0 0 -1
outer loop
vertex 63.27531051635742 -56.92265319824219 -4
vertex 57.67531204223633 -55.72265625 -4
vertex 62.966651916503906 -55.684593200683594 -4
endloop
endfacet
facet normal 0 0 1
outer loop
vertex 51.421756744384766 -53.869102478027344 -5
vertex 51.27531051635742 -56.92265319824219 -5
vertex 51.58396911621094 -53.76071548461914 -5
endloop
endfacet
facet normal 0 0 1
outer loop
vertex 51.58396911621094 -53.76071548461914 -5
vertex 51.27531051635742 -56.92265319824219 -5
vertex 51.77531051635742 -53.72265625 -5
endloop
endfacet
facet normal -0.0071932753245719 0.9999741280603738 0
outer loop
vertex 62.966651916503906 -55.684593200683594 -4
vertex 57.67531204223633 -55.72265625 -4
vertex 62.966651916503906 -55.684593200683594 0
endloop
endfacet
facet normal -1 0 0
outer loop
vertex 57.67531204223633 -55.72265625 -4
vertex 57.67531204223633 -56.92265319824219 -4
vertex 57.67531204223633 -55.92265319824219 0
endloop
endfacet
facet normal 0 1 0
outer loop
vertex 56.87531280517578 -55.72265625 -4
vertex 51.77531051635742 -55.72265625 -4
vertex 56.87531280517578 -55.72265625 0
endloop
endfacet
facet normal 0 0 -1
outer loop
vertex 57.67531204223633 -55.72265625 -4
vertex 63.27531051635742 -56.92265319824219 -4
vertex 57.67531204223633 -56.92265319824219 -4
endloop
endfacet
facet normal 1 0 0
outer loop
vertex 56.87531280517578 -56.92265319824219 -1.6661099195480347
vertex 56.87531280517578 -56.92265319824219 -4
vertex 56.87531280517578 -55.72265625 -4
endloop
endfacet
facet normal 0 0 -1
outer loop
vertex 56.87531280517578 -56.92265319824219 -4
vertex 51.77531051635742 -55.72265625 -4
vertex 56.87531280517578 -55.72265625 -4
endloop
endfacet
facet normal 1 0 0
outer loop
vertex 51.27531051635742 -56.92265319824219 -5
vertex 51.27531051635742 -54.22265625 -5
vertex 51.27531051635742 -55.22265625 -4
endloop
endfacet
facet normal 1 0 0
outer loop
vertex 51.27531051635742 -56.92265319824219 -4
vertex 51.27531051635742 -56.92265319824219 -5
vertex 51.27531051635742 -55.22265625 -4
endloop
endfacet
facet normal 0.9807824571768041 -0.1951045147971481 0
outer loop
vertex 51.27531051635742 -54.22265625 -5
vertex 51.31337356567383 -54.031314849853516 -5
vertex 51.31337356567383 -54.031314849853516 -4.099999904632568
endloop
endfacet
facet normal 0.8314782854783427 -0.5555572524753821 0
outer loop
vertex 51.31337356567383 -54.031314849853516 -5
vertex 51.421756744384766 -53.869102478027344 -5
vertex 51.421756744384766 -53.869102478027344 -4.099999904632568
endloop
endfacet
facet normal 0.5555707707654927 -0.8314692529919772 0
outer loop
vertex 51.421756744384766 -53.869102478027344 -5
vertex 51.58396911621094 -53.76071548461914 -5
vertex 51.58396911621094 -53.76071548461914 -4.099999904632568
endloop
endfacet
facet normal 1 0 0
outer loop
vertex 51.27531051635742 -55.22265625 -4
vertex 51.27531051635742 -54.22265625 -5
vertex 51.27531051635742 -54.42265319824219 -4.099999904632568
endloop
endfacet
facet normal 1 0 0
outer loop
vertex 51.27531051635742 -54.42265319824219 -4.099999904632568
vertex 51.27531051635742 -54.22265625 -5
vertex 51.27531051635742 -54.22265625 -4.099999904632568
endloop
endfacet
facet normal 0.9807824571768041 -0.1951045147971481 0
outer loop
vertex 51.27531051635742 -54.22265625 -4.099999904632568
vertex 51.27531051635742 -54.22265625 -5
vertex 51.31337356567383 -54.031314849853516 -4.099999904632568
endloop
endfacet
facet normal 0.8314782854783427 -0.5555572524753821 0
outer loop
vertex 51.31337356567383 -54.031314849853516 -4.099999904632568
vertex 51.31337356567383 -54.031314849853516 -5
vertex 51.421756744384766 -53.869102478027344 -4.099999904632568
endloop
endfacet
facet normal 0.5555707707654927 -0.8314692529919772 0
outer loop
vertex 51.421756744384766 -53.869102478027344 -4.099999904632568
vertex 51.421756744384766 -53.869102478027344 -5
vertex 51.58396911621094 -53.76071548461914 -4.099999904632568
endloop
endfacet
facet normal 0.19508570553829574 -0.9807861986664705 0
outer loop
vertex 51.58396911621094 -53.76071548461914 -4.099999904632568
vertex 51.58396911621094 -53.76071548461914 -5
vertex 51.77531051635742 -53.72265625 -4.099999904632568
endloop
endfacet
facet normal 0 0 1
outer loop
vertex 51.77531051635742 -53.72265625 -5
vertex 51.27531051635742 -56.92265319824219 -5
vertex 62.77531051635742 -53.72265625 -5
endloop
endfacet
facet normal 0 -1 0
outer loop
vertex 51.77531051635742 -53.72265625 -4.099999904632568
vertex 51.77531051635742 -53.72265625 -5
vertex 62.77531051635742 -53.72265625 -4.099999904632568
endloop
endfacet
facet normal 0 0 1
outer loop
vertex 62.77531051635742 -53.72265625 -5
vertex 51.27531051635742 -56.92265319824219 -5
vertex 62.966651916503906 -53.76071548461914 -5
endloop
endfacet
facet normal 0 1 0
outer loop
vertex 56.87531280517578 -55.72265625 0
vertex 51.77531051635742 -55.72265625 -4
vertex 51.77531051635742 -55.72265625 0
endloop
endfacet
facet normal 0 0 1
outer loop
vertex 63.27531051635742 -56.92265319824219 -5
vertex 63.27531051635742 -54.22265625 -5
vertex 51.27531051635742 -56.92265319824219 -5
endloop
endfacet
facet normal 0 0 1
outer loop
vertex 51.27531051635742 -56.92265319824219 -5
vertex 63.27531051635742 -54.22265625 -5
vertex 63.23725128173828 -54.031314849853516 -5
endloop
endfacet
facet normal 0 0 1
outer loop
vertex 51.27531051635742 -56.92265319824219 -5
vertex 63.23725128173828 -54.031314849853516 -5
vertex 63.12886428833008 -53.869102478027344 -5
endloop
endfacet
facet normal -1 0 0
outer loop
vertex 57.67531204223633 -55.92265319824219 0
vertex 57.67531204223633 -56.92265319824219 -4
vertex 57.67531204223633 -56.18571853637695 -0.2630630135536194
endloop
endfacet
facet normal -1 0 0
outer loop
vertex 57.67531204223633 -55.92265319824219 0
vertex 57.67531204223633 -55.72265625 0
vertex 57.67531204223633 -55.72265625 -4
endloop
endfacet
facet normal -0.0071932753245719 0.9999741280603738 0
outer loop
vertex 62.966651916503906 -55.684593200683594 0
vertex 57.67531204223633 -55.72265625 -4
vertex 57.67531204223633 -55.72265625 0
endloop
endfacet
facet normal 1 0 0
outer loop
vertex 56.87531280517578 -58.38766098022461 -0.5
vertex 56.87531280517578 -58.38766098022461 -1.5
vertex 56.87531280517578 -57.591217041015625 -0.4050999879837036
endloop
endfacet
facet normal 1 0 0
outer loop
vertex 56.87531280517578 -57.591217041015625 -0.4050999879837036
vertex 56.87531280517578 -57.591217041015625 -1.5949000120162964
vertex 56.87531280517578 -56.79365158081055 -0.32014966011047363
endloop
endfacet
facet normal 0 0 -1
outer loop
vertex 51.27531051635742 -56.92265319824219 -4
vertex 51.77531051635742 -55.72265625 -4
vertex 56.87531280517578 -56.92265319824219 -4
endloop
endfacet
facet normal 1 0 0
outer loop
vertex 51.27531051635742 -55.22265625 0
vertex 51.27531051635742 -54.42265319824219 -4.099999904632568
vertex 51.27531051635742 -54.42265319824219 0
endloop
endfacet
facet normal 0.5555572524753821 0.8314782854783427 0
outer loop
vertex 51.58396911621094 -55.684593200683594 0
vertex 51.58396911621094 -55.684593200683594 -4
vertex 51.421756744384766 -55.576210021972656 0
endloop
endfacet
facet normal 0.19510451479714808 0.980782457176804 0
outer loop
vertex 51.77531051635742 -55.72265625 -4
vertex 51.58396911621094 -55.684593200683594 0
vertex 51.77531051635742 -55.72265625 0
endloop
endfacet
facet normal 0.980782457176804 0.19510451479714808 0
outer loop
vertex 51.27531051635742 -55.22265625 0
vertex 51.31337356567383 -55.413997650146484 0
vertex 51.31337356567383 -55.413997650146484 -4
endloop
endfacet
facet normal 0.8314782854783427 0.5555572524753821 0
outer loop
vertex 51.31337356567383 -55.413997650146484 0
vertex 51.421756744384766 -55.576210021972656 0
vertex 51.421756744384766 -55.576210021972656 -4
endloop
endfacet
facet normal 0.5555572524753821 0.8314782854783427 0
outer loop
vertex 51.58396911621094 -55.684593200683594 -4
vertex 51.421756744384766 -55.576210021972656 -4
vertex 51.421756744384766 -55.576210021972656 0
endloop
endfacet
facet normal 0.19510451479714808 0.980782457176804 0
outer loop
vertex 51.58396911621094 -55.684593200683594 -4
vertex 51.58396911621094 -55.684593200683594 0
vertex 51.77531051635742 -55.72265625 -4
endloop
endfacet
facet normal 0 0 1
outer loop
vertex 62.966651916503906 -53.76071548461914 -5
vertex 51.27531051635742 -56.92265319824219 -5
vertex 63.12886428833008 -53.869102478027344 -5
endloop
endfacet
facet normal -1 0 0
outer loop
vertex 63.27531051635742 -54.42265319824219 0
vertex 63.27531051635742 -55.22265625 -4
vertex 63.27531051635742 -55.22265625 0
endloop
endfacet
facet normal -0.9807861986664705 0.19508570553829574 0
outer loop
vertex 63.27531051635742 -55.22265625 -4
vertex 63.23725128173828 -55.413997650146484 0
vertex 63.27531051635742 -55.22265625 0
endloop
endfacet
facet normal -0.8314692529919772 0.5555707707654927 0
outer loop
vertex 63.23725128173828 -55.413997650146484 0
vertex 63.23725128173828 -55.413997650146484 -4
vertex 63.12886428833008 -55.576210021972656 0
endloop
endfacet
facet normal -0.5555572524753821 0.8314782854783427 0
outer loop
vertex 63.12886428833008 -55.576210021972656 0
vertex 63.12886428833008 -55.576210021972656 -4
vertex 62.966651916503906 -55.684593200683594 0
endloop
endfacet
facet normal 1 0 0
outer loop
vertex 56.87531280517578 -56.79365158081055 -0.32014966011047363
vertex 56.87531280517578 -56.92265319824219 -1.6661099195480347
vertex 56.87531280517578 -56.18571853637695 -0.2630630135536194
endloop
endfacet
facet normal 1 0 0
outer loop
vertex 56.87531280517578 -56.18571853637695 -0.2630630135536194
vertex 56.87531280517578 -56.92265319824219 -1.6661099195480347
vertex 56.87531280517578 -55.92265319824219 0
endloop
endfacet
facet normal 1 0 0
outer loop
vertex 56.87531280517578 -55.92265319824219 0
vertex 56.87531280517578 -56.92265319824219 -1.6661099195480347
vertex 56.87531280517578 -55.72265625 0
endloop
endfacet
facet normal 0 -1 0
outer loop
vertex 62.77531051635742 -53.72265625 -4.099999904632568
vertex 51.77531051635742 -53.72265625 -5
vertex 62.77531051635742 -53.72265625 -5
endloop
endfacet
facet normal -1 0 0
outer loop
vertex 63.27531051635742 -54.22265625 -5
vertex 63.27531051635742 -56.92265319824219 -5
vertex 63.27531051635742 -55.22265625 -4
endloop
endfacet
facet normal -1 0 0
outer loop
vertex 63.27531051635742 -55.22265625 -4
vertex 63.27531051635742 -56.92265319824219 -5
vertex 63.27531051635742 -56.92265319824219 -4
endloop
endfacet
facet normal -0.9807861986664705 -0.19508570553829574 0
outer loop
vertex 63.23725128173828 -54.031314849853516 -5
vertex 63.27531051635742 -54.22265625 -5
vertex 63.27531051635742 -54.22265625 -4.099999904632568
endloop
endfacet
facet normal -1 0 0
outer loop
vertex 57.67531204223633 -57.591217041015625 -0.4050999879837036
vertex 57.67531204223633 -58.38766098022461 -1.5
vertex 57.67531204223633 -58.38766098022461 -0.5
endloop
endfacet
facet normal -1 0 0
outer loop
vertex 57.67531204223633 -56.92265319824219 -1.6661099195480347
vertex 57.67531204223633 -57.591217041015625 -0.4050999879837036
vertex 57.67531204223633 -56.79365158081055 -0.32014966011047363
endloop
endfacet
facet normal -0.8314692529919772 -0.5555707707654927 0
outer loop
vertex 63.12886428833008 -53.869102478027344 -5
vertex 63.23725128173828 -54.031314849853516 -5
vertex 63.23725128173828 -54.031314849853516 -4.099999904632568
endloop
endfacet
facet normal -0.19508570553829574 -0.9807861986664705 0
outer loop
vertex 62.77531051635742 -53.72265625 -5
vertex 62.966651916503906 -53.76071548461914 -5
vertex 62.966651916503906 -53.76071548461914 -4.099999904632568
endloop
endfacet
facet normal -0.5555707707654927 -0.8314692529919772 0
outer loop
vertex 62.966651916503906 -53.76071548461914 -5
vertex 63.12886428833008 -53.869102478027344 -5
vertex 63.12886428833008 -53.869102478027344 -4.099999904632568
endloop
endfacet
facet normal -1 0 0
outer loop
vertex 63.27531051635742 -54.22265625 -5
vertex 63.27531051635742 -55.22265625 -4
vertex 63.27531051635742 -54.42265319824219 -4.099999904632568
endloop
endfacet
facet normal -0.8314692529919772 -0.5555707707654927 0
outer loop
vertex 63.12886428833008 -53.869102478027344 -4.099999904632568
vertex 63.12886428833008 -53.869102478027344 -5
vertex 63.23725128173828 -54.031314849853516 -4.099999904632568
endloop
endfacet
facet normal -1 0 0
outer loop
vertex 63.27531051635742 -54.22265625 -4.099999904632568
vertex 63.27531051635742 -54.22265625 -5
vertex 63.27531051635742 -54.42265319824219 -4.099999904632568
endloop
endfacet
facet normal -0.9807861986664705 -0.19508570553829574 0
outer loop
vertex 63.23725128173828 -54.031314849853516 -4.099999904632568
vertex 63.23725128173828 -54.031314849853516 -5
vertex 63.27531051635742 -54.22265625 -4.099999904632568
endloop
endfacet
facet normal -0.19508570553829574 -0.9807861986664705 0
outer loop
vertex 62.77531051635742 -53.72265625 -4.099999904632568
vertex 62.77531051635742 -53.72265625 -5
vertex 62.966651916503906 -53.76071548461914 -4.099999904632568
endloop
endfacet
facet normal -0.5555707707654927 -0.8314692529919772 0
outer loop
vertex 62.966651916503906 -53.76071548461914 -4.099999904632568
vertex 62.966651916503906 -53.76071548461914 -5
vertex 63.12886428833008 -53.869102478027344 -4.099999904632568
endloop
endfacet
facet normal 0 0 -1
outer loop
vertex 51.27531051635742 -56.92265319824219 -4
vertex 51.31337356567383 -55.413997650146484 -4
vertex 51.421756744384766 -55.576210021972656 -4
endloop
endfacet
facet normal 0 0 -1
outer loop
vertex 51.31337356567383 -55.413997650146484 -4
vertex 51.27531051635742 -56.92265319824219 -4
vertex 51.27531051635742 -55.22265625 -4
endloop
endfacet
facet normal 0 0 -1
outer loop
vertex 51.27531051635742 -56.92265319824219 -4
vertex 51.421756744384766 -55.576210021972656 -4
vertex 51.58396911621094 -55.684593200683594 -4
endloop
endfacet
facet normal -1 0 0
outer loop
vertex 57.67531204223633 -56.18571853637695 -0.2630630135536194
vertex 57.67531204223633 -56.92265319824219 -1.6661099195480347
vertex 57.67531204223633 -56.79365158081055 -0.32014966011047363
endloop
endfacet
facet normal 1 0 0
outer loop
vertex 51.27531051635742 -55.22265625 0
vertex 51.27531051635742 -55.22265625 -4
vertex 51.27531051635742 -54.42265319824219 -4.099999904632568
endloop
endfacet
facet normal 0.980782457176804 0.19510451479714808 0
outer loop
vertex 51.31337356567383 -55.413997650146484 -4
vertex 51.27531051635742 -55.22265625 -4
vertex 51.27531051635742 -55.22265625 0
endloop
endfacet
facet normal 0.19508570553829574 -0.9807861986664705 0
outer loop
vertex 51.58396911621094 -53.76071548461914 -5
vertex 51.77531051635742 -53.72265625 -5
vertex 51.77531051635742 -53.72265625 -4.099999904632568
endloop
endfacet
facet normal -1 0 0
outer loop
vertex -41.22310256958008 -56.92265319824219 -1.6661099195480347
vertex -41.22310256958008 -56.18571853637695 -0.2630630135536194
vertex -41.22310256958008 -55.72265625 -4
endloop
endfacet
facet normal 0 0 -1
outer loop
vertex -35.62310028076172 -56.92265319824219 -4
vertex -41.22310256958008 -55.72265625 -4
vertex -35.931758880615234 -55.684593200683594 -4
endloop
endfacet
facet normal 0 0 -1
outer loop
vertex -35.62310028076172 -56.92265319824219 -4
vertex -35.931758880615234 -55.684593200683594 -4
vertex -35.76955032348633 -55.576210021972656 -4
endloop
endfacet
facet normal -1 0 0
outer loop
vertex -41.22310256958008 -56.92265319824219 -4
vertex -41.22310256958008 -56.92265319824219 -1.6661099195480347
vertex -41.22310256958008 -55.72265625 -4
endloop
endfacet
facet normal 0 0 -1
outer loop
vertex -42.023101806640625 -56.92265319824219 -4
vertex -47.12310028076172 -55.72265625 -4
vertex -42.023101806640625 -55.72265625 -4
endloop
endfacet
facet normal 0.9807861986664705 0.19508570553829574 0
outer loop
vertex -47.58504104614258 -55.413997650146484 -4
vertex -47.62310028076172 -55.22265625 -4
vertex -47.62310028076172 -55.22265625 0
endloop
endfacet
facet normal 0.5555572524753821 0.8314782854783427 0
outer loop
vertex -47.3144416809082 -55.684593200683594 -4
vertex -47.476654052734375 -55.576210021972656 -4
vertex -47.476654052734375 -55.576210021972656 0
endloop
endfacet
facet normal 0.8314692529919772 0.5555707707654927 0
outer loop
vertex -47.476654052734375 -55.576210021972656 -4
vertex -47.58504104614258 -55.413997650146484 -4
vertex -47.58504104614258 -55.413997650146484 0
endloop
endfacet
facet normal 0 0 -1
outer loop
vertex -35.62310028076172 -56.92265319824219 -4
vertex -35.76955032348633 -55.576210021972656 -4
vertex -35.661163330078125 -55.413997650146484 -4
endloop
endfacet
facet normal 0 0 -1
outer loop
vertex -35.62310028076172 -55.22265625 -4
vertex -35.62310028076172 -56.92265319824219 -4
vertex -35.661163330078125 -55.413997650146484 -4
endloop
endfacet
facet normal 0 1 0
outer loop
vertex -42.023101806640625 -55.72265625 -4
vertex -47.12310028076172 -55.72265625 -4
vertex -42.023101806640625 -55.72265625 0
endloop
endfacet
facet normal 1 0 0
outer loop
vertex -42.023101806640625 -56.92265319824219 -4
vertex -42.023101806640625 -55.72265625 -4
vertex -42.023101806640625 -55.72265625 0
endloop
endfacet
facet normal -0.007193270138980207 0.9999741280976762 0
outer loop
vertex -35.931758880615234 -55.684593200683594 -4
vertex -41.22310256958008 -55.72265625 -4
vertex -35.931758880615234 -55.684593200683594 0
endloop
endfacet
facet normal -1 0 0
outer loop
vertex -35.62310028076172 -55.22265625 -4
vertex -35.62310028076172 -54.78265380859375 0
vertex -35.62310028076172 -54.78265380859375 -5
endloop
endfacet
facet normal 0.19510451479714808 0.980782457176804 0
outer loop
vertex -47.12310028076172 -55.72265625 -4
vertex -47.3144416809082 -55.684593200683594 -4
vertex -47.3144416809082 -55.684593200683594 0
endloop
endfacet
facet normal 1 0 0
outer loop
vertex -47.62310028076172 -55.22265625 -4
vertex -47.62310028076172 -54.78265380859375 -5
vertex -47.62310028076172 -55.22265625 0
endloop
endfacet
facet normal 0 0 -1
outer loop
vertex -47.12310028076172 -55.72265625 -4
vertex -42.023101806640625 -56.92265319824219 -4
vertex -47.62310028076172 -56.92265319824219 -4
endloop
endfacet
facet normal 0 0 -1
outer loop
vertex -47.62310028076172 -56.92265319824219 -4
vertex -47.3144416809082 -55.684593200683594 -4
vertex -47.12310028076172 -55.72265625 -4
endloop
endfacet
facet normal 0 0 -1
outer loop
vertex -47.58504104614258 -55.413997650146484 -4
vertex -47.62310028076172 -56.92265319824219 -4
vertex -47.62310028076172 -55.22265625 -4
endloop
endfacet
facet normal 0 0 -1
outer loop
vertex -47.62310028076172 -56.92265319824219 -4
vertex -47.476654052734375 -55.576210021972656 -4
vertex -47.3144416809082 -55.684593200683594 -4
endloop
endfacet
facet normal 0 0 -1
outer loop
vertex -47.62310028076172 -56.92265319824219 -4
vertex -47.58504104614258 -55.413997650146484 -4
vertex -47.476654052734375 -55.576210021972656 -4
endloop
endfacet
facet normal -0.555566285064051 0.8314722502285505 0
outer loop
vertex -35.76955032348633 -55.576210021972656 -4
vertex -35.931758880615234 -55.684593200683594 -4
vertex -35.931758880615234 -55.684593200683594 0
endloop
endfacet
facet normal -0.8314692529919772 0.5555707707654927 0
outer loop
vertex -35.661163330078125 -55.413997650146484 -4
vertex -35.76955032348633 -55.576210021972656 -4
vertex -35.76955032348633 -55.576210021972656 0
endloop
endfacet
facet normal -0.980782457176804 0.19510451479714808 0
outer loop
vertex -35.62310028076172 -55.22265625 -4
vertex -35.661163330078125 -55.413997650146484 -4
vertex -35.661163330078125 -55.413997650146484 0
endloop
endfacet
facet normal 1 0 0
outer loop
vertex -47.62310028076172 -55.22265625 0
vertex -47.62310028076172 -54.78265380859375 -5
vertex -47.62310028076172 -54.78265380859375 0
endloop
endfacet
facet normal 0.19510451479714808 0.980782457176804 0
outer loop
vertex -47.12310028076172 -55.72265625 -4
vertex -47.3144416809082 -55.684593200683594 0
vertex -47.12310028076172 -55.72265625 0
endloop
endfacet
facet normal -1 0 0
outer loop
vertex -35.62310028076172 -55.22265625 -4
vertex -35.62310028076172 -56.92265319824219 -5
vertex -35.62310028076172 -56.92265319824219 -4
endloop
endfacet
facet normal -1 0 0
outer loop
vertex -35.62310028076172 -54.78265380859375 -5
vertex -35.62310028076172 -56.92265319824219 -5
vertex -35.62310028076172 -55.22265625 -4
endloop
endfacet
facet normal 0 0 1
outer loop
vertex -35.62310028076172 -54.78265380859375 -5
vertex -47.62310028076172 -56.92265319824219 -5
vertex -35.62310028076172 -56.92265319824219 -5
endloop
endfacet
facet normal 0 0 1
outer loop
vertex -35.62310028076172 -54.78265380859375 -5
vertex -47.62310028076172 -54.78265380859375 -5
vertex -47.62310028076172 -56.92265319824219 -5
endloop
endfacet
facet normal 1 0 0
outer loop
vertex -47.62310028076172 -56.92265319824219 -4
vertex -47.62310028076172 -54.78265380859375 -5
vertex -47.62310028076172 -55.22265625 -4
endloop
endfacet
facet normal 1 0 0
outer loop
vertex -47.62310028076172 -56.92265319824219 -4
vertex -47.62310028076172 -56.92265319824219 -5
vertex -47.62310028076172 -54.78265380859375 -5
endloop
endfacet
facet normal 0.8314692529919772 0.5555707707654927 0
outer loop
vertex -47.476654052734375 -55.576210021972656 0
vertex -47.476654052734375 -55.576210021972656 -4
vertex -47.58504104614258 -55.413997650146484 0
endloop
endfacet
facet normal 0.9807861986664705 0.19508570553829574 0
outer loop
vertex -47.58504104614258 -55.413997650146484 0
vertex -47.58504104614258 -55.413997650146484 -4
vertex -47.62310028076172 -55.22265625 0
endloop
endfacet
facet normal 0.5555572524753821 0.8314782854783427 0
outer loop
vertex -47.3144416809082 -55.684593200683594 0
vertex -47.3144416809082 -55.684593200683594 -4
vertex -47.476654052734375 -55.576210021972656 0
endloop
endfacet
facet normal 0 1 0
outer loop
vertex -42.023101806640625 -55.72265625 0
vertex -47.12310028076172 -55.72265625 -4
vertex -47.12310028076172 -55.72265625 0
endloop
endfacet
facet normal -1 0 0
outer loop
vertex -41.22310256958008 -56.18571853637695 -0.2630630135536194
vertex -41.22310256958008 -56.92265319824219 -1.6661099195480347
vertex -41.22310256958008 -56.79365158081055 -0.32014966011047363
endloop
endfacet
facet normal -1 0 0
outer loop
vertex -41.22310256958008 -56.92265319824219 -1.6661099195480347
vertex -41.22310256958008 -57.591217041015625 -0.4050999879837036
vertex -41.22310256958008 -56.79365158081055 -0.32014966011047363
endloop
endfacet
facet normal -1 0 0
outer loop
vertex -41.22310256958008 -57.591217041015625 -0.4050999879837036
vertex -41.22310256958008 -58.38766098022461 -1.5
vertex -41.22310256958008 -58.38766098022461 -0.5
endloop
endfacet
facet normal 1 0 0
outer loop
vertex -42.023101806640625 -55.92265319824219 0
vertex -42.023101806640625 -56.92265319824219 -1.6661099195480347
vertex -42.023101806640625 -55.72265625 0
endloop
endfacet
facet normal 1 0 0
outer loop
vertex -42.023101806640625 -56.18571853637695 -0.2630630135536194
vertex -42.023101806640625 -56.92265319824219 -1.6661099195480347
vertex -42.023101806640625 -55.92265319824219 0
endloop
endfacet
facet normal 1 0 0
outer loop
vertex -42.023101806640625 -56.79365158081055 -0.32014966011047363
vertex -42.023101806640625 -56.92265319824219 -1.6661099195480347
vertex -42.023101806640625 -56.18571853637695 -0.2630630135536194
endloop
endfacet
facet normal 1 0 0
outer loop
vertex -42.023101806640625 -57.591217041015625 -0.4050999879837036
vertex -42.023101806640625 -57.591217041015625 -1.5949000120162964
vertex -42.023101806640625 -56.79365158081055 -0.32014966011047363
endloop
endfacet
facet normal 1 0 0
outer loop
vertex -42.023101806640625 -58.38766098022461 -0.5
vertex -42.023101806640625 -58.38766098022461 -1.5
vertex -42.023101806640625 -57.591217041015625 -0.4050999879837036
endloop
endfacet
facet normal -1 0 0
outer loop
vertex -35.62310028076172 -54.78265380859375 0
vertex -35.62310028076172 -55.22265625 -4
vertex -35.62310028076172 -55.22265625 0
endloop
endfacet
facet normal -0.980782457176804 0.19510451479714808 0
outer loop
vertex -35.62310028076172 -55.22265625 -4
vertex -35.661163330078125 -55.413997650146484 0
vertex -35.62310028076172 -55.22265625 0
endloop
endfacet
facet normal -0.8314692529919772 0.5555707707654927 0
outer loop
vertex -35.661163330078125 -55.413997650146484 0
vertex -35.661163330078125 -55.413997650146484 -4
vertex -35.76955032348633 -55.576210021972656 0
endloop
endfacet
facet normal -0.555566285064051 0.8314722502285505 0
outer loop
vertex -35.76955032348633 -55.576210021972656 0
vertex -35.76955032348633 -55.576210021972656 -4
vertex -35.931758880615234 -55.684593200683594 0
endloop
endfacet
facet normal 0 0 -1
outer loop
vertex -41.22310256958008 -55.72265625 -4
vertex -35.62310028076172 -56.92265319824219 -4
vertex -41.22310256958008 -56.92265319824219 -4
endloop
endfacet
facet normal -0.007193270138980207 0.9999741280976762 0
outer loop
vertex -35.931758880615234 -55.684593200683594 0
vertex -41.22310256958008 -55.72265625 -4
vertex -41.22310256958008 -55.72265625 0
endloop
endfacet
facet normal 1 0 0
outer loop
vertex -42.023101806640625 -56.92265319824219 -1.6661099195480347
vertex -42.023101806640625 -56.92265319824219 -4
vertex -42.023101806640625 -55.72265625 0
endloop
endfacet
facet normal -1 0 0
outer loop
vertex -41.22310256958008 -55.92265319824219 0
vertex -41.22310256958008 -55.72265625 0
vertex -41.22310256958008 -55.72265625 -4
endloop
endfacet
facet normal -1 0 0
outer loop
vertex -41.22310256958008 -56.18571853637695 -0.2630630135536194
vertex -41.22310256958008 -55.92265319824219 0
vertex -41.22310256958008 -55.72265625 -4
endloop
endfacet
facet normal -1 0 0
outer loop
vertex -41.22310256958008 -56.92265319824219 -1.6661099195480347
vertex -41.22310256958008 -57.591217041015625 -1.5949000120162964
vertex -41.22310256958008 -57.591217041015625 -0.4050999879837036
endloop
endfacet
facet normal -1 0 0
outer loop
vertex -41.22310256958008 -57.591217041015625 -1.5949000120162964
vertex -41.22310256958008 -58.38766098022461 -1.5
vertex -41.22310256958008 -57.591217041015625 -0.4050999879837036
endloop
endfacet
facet normal 1 0 0
outer loop
vertex -42.023101806640625 -57.591217041015625 -1.5949000120162964
vertex -42.023101806640625 -56.92265319824219 -1.6661099195480347
vertex -42.023101806640625 -56.79365158081055 -0.32014966011047363
endloop
endfacet
facet normal 1 0 0
outer loop
vertex -42.023101806640625 -58.38766098022461 -1.5
vertex -42.023101806640625 -57.591217041015625 -1.5949000120162964
vertex -42.023101806640625 -57.591217041015625 -0.4050999879837036
endloop
endfacet
facet normal 0 0 -1
outer loop
vertex -40.702449798583984 50.261680603027344 -3.5
vertex -40.79163360595703 50.09483337402344 -3.5
vertex -42.54698181152344 51.033084869384766 -3.5
endloop
endfacet
facet normal 0.773014890337251 0.634387877656003 0
outer loop
vertex -42.33020782470703 49.943294525146484 -6.182936191558838
vertex -42.45457077026367 50.09483337402344 -6.167810440063477
vertex -42.45457077026367 50.09483337402344 -3.5
endloop
endfacet
facet normal 0 0 -1
outer loop
vertex -41.06753158569336 49.818931579589844 -3.5
vertex -41.24041748046875 49.726524353027344 -3.5
vertex -42.54698181152344 51.033084869384766 -3.5
endloop
endfacet
facet normal 0 0 -1
outer loop
vertex -42.54698181152344 51.033084869384766 -3.5
vertex -42.62310028076172 50.6504020690918 -3.5
vertex -42.603885650634766 50.84549331665039 -3.5
endloop
endfacet
facet normal 0 0 -1
outer loop
vertex -42.603885650634766 50.4553108215332 -3.5
vertex -42.62310028076172 50.6504020690918 -3.5
vertex -42.54698181152344 51.033084869384766 -3.5
endloop
endfacet
facet normal 0 0 -1
outer loop
vertex -41.24041748046875 49.726524353027344 -3.5
vertex -41.42801284790039 49.66961669921875 -3.5
vertex -42.54698181152344 51.033084869384766 -3.5
endloop
endfacet
facet normal 0 0 -1
outer loop
vertex -41.42801284790039 49.66961669921875 -3.5
vertex -41.62310028076172 49.6504020690918 -3.5
vertex -42.54698181152344 51.033084869384766 -3.5
endloop
endfacet
facet normal 0 0 -1
outer loop
vertex -41.62310028076172 49.6504020690918 -3.5
vertex -41.81819152832031 49.66961669921875 -3.5
vertex -42.54698181152344 51.033084869384766 -3.5
endloop
endfacet
facet normal 0 0 -1
outer loop
vertex -41.81819152832031 49.66961669921875 -3.5
vertex -42.00578689575195 49.726524353027344 -3.5
vertex -42.54698181152344 51.033084869384766 -3.5
endloop
endfacet
facet normal 0 0 -1
outer loop
vertex -42.54698181152344 51.033084869384766 -3.5
vertex -42.33020782470703 49.943294525146484 -3.5
vertex -42.45457077026367 50.09483337402344 -3.5
endloop
endfacet
facet normal 0 0 -1
outer loop
vertex -42.178672790527344 49.818931579589844 -3.5
vertex -42.33020782470703 49.943294525146484 -3.5
vertex -42.54698181152344 51.033084869384766 -3.5
endloop
endfacet
facet normal 0 0 -1
outer loop
vertex -42.54698181152344 50.26771926879883 -3.5
vertex -42.603885650634766 50.4553108215332 -3.5
vertex -42.54698181152344 51.033084869384766 -3.5
endloop
endfacet
facet normal 0 0 -1
outer loop
vertex -42.45457077026367 50.09483337402344 -3.5
vertex -42.54698181152344 50.26771926879883 -3.5
vertex -42.54698181152344 51.033084869384766 -3.5
endloop
endfacet
facet normal 0 0 -1
outer loop
vertex -42.00578689575195 49.726524353027344 -3.5
vertex -42.178672790527344 49.818931579589844 -3.5
vertex -42.54698181152344 51.033084869384766 -3.5
endloop
endfacet
facet normal -0.8819166375822968 0.4714053927942868 0
outer loop
vertex -40.702449798583984 50.261680603027344 -3.5
vertex -40.702449798583984 50.261680603027344 -5.385471343994141
vertex -40.79163360595703 50.09483337402344 -3.5
endloop
endfacet
facet normal -0.773014890337251 0.634387877656003 0
outer loop
vertex -40.79163360595703 50.09483337402344 -3.5
vertex -40.79163360595703 50.09483337402344 -5.611483573913574
vertex -40.91599655151367 49.943294525146484 -3.5
endloop
endfacet
facet normal -0.6343974203505326 0.7730070588633648 0
outer loop
vertex -40.91599655151367 49.943294525146484 -3.5
vertex -40.91599655151367 49.943294525146484 -5.83545446395874
vertex -41.06753158569336 49.818931579589844 -3.5
endloop
endfacet
facet normal 0.9569423709767578 -0.290277967867665 0
outer loop
vertex -42.603885650634766 50.84549331665039 -3.5
vertex -42.603885650634766 50.84549331665039 -5.54910945892334
vertex -42.54698181152344 51.033084869384766 -3.5
endloop
endfacet
facet normal 0.471387970526712 0.8819259499769284 0
outer loop
vertex -42.00578689575195 49.726524353027344 -6.204572677612305
vertex -42.178672790527344 49.818931579589844 -6.195349216461182
vertex -42.178672790527344 49.818931579589844 -3.5
endloop
endfacet
facet normal 0.29029038193910456 0.9569386052164731 0
outer loop
vertex -41.81819152832031 49.66961669921875 -6.21025276184082
vertex -42.00578689575195 49.726524353027344 -6.204572677612305
vertex -42.00578689575195 49.726524353027344 -3.5
endloop
endfacet
facet normal 0.09801622777686084 0.9951848165503706 0
outer loop
vertex -41.81819152832031 49.66961669921875 -6.21025276184082
vertex -41.81819152832031 49.66961669921875 -3.5
vertex -41.62310028076172 49.6504020690918 -6.212170600891113
endloop
endfacet
facet normal -0.09801812595133512 0.9951846295964324 0
outer loop
vertex -41.42801284790039 49.66961669921875 -6.21025276184082
vertex -41.62310028076172 49.6504020690918 -6.212170600891113
vertex -41.62310028076172 49.6504020690918 -3.5
endloop
endfacet
facet normal -0.30496528141171975 0.9523634690250726 0
outer loop
vertex -41.225650787353516 49.73441696166992 -6.203784942626953
vertex -41.42801284790039 49.66961669921875 -6.21025276184082
vertex -41.42801284790039 49.66961669921875 -3.5
endloop
endfacet
facet normal -0.47138863755064425 0.8819255934534069 -5.835808725833989e-8
outer loop
vertex -41.06753158569336 49.818931579589844 -6.040596961975098
vertex -41.225650787353516 49.73441696166992 -6.203784942626953
vertex -41.24041748046875 49.726524353027344 -3.5
endloop
endfacet
facet normal 0.471387970526712 0.8819259499769284 0
outer loop
vertex -42.00578689575195 49.726524353027344 -3.5
vertex -42.00578689575195 49.726524353027344 -6.204572677612305
vertex -42.178672790527344 49.818931579589844 -3.5
endloop
endfacet
facet normal 0.29029038193910456 0.9569386052164731 0
outer loop
vertex -41.81819152832031 49.66961669921875 -3.5
vertex -41.81819152832031 49.66961669921875 -6.21025276184082
vertex -42.00578689575195 49.726524353027344 -3.5
endloop
endfacet
facet normal 0.9951848165503704 -0.09801622777686082 0
outer loop
vertex -42.62310028076172 50.6504020690918 -3.5
vertex -42.62310028076172 50.6504020690918 -5.776699542999268
vertex -42.603885650634766 50.84549331665039 -3.5
endloop
endfacet
facet normal 0.9951848165503705 0.09801622777686082 0
outer loop
vertex -42.603885650634766 50.4553108215332 -3.5
vertex -42.603885650634766 50.4553108215332 -5.9877190589904785
vertex -42.62310028076172 50.6504020690918 -3.5
endloop
endfacet
facet normal 0.9569423709767303 0.2902779678676567 -2.3997176062516847e-7
outer loop
vertex -42.54698181152344 50.26771926879883 -3.5
vertex -42.554962158203125 50.29402542114258 -6.147928714752197
vertex -42.603885650634766 50.4553108215332 -3.5
endloop
endfacet
facet normal 0.6343974203505326 0.7730070588633648 0
outer loop
vertex -42.178672790527344 49.818931579589844 -3.5
vertex -42.178672790527344 49.818931579589844 -6.195349216461182
vertex -42.33020782470703 49.943294525146484 -3.5
endloop
endfacet
facet normal 0 0 -1
outer loop
vertex -40.79163360595703 50.09483337402344 -3.5
vertex -40.91599655151367 49.943294525146484 -3.5
vertex -42.54698181152344 51.033084869384766 -3.5
endloop
endfacet
facet normal 0 0 -1
outer loop
vertex -40.91599655151367 49.943294525146484 -3.5
vertex -41.06753158569336 49.818931579589844 -3.5
vertex -42.54698181152344 51.033084869384766 -3.5
endloop
endfacet
facet normal 0.773014890337251 0.634387877656003 0
outer loop
vertex -42.33020782470703 49.943294525146484 -3.5
vertex -42.33020782470703 49.943294525146484 -6.182936191558838
vertex -42.45457077026367 50.09483337402344 -3.5
endloop
endfacet
facet normal 0.881917860019375 0.4714031058222316 0
outer loop
vertex -42.45457077026367 50.09483337402344 -3.5
vertex -42.45457077026367 50.09483337402344 -6.167810440063477
vertex -42.54698181152344 50.26771926879883 -3.5
endloop
endfacet
facet normal -0.8819166375822968 0.47140539279428684 0
outer loop
vertex -40.702449798583984 50.261680603027344 -5.385471343994141
vertex -40.79163360595703 50.09483337402344 -5.611483573913574
vertex -40.79163360595703 50.09483337402344 -3.5
endloop
endfacet
facet normal -0.773014890337251 0.634387877656003 0
outer loop
vertex -40.79163360595703 50.09483337402344 -5.611483573913574
vertex -40.91599655151367 49.943294525146484 -5.83545446395874
vertex -40.91599655151367 49.943294525146484 -3.5
endloop
endfacet
facet normal -0.6343974203505326 0.7730070588633648 0
outer loop
vertex -40.91599655151367 49.943294525146484 -5.83545446395874
vertex -41.06753158569336 49.818931579589844 -6.040596961975098
vertex -41.06753158569336 49.818931579589844 -3.5
endloop
endfacet
facet normal 0.9569423709767579 -0.2902779678676651 0
outer loop
vertex -42.603885650634766 50.84549331665039 -5.54910945892334
vertex -42.54698181152344 51.033084869384766 -5.313694477081299
vertex -42.54698181152344 51.033084869384766 -3.5
endloop
endfacet
facet normal 0.9951848165503705 -0.09801622777686082 0
outer loop
vertex -42.62310028076172 50.6504020690918 -5.776699542999268
vertex -42.603885650634766 50.84549331665039 -5.54910945892334
vertex -42.603885650634766 50.84549331665039 -3.5
endloop
endfacet
facet normal 0.9951848165503704 0.09801622777686082 0
outer loop
vertex -42.603885650634766 50.4553108215332 -5.9877190589904785
vertex -42.62310028076172 50.6504020690918 -5.776699542999268
vertex -42.62310028076172 50.6504020690918 -3.5
endloop
endfacet
facet normal 0.9569434653589731 0.29027436005744633 0
outer loop
vertex -42.603885650634766 50.4553108215332 -3.5
vertex -42.554962158203125 50.29402542114258 -6.147928714752197
vertex -42.603885650634766 50.4553108215332 -5.9877190589904785
endloop
endfacet
facet normal 0.09801622777686081 0.9951848165503704 0
outer loop
vertex -41.62310028076172 49.6504020690918 -3.5
vertex -41.62310028076172 49.6504020690918 -6.212170600891113
vertex -41.81819152832031 49.66961669921875 -3.5
endloop
endfacet
facet normal -0.09801812595133513 0.9951846295964324 0
outer loop
vertex -41.42801284790039 49.66961669921875 -3.5
vertex -41.42801284790039 49.66961669921875 -6.21025276184082
vertex -41.62310028076172 49.6504020690918 -3.5
endloop
endfacet
facet normal -0.2902901701418739 0.9569379070295571 0.0012079771904508724
outer loop
vertex -41.24041748046875 49.726524353027344 -3.5
vertex -41.225650787353516 49.73441696166992 -6.203784942626953
vertex -41.42801284790039 49.66961669921875 -3.5
endloop
endfacet
facet normal -0.471387970526712 0.8819259499769284 0
outer loop
vertex -41.24041748046875 49.726524353027344 -3.5
vertex -41.06753158569336 49.818931579589844 -3.5
vertex -41.06753158569336 49.818931579589844 -6.040596961975098
endloop
endfacet
facet normal 0.6343974203505326 0.7730070588633648 0
outer loop
vertex -42.178672790527344 49.818931579589844 -6.195349216461182
vertex -42.33020782470703 49.943294525146484 -6.182936191558838
vertex -42.33020782470703 49.943294525146484 -3.5
endloop
endfacet
facet normal 0.8930662773523979 0.44992161763713645 0.0017782684589904164
outer loop
vertex -42.45457077026367 50.09483337402344 -6.167810440063477
vertex -42.554962158203125 50.29402542114258 -6.147928714752197
vertex -42.54698181152344 50.26771926879883 -3.5
endloop
endfacet
facet normal 0 0 -1
outer loop
vertex 56.35143280029297 24.252676010131836 -3.5
vertex 56.294525146484375 24.44026756286621 -3.5
vertex 56.443843841552734 24.079788208007812 -3.5
endloop
endfacet
facet normal -0.773010974644484 0.6343926489794667 0
outer loop
vertex 58.106781005859375 24.079788208007812 -8.619587898254395
vertex 57.982418060302734 23.928251266479492 -8.779582977294922
vertex 57.982418060302734 23.928251266479492 -3.5
endloop
endfacet
facet normal -0.9569423709767578 0.2902779678676651 0
outer loop
vertex 58.25609588623047 24.44026756286621 -3.5
vertex 58.25609588623047 24.44026756286621 -8.178890228271484
vertex 58.19919204711914 24.252676010131836 -3.5
endloop
endfacet
facet normal -0.8819200221301811 0.4713990608453744 0
outer loop
vertex 58.19919204711914 24.252676010131836 -3.5
vertex 58.19919204711914 24.252676010131836 -8.40818977355957
vertex 58.106781005859375 24.079788208007812 -3.5
endloop
endfacet
facet normal -0.773010974644484 0.6343926489794667 0
outer loop
vertex 58.106781005859375 24.079788208007812 -3.5
vertex 58.106781005859375 24.079788208007812 -8.619587898254395
vertex 57.982418060302734 23.928251266479492 -3.5
endloop
endfacet
facet normal 0 0 -1
outer loop
vertex 56.443843841552734 24.079788208007812 -3.5
vertex 56.294525146484375 24.44026756286621 -3.5
vertex 56.27531051635742 24.635358810424805 -3.5
endloop
endfacet
facet normal 0 0 -1
outer loop
vertex 56.89262771606445 23.71147918701172 -3.5
vertex 56.71974182128906 23.80388832092285 -3.5
vertex 56.27531051635742 24.635358810424805 -3.5
endloop
endfacet
facet normal 0 0 -1
outer loop
vertex 57.080223083496094 23.654573440551758 -3.5
vertex 56.89262771606445 23.71147918701172 -3.5
vertex 56.27531051635742 24.635358810424805 -3.5
endloop
endfacet
facet normal 0 0 -1
outer loop
vertex 57.27531051635742 23.635358810424805 -3.5
vertex 57.080223083496094 23.654573440551758 -3.5
vertex 56.27531051635742 24.635358810424805 -3.5
endloop
endfacet
facet normal 0 0 -1
outer loop
vertex 56.568206787109375 23.928251266479492 -3.5
vertex 56.443843841552734 24.079788208007812 -3.5
vertex 56.27531051635742 24.635358810424805 -3.5
endloop
endfacet
facet normal 0 0 -1
outer loop
vertex 56.71974182128906 23.80388832092285 -3.5
vertex 56.568206787109375 23.928251266479492 -3.5
vertex 56.27531051635742 24.635358810424805 -3.5
endloop
endfacet
facet normal 0 0 -1
outer loop
vertex 57.470401763916016 23.654573440551758 -3.5
vertex 57.27531051635742 23.635358810424805 -3.5
vertex 56.27531051635742 24.635358810424805 -3.5
endloop
endfacet
facet normal 0 0 -1
outer loop
vertex 57.65799331665039 23.71147918701172 -3.5
vertex 57.470401763916016 23.654573440551758 -3.5
vertex 56.27531051635742 24.635358810424805 -3.5
endloop
endfacet
facet normal 0 0 -1
outer loop
vertex 57.83088302612305 23.80388832092285 -3.5
vertex 57.65799331665039 23.71147918701172 -3.5
vertex 56.27531051635742 24.635358810424805 -3.5
endloop
endfacet
facet normal 0 0 -1
outer loop
vertex 57.982418060302734 23.928251266479492 -3.5
vertex 57.83088302612305 23.80388832092285 -3.5
vertex 56.27531051635742 24.635358810424805 -3.5
endloop
endfacet
facet normal 0 0 -1
outer loop
vertex 58.106781005859375 24.079788208007812 -3.5
vertex 57.982418060302734 23.928251266479492 -3.5
vertex 56.27531051635742 24.635358810424805 -3.5
endloop
endfacet
facet normal 0 0 -1
outer loop
vertex 58.19919204711914 24.252676010131836 -3.5
vertex 58.106781005859375 24.079788208007812 -3.5
vertex 56.27531051635742 24.635358810424805 -3.5
endloop
endfacet
facet normal 0 0 -1
outer loop
vertex 58.25609588623047 24.44026756286621 -3.5
vertex 58.19919204711914 24.252676010131836 -3.5
vertex 56.27531051635742 24.635358810424805 -3.5
endloop
endfacet
facet normal 0 0 -1
outer loop
vertex 58.275150299072266 24.63370132446289 -3.5
vertex 58.25609588623047 24.44026756286621 -3.5
vertex 56.27531051635742 24.635358810424805 -3.5
endloop
endfacet
facet normal -0.09801622777686082 0.9951848165503705 0
outer loop
vertex 57.470401763916016 23.654573440551758 -3.5
vertex 57.470401763916016 23.654573440551758 -8.806899070739746
vertex 57.27531051635742 23.635358810424805 -3.5
endloop
endfacet
facet normal 0.9951848165503704 0.09801622777686081 0
outer loop
vertex 56.294525146484375 24.44026756286621 -3.5
vertex 56.294525146484375 24.44026756286621 -8.182539939880371
vertex 56.27531051635742 24.635358810424805 -3.5
endloop
endfacet
facet normal 0.8819200221301811 0.4713990608453744 0
outer loop
vertex 56.443843841552734 24.079788208007812 -3.5
vertex 56.443843841552734 24.079788208007812 -8.622682571411133
vertex 56.35143280029297 24.252676010131836 -3.5
endloop
endfacet
facet normal -0.29028687775715967 0.9569396682142506 0
outer loop
vertex 57.65799331665039 23.71147918701172 -3.5
vertex 57.65799331665039 23.71147918701172 -8.80121898651123
vertex 57.470401763916016 23.654573440551758 -3.5
endloop
endfacet
facet normal 0.9569369653840532 0.2902957875711588 0
outer loop
vertex 56.35143280029297 24.252676010131836 -3.5
vertex 56.35143280029297 24.252676010131836 -8.411627769470215
vertex 56.294525146484375 24.44026756286621 -3.5
endloop
endfacet
facet normal -0.6343974203505326 0.7730070588633648 0
outer loop
vertex 57.982418060302734 23.928251266479492 -3.5
vertex 57.982418060302734 23.928251266479492 -8.779582977294922
vertex 57.83088302612305 23.80388832092285 -3.5
endloop
endfacet
facet normal -0.47138744838798496 0.881926229059021 0
outer loop
vertex 57.83088302612305 23.80388832092285 -3.5
vertex 57.83088302612305 23.80388832092285 -8.791996002197266
vertex 57.65799331665039 23.71147918701172 -3.5
endloop
endfacet
facet normal 0.29028147226048184 0.9569413079506428 0
outer loop
vertex 57.080223083496094 23.654573440551758 -3.5
vertex 57.080223083496094 23.654573440551758 -8.806899070739746
vertex 56.89262771606445 23.71147918701172 -3.5
endloop
endfacet
facet normal 0.09801812595133512 0.9951846295964323 0
outer loop
vertex 57.27531051635742 23.635358810424805 -3.5
vertex 57.27531051635742 23.635358810424805 -8.808816909790039
vertex 57.080223083496094 23.654573440551758 -3.5
endloop
endfacet
facet normal 0.47139553822653585 0.8819219050120676 0
outer loop
vertex 56.89262771606445 23.71147918701172 -3.5
vertex 56.89262771606445 23.71147918701172 -8.80121898651123
vertex 56.71974182128906 23.80388832092285 -3.5
endloop
endfacet
facet normal 0.6343974203505326 0.7730070588633648 0
outer loop
vertex 56.71974182128906 23.80388832092285 -3.5
vertex 56.71974182128906 23.80388832092285 -8.791996002197266
vertex 56.568206787109375 23.928251266479492 -3.5
endloop
endfacet
facet normal 0.7730109746444265 0.6343926489794195 -3.858784263312514e-7
outer loop
vertex 56.568206787109375 23.928251266479492 -3.5
vertex 56.54768753051758 23.953250885009766 -8.777087211608887
vertex 56.443843841552734 24.079788208007812 -3.5
endloop
endfacet
facet normal -0.9951832961820365 0.09803166325354774 0
outer loop
vertex 58.275150299072266 24.63370132446289 -7.9425272941589355
vertex 58.25609588623047 24.44026756286621 -8.178890228271484
vertex 58.25609588623047 24.44026756286621 -3.5
endloop
endfacet
facet normal -0.9569423709767578 0.290277967867665 0
outer loop
vertex 58.25609588623047 24.44026756286621 -8.178890228271484
vertex 58.19919204711914 24.252676010131836 -8.40818977355957
vertex 58.19919204711914 24.252676010131836 -3.5
endloop
endfacet
facet normal -0.8819200221301811 0.4713990608453744 0
outer loop
vertex 58.19919204711914 24.252676010131836 -8.40818977355957
vertex 58.106781005859375 24.079788208007812 -8.619587898254395
vertex 58.106781005859375 24.079788208007812 -3.5
endloop
endfacet
facet normal -0.9951832961820366 0.09803166325354776 0
outer loop
vertex 58.275150299072266 24.63370132446289 -3.5
vertex 58.275150299072266 24.63370132446289 -7.9425272941589355
vertex 58.25609588623047 24.44026756286621 -3.5
endloop
endfacet
facet normal 0.6556044734931634 0.7551037793399178 0.0010279894575165988
outer loop
vertex 56.71974182128906 23.80388832092285 -8.791996002197266
vertex 56.54768753051758 23.953250885009766 -8.777087211608887
vertex 56.568206787109375 23.928251266479492 -3.5
endloop
endfacet
facet normal 0.4713955382265359 0.8819219050120677 0
outer loop
vertex 56.89262771606445 23.71147918701172 -8.80121898651123
vertex 56.71974182128906 23.80388832092285 -8.791996002197266
vertex 56.71974182128906 23.80388832092285 -3.5
endloop
endfacet
facet normal 0.7730188663536514 0.6343830327659431 0
outer loop
vertex 56.443843841552734 24.079788208007812 -3.5
vertex 56.54768753051758 23.953250885009766 -8.777087211608887
vertex 56.443843841552734 24.079788208007812 -8.622682571411133
endloop
endfacet
facet normal 0.8819200221301811 0.4713990608453744 0
outer loop
vertex 56.443843841552734 24.079788208007812 -8.622682571411133
vertex 56.35143280029297 24.252676010131836 -8.411627769470215
vertex 56.35143280029297 24.252676010131836 -3.5
endloop
endfacet
facet normal 0.9569369653840532 0.2902957875711588 0
outer loop
vertex 56.35143280029297 24.252676010131836 -8.411627769470215
vertex 56.294525146484375 24.44026756286621 -8.182539939880371
vertex 56.294525146484375 24.44026756286621 -3.5
endloop
endfacet
facet normal 0.9953534792794143 0.09628834822414742 0.00007268170136170117
outer loop
vertex 56.294525146484375 24.44026756286621 -8.182539939880371
vertex 56.275474548339844 24.63701629638672 -7.942196369171143
vertex 56.27531051635742 24.635358810424805 -3.5
endloop
endfacet
facet normal 0.09801812595133512 0.9951846295964323 0
outer loop
vertex 57.27531051635742 23.635358810424805 -8.808816909790039
vertex 57.080223083496094 23.654573440551758 -8.806899070739746
vertex 57.080223083496094 23.654573440551758 -3.5
endloop
endfacet
facet normal -0.09801622777686082 0.9951848165503705 0
outer loop
vertex 57.470401763916016 23.654573440551758 -8.806899070739746
vertex 57.27531051635742 23.635358810424805 -8.808816909790039
vertex 57.27531051635742 23.635358810424805 -3.5
endloop
endfacet
facet normal 0.2902814722604818 0.9569413079506428 0
outer loop
vertex 57.080223083496094 23.654573440551758 -8.806899070739746
vertex 56.89262771606445 23.71147918701172 -8.80121898651123
vertex 56.89262771606445 23.71147918701172 -3.5
endloop
endfacet
facet normal -0.2902868777571596 0.9569396682142504 0
outer loop
vertex 57.65799331665039 23.71147918701172 -8.80121898651123
vertex 57.470401763916016 23.654573440551758 -8.806899070739746
vertex 57.470401763916016 23.654573440551758 -3.5
endloop
endfacet
facet normal -0.4713874483879849 0.881926229059021 0
outer loop
vertex 57.83088302612305 23.80388832092285 -8.791996002197266
vertex 57.65799331665039 23.71147918701172 -8.80121898651123
vertex 57.65799331665039 23.71147918701172 -3.5
endloop
endfacet
facet normal -0.6343974203505326 0.7730070588633648 0
outer loop
vertex 57.982418060302734 23.928251266479492 -8.779582977294922
vertex 57.83088302612305 23.80388832092285 -8.791996002197266
vertex 57.83088302612305 23.80388832092285 -3.5
endloop
endfacet
facet normal -0.7994011822752013 0.6007975946831099 0
outer loop
vertex -42.23316955566406 51.77637481689453 -2.4000000953674316
vertex -42.728599548339844 51.11717224121094 -2.5
vertex -42.728599548339844 51.11717224121094 -1.100000023841858
endloop
endfacet
facet normal 0.3889737997009373 0.9212488171749342 0
outer loop
vertex -40.39067459106445 50.99842834472656 -2.4000000953674316
vertex -42.23316955566406 51.77637481689453 -2.4000000953674316
vertex -40.39067459106445 50.99842834472656 -1.2000000476837158
endloop
endfacet
facet normal 0.9880825329153555 -0.15392500819416996 0
outer loop
vertex -40.39067459106445 50.99842834472656 -2.4000000953674316
vertex -40.39067459106445 50.99842834472656 -1.2000000476837158
vertex -40.51760482788086 50.183631896972656 -2.5
endloop
endfacet
facet normal 0.3889737997009373 0.9212488171749342 0
outer loop
vertex -40.39067459106445 50.99842834472656 -1.2000000476837158
vertex -42.23316955566406 51.77637481689453 -2.4000000953674316
vertex -42.23316955566406 51.77637481689453 -1.2000000476837158
endloop
endfacet
facet normal 0.9880825329153556 -0.15392500819417 0
outer loop
vertex -40.51760482788086 50.183631896972656 -2.5
vertex -40.39067459106445 50.99842834472656 -1.2000000476837158
vertex -40.51760482788086 50.183631896972656 -1.100000023841858
endloop
endfacet
facet normal -0.7994011822752013 0.6007975946831099 0
outer loop
vertex -42.23316955566406 51.77637481689453 -2.4000000953674316
vertex -42.728599548339844 51.11717224121094 -1.100000023841858
vertex -42.23316955566406 51.77637481689453 -1.2000000476837158
endloop
endfacet
facet normal 0.04824625647941148 0.114266318554157 -0.9922779384727863
outer loop
vertex -40.51760482788086 50.183631896972656 -2.5
vertex -42.728599548339844 51.11717224121094 -2.5
vertex -40.39067459106445 50.99842834472656 -2.4000000953674316
endloop
endfacet
facet normal 0.048246283218422246 0.11426690276371142 -0.9922778698975385
outer loop
vertex -40.39067459106445 50.99842834472656 -2.4000000953674316
vertex -42.728599548339844 51.11717224121094 -2.5
vertex -42.23316955566406 51.77637481689453 -2.4000000953674316
endloop
endfacet
facet normal 0.048246507102322256 0.11426691212886 0.9922778579334324
outer loop
vertex -40.51760482788086 50.183631896972656 -1.100000023841858
vertex -42.23316955566406 51.77637481689453 -1.2000000476837158
vertex -42.728599548339844 51.11717224121094 -1.100000023841858
endloop
endfacet
facet normal 0.04824610705595822 0.1142664855390507 0.9922779265087474
outer loop
vertex -42.23316955566406 51.77637481689453 -1.2000000476837158
vertex -40.51760482788086 50.183631896972656 -1.100000023841858
vertex -40.39067459106445 50.99842834472656 -1.2000000476837158
endloop
endfacet
facet normal 0.00020570423473938165 0.12403480370677508 0.9922778467522037
outer loop
vertex 56.27663803100586 25.437015533447266 -1.2000000476837158
vertex 58.475311279296875 24.63336944580078 -1.100000023841858
vertex 58.27663803100586 25.433698654174805 -1.2000000476837158
endloop
endfacet
facet normal 0.00020562521874648718 0.1240345908420505 0.9922778733766638
outer loop
vertex 56.27663803100586 25.437015533447266 -1.2000000476837158
vertex 56.075313568115234 24.637348175048828 -1.100000023841858
vertex 58.475311279296875 24.63336944580078 -1.100000023841858
endloop
endfacet
facet normal 0.9705432216004564 0.24092707403985847 0
outer loop
vertex 58.475311279296875 24.63336944580078 -2.5
vertex 58.27663803100586 25.433698654174805 -1.2000000476837158
vertex 58.475311279296875 24.63336944580078 -1.100000023841858
endloop
endfacet
facet normal 0.0016584373555307203 0.9999986247918232 0
outer loop
vertex 58.27663803100586 25.433698654174805 -1.2000000476837158
vertex 56.27663803100586 25.437015533447266 -2.4000000953674316
vertex 56.27663803100586 25.437015533447266 -1.2000000476837158
endloop
endfacet
facet normal 0.9705432216004564 0.2409270740398585 0
outer loop
vertex 58.27663803100586 25.433698654174805 -2.4000000953674316
vertex 58.27663803100586 25.433698654174805 -1.2000000476837158
vertex 58.475311279296875 24.63336944580078 -2.5
endloop
endfacet
facet normal 0.0016584373555307203 0.9999986247918232 0
outer loop
vertex 58.27663803100586 25.433698654174805 -2.4000000953674316
vertex 56.27663803100586 25.437015533447266 -2.4000000953674316
vertex 58.27663803100586 25.433698654174805 -1.2000000476837158
endloop
endfacet
facet normal -0.9697395240598199 0.24414187571212365 0
outer loop
vertex 56.27663803100586 25.437015533447266 -2.4000000953674316
vertex 56.075313568115234 24.637348175048828 -1.100000023841858
vertex 56.27663803100586 25.437015533447266 -1.2000000476837158
endloop
endfacet
facet normal -0.9697395240598199 0.24414187571212365 0
outer loop
vertex 56.27663803100586 25.437015533447266 -2.4000000953674316
vertex 56.075313568115234 24.637348175048828 -2.5
vertex 56.075313568115234 24.637348175048828 -1.100000023841858
endloop
endfacet
facet normal 0.0002056252983970617 0.12403463888784216 -0.9922778673709292
outer loop
vertex 56.075313568115234 24.637348175048828 -2.5
vertex 58.27663803100586 25.433698654174805 -2.4000000953674316
vertex 58.475311279296875 24.63336944580078 -2.5
endloop
endfacet
facet normal 0.00020570360794200146 0.12403442576273267 -0.9922778939952934
outer loop
vertex 58.27663803100586 25.433698654174805 -2.4000000953674316
vertex 56.075313568115234 24.637348175048828 -2.5
vertex 56.27663803100586 25.437015533447266 -2.4000000953674316
endloop
endfacet
endsolid auto-kdk-case
